Row ID,Order ID,Order Date,Ship Date,Ship Mode,Customer ID,Customer Name,Segment,Country,City,State,Postal Code,Region,Product ID,Category,Sub-Category,Product Name,Sales,Quantity,Discount,Profit
1,CA-2016-152156,11/8/2016,11/11/2016,Second Class,CG-12520,Claire Gute,Consumer,United States,Henderson,Kentucky,42420,South,FUR-BO-10001798,Furniture,Bookcases,Bush Somerset Collection Bookcase,261.96,2,0.0,41.9136
2,CA-2016-152156,11/8/2016,11/11/2016,Second Class,CG-12520,Claire Gute,Consumer,United States,Henderson,Kentucky,42420,South,FUR-CH-10000454,Furniture,Chairs,"Hon Deluxe Fabric Upholstered Stacking Chairs, Rounded Back",731.94,3,0.0,219.582
4,US-2015-108966,10/11/2015,10/18/2015,Standard Class,SO-20335,Sean O'Donnell,Consumer,United States,Fort Lauderdale,Florida,33311,South,FUR-TA-10000577,Furniture,Tables,Bretford CR4500 Series Slim Rectangular Table,957.5775,5,0.45,-383.031
5,US-2015-108966,10/11/2015,10/18/2015,Standard Class,SO-20335,Sean O'Donnell,Consumer,United States,Fort Lauderdale,Florida,33311,South,OFF-ST-10000760,Office Supplies,Storage,Eldon Fold 'N Roll Cart System,22.368,2,0.2,2.5164
13,CA-2017-114412,4/15/2017,4/20/2017,Standard Class,AA-10480,Andrew Allen,Consumer,United States,Concord,North Carolina,28027,South,OFF-PA-10002365,Office Supplies,Paper,Xerox 1967,15.552,3,0.2,5.4432
44,CA-2017-139619,9/19/2017,9/23/2017,Standard Class,ES-14080,Erin Smith,Corporate,United States,Melbourne,Florida,32935,South,OFF-ST-10003282,Office Supplies,Storage,"Advantus 10-Drawer Portable Organizer, Chrome Metal Frame, Smoke Drawers",95.616,2,0.2,9.5616
70,CA-2016-119823,6/4/2016,6/6/2016,First Class,KD-16270,Karen Daniels,Consumer,United States,Springfield,Virginia,22153,South,OFF-PA-10000482,Office Supplies,Paper,"Snap-A-Way Black Print Carbonless Ruled Speed Letter, Triplicate",75.88,2,0.0,35.6636
73,US-2015-134026,4/26/2015,5/2/2015,Standard Class,JE-15745,Joel Eaton,Consumer,United States,Memphis,Tennessee,38109,South,FUR-CH-10000513,Furniture,Chairs,High-Back Leather Manager's Chair,831.936,8,0.2,-114.3912
74,US-2015-134026,4/26/2015,5/2/2015,Standard Class,JE-15745,Joel Eaton,Consumer,United States,Memphis,Tennessee,38109,South,FUR-FU-10003708,Furniture,Furnishings,"Tenex Traditional Chairmats for Medium Pile Carpet, Standard Lip, 36"" x 48""",97.04,2,0.2,1.213
75,US-2015-134026,4/26/2015,5/2/2015,Standard Class,JE-15745,Joel Eaton,Consumer,United States,Memphis,Tennessee,38109,South,OFF-ST-10004123,Office Supplies,Storage,Safco Industrial Wire Shelving System,72.784,1,0.2,-18.196
80,CA-2016-127208,6/12/2016,6/15/2016,First Class,SC-20770,Stewart Carmichael,Corporate,United States,Decatur,Alabama,35601,South,OFF-AP-10002118,Office Supplies,Appliances,"1.7 Cubic Foot Compact ""Cube"" Office Refrigerators",208.16,1,0.0,56.2032
81,CA-2016-127208,6/12/2016,6/15/2016,First Class,SC-20770,Stewart Carmichael,Corporate,United States,Decatur,Alabama,35601,South,OFF-BI-10002309,Office Supplies,Binders,Avery Heavy-Duty EZD  Binder With Locking Rings,16.74,3,0.0,8.0352
84,CA-2015-149734,9/3/2015,9/8/2015,Standard Class,JC-16105,Julie Creighton,Corporate,United States,Durham,North Carolina,27707,South,OFF-EN-10000927,Office Supplies,Envelopes,Jet-Pak Recycled Peel 'N' Seal Padded Mailers,200.984,7,0.2,62.8075
86,CA-2017-140088,5/28/2017,5/30/2017,Second Class,PO-18865,Patrick O'Donnell,Consumer,United States,Columbia,South Carolina,29203,South,FUR-CH-10000863,Furniture,Chairs,Novimex Swivel Fabric Task Chair,301.96,2,0.0,33.2156
107,CA-2017-119004,11/23/2017,11/28/2017,Standard Class,JM-15250,Janet Martin,Consumer,United States,Charlotte,North Carolina,28205,South,TEC-AC-10003499,Technology,Accessories,Memorex Mini Travel Drive 8 GB USB 2.0 Flash Drive,74.112,8,0.2,17.6016
108,CA-2017-119004,11/23/2017,11/28/2017,Standard Class,JM-15250,Janet Martin,Consumer,United States,Charlotte,North Carolina,28205,South,TEC-PH-10002844,Technology,Phones,Speck Products Candyshell Flip Case,27.992,1,0.2,2.0994
109,CA-2017-119004,11/23/2017,11/28/2017,Standard Class,JM-15250,Janet Martin,Consumer,United States,Charlotte,North Carolina,28205,South,OFF-AR-10000390,Office Supplies,Art,Newell Chalk Holder,3.304,1,0.2,1.0738
119,US-2015-136476,4/5/2015,4/10/2015,Standard Class,GG-14650,Greg Guthrie,Corporate,United States,Bristol,Tennessee,37620,South,OFF-BI-10003650,Office Supplies,Binders,GBC DocuBind 300 Electric Binding Machine,157.794,1,0.7,-115.7156
183,CA-2014-158274,11/19/2014,11/24/2014,Second Class,RM-19675,Robert Marley,Home Office,United States,Monroe,Louisiana,71203,South,TEC-PH-10003273,Technology,Phones,AT&T TR1909W,503.96,4,0.0,131.0296
184,CA-2014-158274,11/19/2014,11/24/2014,Second Class,RM-19675,Robert Marley,Home Office,United States,Monroe,Louisiana,71203,South,TEC-PH-10004896,Technology,Phones,Nokia Lumia 521 (T-Mobile),149.95,5,0.0,41.986
185,CA-2014-158274,11/19/2014,11/24/2014,Second Class,RM-19675,Robert Marley,Home Office,United States,Monroe,Louisiana,71203,South,TEC-AC-10002345,Technology,Accessories,HP Standard 104 key PS/2 Keyboard,29.0,2,0.0,7.25
205,CA-2017-126382,6/3/2017,6/7/2017,Standard Class,HK-14890,Heather Kirkland,Corporate,United States,Franklin,Tennessee,37064,South,FUR-FU-10002960,Furniture,Furnishings,"Eldon 200 Class Desk Accessories, Burgundy",35.168,7,0.2,9.6712
229,US-2015-145436,2/28/2015,3/4/2015,Standard Class,VD-21670,Valerie Dominguez,Consumer,United States,Columbia,Tennessee,38401,South,FUR-CH-10004860,Furniture,Chairs,Global Low Back Tilter Chair,161.568,2,0.2,-28.2744
230,US-2015-145436,2/28/2015,3/4/2015,Standard Class,VD-21670,Valerie Dominguez,Consumer,United States,Columbia,Tennessee,38401,South,FUR-CH-10004477,Furniture,Chairs,"Global Push Button Manager's Chair, Indigo",389.696,8,0.2,43.8408
231,US-2014-156216,9/13/2014,9/17/2014,Standard Class,EA-14035,Erin Ashbrook,Corporate,United States,Charlotte,North Carolina,28205,South,OFF-BI-10001679,Office Supplies,Binders,GBC Instant Index System for Binding Systems,18.648,7,0.7,-12.432
232,US-2017-100930,4/7/2017,4/12/2017,Standard Class,CS-12400,Christopher Schild,Home Office,United States,Tampa,Florida,33614,South,FUR-TA-10001705,Furniture,Tables,Bush Advantage Collection Round Conference Table,233.86,2,0.45,-102.048
233,US-2017-100930,4/7/2017,4/12/2017,Standard Class,CS-12400,Christopher Schild,Home Office,United States,Tampa,Florida,33614,South,FUR-TA-10003473,Furniture,Tables,Bretford Rectangular Conference Table Tops,620.6145,3,0.45,-248.2458
234,US-2017-100930,4/7/2017,4/12/2017,Standard Class,CS-12400,Christopher Schild,Home Office,United States,Tampa,Florida,33614,South,OFF-BI-10001679,Office Supplies,Binders,GBC Instant Index System for Binding Systems,5.328,2,0.7,-3.552
235,US-2017-100930,4/7/2017,4/12/2017,Standard Class,CS-12400,Christopher Schild,Home Office,United States,Tampa,Florida,33614,South,FUR-FU-10004017,Furniture,Furnishings,"Tenex Contemporary Contur Chairmats for Low and Medium Pile Carpet, Computer, 39"" x 49""",258.072,3,0.2,0.0
236,US-2017-100930,4/7/2017,4/12/2017,Standard Class,CS-12400,Christopher Schild,Home Office,United States,Tampa,Florida,33614,South,TEC-AC-10003832,Technology,Accessories,Logitech P710e Mobile Speakerphone,617.976,3,0.2,-7.7247
267,CA-2017-136826,6/16/2017,6/20/2017,Standard Class,CB-12535,Claudia Bergmann,Corporate,United States,Chapel Hill,North Carolina,27514,South,OFF-AR-10003602,Office Supplies,Art,"Quartet Omega Colored Chalk, 12/Pack",14.016,3,0.2,4.7304
287,CA-2016-112697,12/18/2016,12/20/2016,Second Class,AH-10195,Alan Haines,Corporate,United States,Tamarac,Florida,33319,South,OFF-BI-10000778,Office Supplies,Binders,GBC VeloBinder Electric Binding Machine,254.058,7,0.7,-169.372
288,CA-2016-112697,12/18/2016,12/20/2016,Second Class,AH-10195,Alan Haines,Corporate,United States,Tamarac,Florida,33319,South,OFF-AP-10002684,Office Supplies,Appliances,"Acco 7-Outlet Masterpiece Power Center, Wihtout Fax/Phone Line Protection",194.528,2,0.2,24.316
289,CA-2016-112697,12/18/2016,12/20/2016,Second Class,AH-10195,Alan Haines,Corporate,United States,Tamarac,Florida,33319,South,OFF-SU-10000646,Office Supplies,Supplies,Premier Automatic Letter Opener,961.48,5,0.2,-204.3145
309,CA-2017-126774,4/15/2017,4/17/2017,First Class,SH-20395,Shahid Hopkins,Consumer,United States,Arlington,Virginia,22204,South,OFF-AR-10002804,Office Supplies,Art,Faber Castell Col-Erase Pencils,4.89,1,0.0,2.0049
315,CA-2014-167850,8/9/2014,8/16/2014,Standard Class,AG-10525,Andy Gerbode,Corporate,United States,Saint Petersburg,Florida,33710,South,TEC-PH-10002398,Technology,Phones,AT&T 1070 Corded Phone,178.384,2,0.2,22.298
316,CA-2014-167850,8/9/2014,8/16/2014,Standard Class,AG-10525,Andy Gerbode,Corporate,United States,Saint Petersburg,Florida,33710,South,OFF-PA-10001937,Office Supplies,Paper,Xerox 21,15.552,3,0.2,5.4432
326,CA-2017-153339,11/3/2017,11/5/2017,Second Class,DJ-13510,Don Jones,Corporate,United States,Murfreesboro,Tennessee,37130,South,FUR-FU-10001967,Furniture,Furnishings,Telescoping Adjustable Floor Lamp,15.992,1,0.2,0.9995
359,CA-2016-130001,4/23/2016,4/28/2016,Standard Class,HK-14890,Heather Kirkland,Corporate,United States,Charlotte,North Carolina,28205,South,OFF-PA-10002666,Office Supplies,Paper,Southworth 25% Cotton Linen-Finish Paper & Envelopes,36.24,5,0.2,11.325
360,CA-2017-155698,3/8/2017,3/11/2017,First Class,VB-21745,Victoria Brennan,Corporate,United States,Columbus,Georgia,31907,South,OFF-AP-10001124,Office Supplies,Appliances,Belkin 8 Outlet SurgeMaster II Gold Surge Protector with Phone Protection,647.84,8,0.0,168.4384
361,CA-2017-155698,3/8/2017,3/11/2017,First Class,VB-21745,Victoria Brennan,Corporate,United States,Columbus,Georgia,31907,South,OFF-LA-10001158,Office Supplies,Labels,"Avery Address/Shipping Labels for Typewriters, 4"" x 2""",20.7,2,0.0,9.936
385,US-2015-168935,11/27/2015,12/2/2015,Standard Class,DO-13435,Denny Ordway,Consumer,United States,Pembroke Pines,Florida,33024,South,FUR-TA-10000617,Furniture,Tables,"Hon Practical Foundations 30 x 60 Training Table, Light Gray/Charcoal",375.4575,3,0.45,-157.0095
386,US-2015-168935,11/27/2015,12/2/2015,Standard Class,DO-13435,Denny Ordway,Consumer,United States,Pembroke Pines,Florida,33024,South,TEC-AC-10002335,Technology,Accessories,Logitech Media Keyboard K200,83.976,3,0.2,-1.0497
403,CA-2014-113166,12/24/2014,12/26/2014,First Class,LF-17185,Luke Foster,Consumer,United States,Miami,Florida,33180,South,OFF-PA-10001947,Office Supplies,Paper,Xerox 1974,9.568,2,0.2,3.4684
404,CA-2014-155208,4/16/2014,4/20/2014,Standard Class,SP-20650,Stephanie Phelps,Corporate,United States,Wilmington,North Carolina,28403,South,OFF-AR-10003478,Office Supplies,Art,"Avery Hi-Liter EverBold Pen Style Fluorescent Highlighters, 4/Pack",39.072,6,0.2,9.768
419,CA-2017-154816,11/6/2017,11/10/2017,Standard Class,VB-21745,Victoria Brennan,Corporate,United States,Richmond,Kentucky,40475,South,OFF-PA-10003845,Office Supplies,Paper,Xerox 1987,5.78,1,0.0,2.8322
425,CA-2017-155705,8/21/2017,8/23/2017,Second Class,NF-18385,Natalie Fritzler,Consumer,United States,Jackson,Mississippi,39212,South,FUR-CH-10000015,Furniture,Chairs,Hon Multipurpose Stacking Arm Chairs,866.4,4,0.0,225.264
430,US-2016-123750,4/15/2016,4/21/2016,Standard Class,RB-19795,Ross Baird,Home Office,United States,Gastonia,North Carolina,28052,South,OFF-BI-10004584,Office Supplies,Binders,GBC ProClick 150 Presentation Binding System,189.588,2,0.7,-145.3508
431,US-2016-123750,4/15/2016,4/21/2016,Standard Class,RB-19795,Ross Baird,Home Office,United States,Gastonia,North Carolina,28052,South,TEC-AC-10004659,Technology,Accessories,Imation Secure+ Hardware Encrypted USB 2.0 Flash Drive; 16GB,408.744,7,0.2,76.6395
432,US-2016-123750,4/15/2016,4/21/2016,Standard Class,RB-19795,Ross Baird,Home Office,United States,Gastonia,North Carolina,28052,South,TEC-AC-10004659,Technology,Accessories,Imation Secure+ Hardware Encrypted USB 2.0 Flash Drive; 16GB,291.96,5,0.2,54.7425
433,US-2016-123750,4/15/2016,4/21/2016,Standard Class,RB-19795,Ross Baird,Home Office,United States,Gastonia,North Carolina,28052,South,OFF-ST-10000617,Office Supplies,Storage,Woodgrain Magazine Files by Perma,4.768,2,0.2,-0.7748
435,US-2014-150574,12/19/2014,12/25/2014,Standard Class,MK-18160,Mike Kennedy,Consumer,United States,Jacksonville,Florida,32216,South,OFF-BI-10000773,Office Supplies,Binders,Insertable Tab Post Binder Dividers,4.812,2,0.7,-3.6892
436,US-2014-150574,12/19/2014,12/25/2014,Standard Class,MK-18160,Mike Kennedy,Consumer,United States,Jacksonville,Florida,32216,South,TEC-AC-10002600,Technology,Accessories,Belkin QODE FastFit Bluetooth Keyboard,247.8,5,0.2,-18.585
495,US-2016-120929,3/18/2016,3/21/2016,Second Class,RO-19780,Rose O'Brian,Consumer,United States,Memphis,Tennessee,38109,South,FUR-TA-10001857,Furniture,Tables,Balt Solid Wood Rectangular Table,189.882,3,0.4,-94.941
496,CA-2015-134782,12/27/2015,12/31/2015,Standard Class,MD-17350,Maribeth Dona,Consumer,United States,Fayetteville,Arkansas,72701,South,OFF-EN-10001434,Office Supplies,Envelopes,"Strathmore #10 Envelopes, Ultimate White",105.42,2,0.0,51.6558
507,CA-2015-145352,3/16/2015,3/22/2015,Standard Class,CM-12385,Christopher Martinez,Consumer,United States,Atlanta,Georgia,30318,South,OFF-AR-10001662,Office Supplies,Art,Rogers Handheld Barrel Pencil Sharpener,2.74,1,0.0,0.7398
508,CA-2015-145352,3/16/2015,3/22/2015,Standard Class,CM-12385,Christopher Martinez,Consumer,United States,Atlanta,Georgia,30318,South,OFF-AR-10003856,Office Supplies,Art,Newell 344,8.34,3,0.0,2.1684
509,CA-2015-145352,3/16/2015,3/22/2015,Standard Class,CM-12385,Christopher Martinez,Consumer,United States,Atlanta,Georgia,30318,South,OFF-ST-10001228,Office Supplies,Storage,Personal File Boxes with Fold-Down Carry Handle,46.74,3,0.0,11.685
510,CA-2015-145352,3/16/2015,3/22/2015,Standard Class,CM-12385,Christopher Martinez,Consumer,United States,Atlanta,Georgia,30318,South,OFF-BI-10003527,Office Supplies,Binders,Fellowes PB500 Electric Punch Plastic Comb Binding Machine with Manual Bind,6354.95,5,0.0,3177.475
527,CA-2017-113558,10/21/2017,10/26/2017,Standard Class,PH-18790,Patricia Hirasaki,Home Office,United States,Lakeland,Florida,33801,South,FUR-CH-10003379,Furniture,Chairs,Global Commerce Series High-Back Swivel/Tilt Chairs,683.952,3,0.2,42.747
528,CA-2017-113558,10/21/2017,10/26/2017,Standard Class,PH-18790,Patricia Hirasaki,Home Office,United States,Lakeland,Florida,33801,South,FUR-FU-10001756,Furniture,Furnishings,"Eldon Expressions Desk Accessory, Wood Photo Frame, Mahogany",45.696,3,0.2,5.1408
534,CA-2016-168753,5/29/2016,6/1/2016,Second Class,RL-19615,Rob Lucas,Consumer,United States,Montgomery,Alabama,36116,South,TEC-PH-10000984,Technology,Phones,Panasonic KX-TG9471B,979.95,5,0.0,274.386
535,CA-2016-168753,5/29/2016,6/1/2016,Second Class,RL-19615,Rob Lucas,Consumer,United States,Montgomery,Alabama,36116,South,OFF-BI-10002557,Office Supplies,Binders,Presstex Flexible Ring Binders,22.75,5,0.0,11.375
539,CA-2015-134894,12/7/2015,12/11/2015,Standard Class,DK-12985,Darren Koutras,Consumer,United States,Henderson,Kentucky,42420,South,OFF-AP-10001271,Office Supplies,Appliances,Eureka The Boss Cordless Rechargeable Stick Vac,152.94,3,0.0,41.2938
540,CA-2015-134894,12/7/2015,12/11/2015,Standard Class,DK-12985,Darren Koutras,Consumer,United States,Henderson,Kentucky,42420,South,FUR-CH-10002647,Furniture,Chairs,"Situations Contoured Folding Chairs, 4/Set",283.92,4,0.0,70.98
553,CA-2017-112774,9/11/2017,9/12/2017,First Class,RC-19960,Ryan Crowe,Consumer,United States,Jacksonville,Florida,32216,South,FUR-FU-10003039,Furniture,Furnishings,"Howard Miller 11-1/2"" Diameter Grantwood Wall Clock",34.504,1,0.2,6.0382
556,CA-2014-155852,3/3/2014,3/7/2014,Second Class,AJ-10945,Ashley Jarboe,Consumer,United States,Wilmington,North Carolina,28403,South,OFF-AR-10003560,Office Supplies,Art,Zebra Zazzle Fluorescent Highlighters,19.456,4,0.2,3.4048
562,CA-2014-145576,9/14/2014,9/18/2014,Second Class,CA-12775,Cynthia Arntzen,Consumer,United States,Tampa,Florida,33614,South,OFF-AP-10003914,Office Supplies,Appliances,"Sanitaire Vibra Groomer IR Commercial Upright Vacuum, Replacement Belts",13.0,5,0.2,1.3
563,CA-2014-145576,9/14/2014,9/18/2014,Second Class,CA-12775,Cynthia Arntzen,Consumer,United States,Tampa,Florida,33614,South,FUR-FU-10004020,Furniture,Furnishings,Advantus Panel Wall Acrylic Frame,13.128,3,0.2,3.7743
587,CA-2015-128139,7/3/2015,7/9/2015,Standard Class,BD-11725,Bruce Degenhardt,Consumer,United States,Richmond,Kentucky,40475,South,FUR-CH-10003956,Furniture,Chairs,Novimex High-Tech Fabric Mesh Task Chair,70.98,1,0.0,4.9686
588,CA-2015-128139,7/3/2015,7/9/2015,Standard Class,BD-11725,Bruce Degenhardt,Consumer,United States,Richmond,Kentucky,40475,South,OFF-LA-10003930,Office Supplies,Labels,"Dot Matrix Printer Tape Reel Labels, White, 5000/Box",294.93,3,0.0,144.5157
603,CA-2014-149958,3/15/2014,3/19/2014,Standard Class,AS-10240,Alan Shonely,Consumer,United States,Tampa,Florida,33614,South,OFF-ST-10001490,Office Supplies,Storage,"Hot File 7-Pocket, Floor Stand",142.776,1,0.2,17.847
604,CA-2014-149958,3/15/2014,3/19/2014,Standard Class,AS-10240,Alan Shonely,Consumer,United States,Tampa,Florida,33614,South,FUR-FU-10001756,Furniture,Furnishings,"Eldon Expressions Desk Accessory, Wood Photo Frame, Mahogany",45.696,3,0.2,5.1408
605,CA-2014-149958,3/15/2014,3/19/2014,Standard Class,AS-10240,Alan Shonely,Consumer,United States,Tampa,Florida,33614,South,OFF-BI-10000773,Office Supplies,Binders,Insertable Tab Post Binder Dividers,7.218,3,0.7,-5.5338
606,CA-2014-149958,3/15/2014,3/19/2014,Standard Class,AS-10240,Alan Shonely,Consumer,United States,Tampa,Florida,33614,South,OFF-BI-10001543,Office Supplies,Binders,GBC VeloBinder Manual Binding System,43.188,4,0.7,-31.6712
607,CA-2014-149958,3/15/2014,3/19/2014,Standard Class,AS-10240,Alan Shonely,Consumer,United States,Tampa,Florida,33614,South,OFF-PA-10002120,Office Supplies,Paper,Xerox 1889,131.904,3,0.2,47.8152
634,CA-2017-144694,9/24/2017,9/26/2017,Second Class,BD-11605,Brian Dahlen,Consumer,United States,Miami,Florida,33180,South,TEC-AC-10002857,Technology,Accessories,"Verbatim 25 GB 6x Blu-ray Single Layer Recordable Disc, 1/Pack",17.88,3,0.2,2.4585
635,CA-2017-144694,9/24/2017,9/26/2017,Second Class,BD-11605,Brian Dahlen,Consumer,United States,Miami,Florida,33180,South,OFF-LA-10003930,Office Supplies,Labels,"Dot Matrix Printer Tape Reel Labels, White, 5000/Box",235.944,3,0.2,85.5297
636,CA-2015-168004,10/4/2015,10/9/2015,Second Class,DJ-13420,Denny Joy,Corporate,United States,Warner Robins,Georgia,31088,South,FUR-CH-10001482,Furniture,Chairs,Office Star - Mesh Screen back chair with Vinyl seat,392.94,3,0.0,43.2234
665,CA-2016-143308,11/4/2016,11/4/2016,Same Day,RC-19825,Roy Collins,Consumer,United States,Louisville,Kentucky,40214,South,OFF-FA-10000621,Office Supplies,Fasteners,"OIC Colored Binder Clips, Assorted Sizes",10.74,3,0.0,5.2626
684,US-2017-168116,11/4/2017,11/4/2017,Same Day,GT-14635,Grant Thornton,Corporate,United States,Burlington,North Carolina,27217,South,TEC-MA-10004125,Technology,Machines,Cubify CubeX 3D Printer Triple Head Print,7999.98,4,0.5,-3839.9904
685,US-2017-168116,11/4/2017,11/4/2017,Same Day,GT-14635,Grant Thornton,Corporate,United States,Burlington,North Carolina,27217,South,OFF-AP-10002457,Office Supplies,Appliances,"Eureka The Boss Plus 12-Amp Hard Box Upright Vacuum, Red",167.44,2,0.2,14.651
686,CA-2014-157784,7/5/2014,7/8/2014,First Class,MC-17845,Michael Chen,Consumer,United States,Jackson,Mississippi,39212,South,TEC-AC-10003911,Technology,Accessories,NETGEAR AC1750 Dual Band Gigabit Smart WiFi Router,479.97,3,0.0,163.1898
687,CA-2014-157784,7/5/2014,7/8/2014,First Class,MC-17845,Michael Chen,Consumer,United States,Jackson,Mississippi,39212,South,OFF-LA-10001934,Office Supplies,Labels,Avery 516,14.62,2,0.0,6.8714
688,CA-2014-157784,7/5/2014,7/8/2014,First Class,MC-17845,Michael Chen,Consumer,United States,Jackson,Mississippi,39212,South,OFF-PA-10000304,Office Supplies,Paper,Xerox 1995,19.44,3,0.0,9.3312
690,US-2014-117135,6/21/2014,6/23/2014,Second Class,NP-18325,Naresj Patel,Consumer,United States,Waynesboro,Virginia,22980,South,FUR-FU-10004071,Furniture,Furnishings,Luxo Professional Magnifying Clamp-On Fluorescent Lamps,104.01,1,0.0,14.5614
691,US-2014-117135,6/21/2014,6/23/2014,Second Class,NP-18325,Naresj Patel,Consumer,United States,Waynesboro,Virginia,22980,South,TEC-PH-10002033,Technology,Phones,Konftel 250 Conference phone - Charcoal black,284.82,1,0.0,74.0532
692,US-2014-117135,6/21/2014,6/23/2014,Second Class,NP-18325,Naresj Patel,Consumer,United States,Waynesboro,Virginia,22980,South,OFF-ST-10002444,Office Supplies,Storage,Recycled Eldon Regeneration Jumbo File,36.84,3,0.0,10.3152
705,CA-2014-138527,9/12/2014,9/17/2014,Standard Class,BN-11470,Brad Norvell,Corporate,United States,Cary,North Carolina,27511,South,OFF-PA-10001800,Office Supplies,Paper,Xerox 220,10.368,2,0.2,3.6288
706,CA-2014-138527,9/12/2014,9/17/2014,Standard Class,BN-11470,Brad Norvell,Corporate,United States,Cary,North Carolina,27511,South,OFF-AP-10001469,Office Supplies,Appliances,Fellowes 8 Outlet Superior Workstation Surge Protector,166.84,5,0.2,18.7695
707,CA-2014-138527,9/12/2014,9/17/2014,Standard Class,BN-11470,Brad Norvell,Corporate,United States,Cary,North Carolina,27511,South,TEC-AC-10002399,Technology,Accessories,SanDisk Cruzer 32 GB USB Flash Drive,15.216,1,0.2,2.2824
712,CA-2017-146136,9/3/2017,9/7/2017,Standard Class,AP-10915,Arthur Prichep,Consumer,United States,Palm Coast,Florida,32137,South,OFF-EN-10001219,Office Supplies,Envelopes,"#10- 4 1/8"" x 9 1/2"" Security-Tint Envelopes",24.448,4,0.2,8.8624
725,CA-2016-114713,7/7/2016,7/12/2016,Standard Class,SC-20695,Steve Chapman,Corporate,United States,Hialeah,Florida,33012,South,OFF-SU-10004664,Office Supplies,Supplies,Acme Softgrip Scissors,45.584,7,0.2,5.1282
756,CA-2016-140928,9/18/2016,9/22/2016,Standard Class,NB-18655,Nona Balk,Corporate,United States,Jacksonville,Florida,32216,South,FUR-TA-10001095,Furniture,Tables,Chromcraft Round Conference Tables,383.438,4,0.45,-167.3184
762,CA-2017-126046,11/3/2017,11/7/2017,Standard Class,JC-16105,Julie Creighton,Corporate,United States,Atlanta,Georgia,30318,South,OFF-LA-10004484,Office Supplies,Labels,Avery 476,12.39,3,0.0,5.6994
764,CA-2014-162775,1/13/2014,1/15/2014,Second Class,CS-12250,Chris Selesnick,Corporate,United States,Bossier City,Louisiana,71111,South,OFF-EN-10001990,Office Supplies,Envelopes,Staple envelope,11.36,2,0.0,5.3392
765,CA-2014-162775,1/13/2014,1/15/2014,Second Class,CS-12250,Chris Selesnick,Corporate,United States,Bossier City,Louisiana,71111,South,OFF-EN-10001532,Office Supplies,Envelopes,Brown Kraft Recycled Envelopes,50.94,3,0.0,25.47
766,CA-2014-162775,1/13/2014,1/15/2014,Second Class,CS-12250,Chris Selesnick,Corporate,United States,Bossier City,Louisiana,71111,South,TEC-AC-10003174,Technology,Accessories,Plantronics S12 Corded Telephone Headset System,646.74,6,0.0,258.696
767,CA-2014-162775,1/13/2014,1/15/2014,Second Class,CS-12250,Chris Selesnick,Corporate,United States,Bossier City,Louisiana,71111,South,OFF-BI-10004187,Office Supplies,Binders,3-ring staple pack,5.64,3,0.0,2.7072
768,CA-2014-162775,1/13/2014,1/15/2014,Second Class,CS-12250,Chris Selesnick,Corporate,United States,Bossier City,Louisiana,71111,South,OFF-ST-10000025,Office Supplies,Storage,Fellowes Stor/Drawer Steel Plus Storage Drawers,572.58,6,0.0,34.3548
769,CA-2014-106810,5/14/2014,5/20/2014,Standard Class,AJ-10795,Anthony Johnson,Corporate,United States,Saint Petersburg,Florida,33710,South,FUR-FU-10004306,Furniture,Furnishings,Electrix Halogen Magnifier Lamp,310.88,2,0.2,23.316
770,CA-2016-157245,5/19/2016,5/24/2016,Standard Class,LE-16810,Laurel Elliston,Consumer,United States,Arlington,Virginia,22204,South,FUR-CH-10003746,Furniture,Chairs,Hon 4070 Series Pagoda Round Back Stacking Chairs,641.96,2,0.0,179.7488
786,CA-2015-154921,5/23/2015,5/28/2015,Standard Class,EA-14035,Erin Ashbrook,Corporate,United States,Columbia,South Carolina,29203,South,OFF-EN-10000056,Office Supplies,Envelopes,Cameo Buff Policy Envelopes,186.69,3,0.0,87.7443
789,CA-2015-115938,6/26/2015,6/30/2015,Standard Class,SA-20830,Sue Ann Reed,Consumer,United States,Richmond,Virginia,23223,South,OFF-BI-10001543,Office Supplies,Binders,GBC VeloBinder Manual Binding System,143.96,4,0.0,69.1008
790,CA-2015-115938,6/26/2015,6/30/2015,Standard Class,SA-20830,Sue Ann Reed,Consumer,United States,Richmond,Virginia,23223,South,OFF-ST-10001321,Office Supplies,Storage,"Decoflex Hanging Personal Folder File, Blue",15.42,1,0.0,4.1634
791,CA-2015-115938,6/26/2015,6/30/2015,Standard Class,SA-20830,Sue Ann Reed,Consumer,United States,Richmond,Virginia,23223,South,OFF-BI-10001132,Office Supplies,Binders,"Acco PRESSTEX Data Binder with Storage Hooks, Dark Blue, 9 1/2"" X 11""",43.04,8,0.0,21.0896
792,CA-2015-115938,6/26/2015,6/30/2015,Standard Class,SA-20830,Sue Ann Reed,Consumer,United States,Richmond,Virginia,23223,South,FUR-CH-10003199,Furniture,Chairs,Office Star - Contemporary Task Swivel Chair,332.94,3,0.0,79.9056
793,CA-2016-105256,5/20/2016,5/20/2016,Same Day,JK-15730,Joe Kamberova,Consumer,United States,Asheville,North Carolina,28806,South,TEC-PH-10001530,Technology,Phones,Cisco Unified IP Phone 7945G VoIP phone,1363.96,5,0.2,85.2475
804,CA-2016-115504,3/12/2016,3/17/2016,Standard Class,MC-18130,Mike Caudle,Corporate,United States,Monroe,Louisiana,71203,South,OFF-PA-10003953,Office Supplies,Paper,Xerox 218,12.96,2,0.0,6.2208
830,CA-2017-129462,6/16/2017,6/21/2017,Second Class,JE-15745,Joel Eaton,Consumer,United States,Florence,Kentucky,41042,South,FUR-CH-10000665,Furniture,Chairs,"Global Airflow Leather Mesh Back Chair, Black",301.96,2,0.0,90.588
831,CA-2017-129462,6/16/2017,6/21/2017,Second Class,JE-15745,Joel Eaton,Consumer,United States,Florence,Kentucky,41042,South,OFF-AP-10003884,Office Supplies,Appliances,"Fellowes Smart Surge Ten-Outlet Protector, Platinum",180.66,3,0.0,50.5848
832,CA-2017-129462,6/16/2017,6/21/2017,Second Class,JE-15745,Joel Eaton,Consumer,United States,Florence,Kentucky,41042,South,TEC-PH-10001557,Technology,Phones,Pyle PMP37LED,191.98,2,0.0,51.8346
833,CA-2017-129462,6/16/2017,6/21/2017,Second Class,JE-15745,Joel Eaton,Consumer,United States,Florence,Kentucky,41042,South,TEC-PH-10002085,Technology,Phones,Clarity 53712,65.99,1,0.0,17.1574
834,CA-2016-165316,7/23/2016,7/27/2016,Standard Class,JB-15400,Jennifer Braxton,Corporate,United States,Tampa,Florida,33614,South,OFF-AR-10002956,Office Supplies,Art,Boston 16801 Nautilus Battery Pencil Sharpener,35.216,2,0.2,2.6412
835,CA-2016-165316,7/23/2016,7/27/2016,Standard Class,JB-15400,Jennifer Braxton,Corporate,United States,Tampa,Florida,33614,South,OFF-AP-10003266,Office Supplies,Appliances,"Holmes Replacement Filter for HEPA Air Cleaner, Large Room",23.696,2,0.2,6.5164
836,CA-2016-165316,7/23/2016,7/27/2016,Standard Class,JB-15400,Jennifer Braxton,Corporate,United States,Tampa,Florida,33614,South,TEC-MA-10004002,Technology,Machines,Zebra GX420t Direct Thermal/Thermal Transfer Printer,265.475,1,0.5,-111.4995
838,US-2017-156083,11/4/2017,11/11/2017,Standard Class,JL-15175,James Lanier,Home Office,United States,Columbia,Tennessee,38401,South,OFF-PA-10001560,Office Supplies,Paper,"Adams Telephone Message Books, 5 1/4 x 11",9.664,2,0.2,3.2616
847,CA-2015-114300,10/13/2015,10/17/2015,Standard Class,AF-10885,Art Foster,Consumer,United States,Louisville,Kentucky,40214,South,TEC-PH-10001552,Technology,Phones,I Need's 3d Hello Kitty Hybrid Silicone Case Cover for HTC One X 4g with 3d Hello Kitty Stylus Pen Green/pink,83.72,7,0.0,23.4416
848,CA-2015-114300,10/13/2015,10/17/2015,Standard Class,AF-10885,Art Foster,Consumer,United States,Louisville,Kentucky,40214,South,FUR-CH-10001891,Furniture,Chairs,Global Deluxe Office Fabric Chairs,287.94,3,0.0,77.7438
853,CA-2016-113747,5/28/2016,6/4/2016,Standard Class,VD-21670,Valerie Dominguez,Consumer,United States,Jackson,Mississippi,39212,South,OFF-AR-10003373,Office Supplies,Art,"Boston School Pro Electric Pencil Sharpener, 1670",185.88,6,0.0,50.1876
863,CA-2016-134474,1/5/2016,1/7/2016,Second Class,AJ-10795,Anthony Johnson,Corporate,United States,Jacksonville,Florida,32216,South,TEC-AC-10001714,Technology,Accessories,Logitech MX Performance Wireless Mouse,191.472,6,0.2,40.6878
864,CA-2016-134474,1/5/2016,1/7/2016,Second Class,AJ-10795,Anthony Johnson,Corporate,United States,Jacksonville,Florida,32216,South,OFF-AR-10003958,Office Supplies,Art,Newell 337,5.248,2,0.2,0.5904
865,CA-2016-134474,1/5/2016,1/7/2016,Second Class,AJ-10795,Anthony Johnson,Corporate,United States,Jacksonville,Florida,32216,South,TEC-PH-10002923,Technology,Phones,"Logitech B530 USB Headset - headset - Full size, Binaural",59.184,2,0.2,5.1786
866,CA-2014-149020,1/10/2014,1/15/2014,Standard Class,AJ-10780,Anthony Jacobs,Corporate,United States,Springfield,Virginia,22153,South,OFF-LA-10004272,Office Supplies,Labels,Avery 482,2.89,1,0.0,1.3583
867,CA-2014-149020,1/10/2014,1/15/2014,Standard Class,AJ-10780,Anthony Jacobs,Corporate,United States,Springfield,Virginia,22153,South,FUR-FU-10000965,Furniture,Furnishings,"Howard Miller 11-1/2"" Diameter Ridgewood Wall Clock",51.94,1,0.0,21.2954
875,CA-2017-114636,8/25/2017,8/29/2017,Standard Class,GA-14725,Guy Armstrong,Consumer,United States,Charlotte,North Carolina,28205,South,OFF-PA-10001790,Office Supplies,Paper,Xerox 1910,192.16,5,0.2,67.256
882,CA-2015-129098,10/9/2015,10/13/2015,Standard Class,DK-13090,Dave Kipp,Consumer,United States,Springfield,Virginia,22153,South,OFF-ST-10001321,Office Supplies,Storage,"Decoflex Hanging Personal Folder File, Blue",30.84,2,0.0,8.3268
921,CA-2014-138296,12/5/2014,12/12/2014,Standard Class,RC-19825,Roy Collins,Consumer,United States,Alexandria,Virginia,22304,South,OFF-ST-10002444,Office Supplies,Storage,Recycled Eldon Regeneration Jumbo File,24.56,2,0.0,6.8768
928,CA-2015-115091,10/5/2015,10/9/2015,Standard Class,JJ-15760,Joel Jenkins,Home Office,United States,Springfield,Virginia,22153,South,OFF-AR-10000658,Office Supplies,Art,Newell 324,46.2,4,0.0,12.936
929,CA-2015-115091,10/5/2015,10/9/2015,Standard Class,JJ-15760,Joel Jenkins,Home Office,United States,Springfield,Virginia,22153,South,OFF-AP-10000696,Office Supplies,Appliances,Holmes Odor Grabber,28.84,2,0.0,9.5172
956,CA-2017-119305,11/30/2017,12/4/2017,Standard Class,SW-20275,Scott Williamson,Consumer,United States,Jackson,Mississippi,39212,South,OFF-ST-10000604,Office Supplies,Storage,Home/Office Personal File Carts,173.8,5,0.0,43.45
962,CA-2015-160059,11/27/2015,12/1/2015,Standard Class,TB-21190,Thomas Brumley,Home Office,United States,Fayetteville,Arkansas,72701,South,OFF-BI-10000145,Office Supplies,Binders,Zipper Ring Binder Pockets,6.24,2,0.0,3.0576
964,CA-2014-127488,9/22/2014,9/24/2014,Second Class,MS-17365,Maribeth Schnelling,Consumer,United States,Boca Raton,Florida,33433,South,OFF-LA-10001613,Office Supplies,Labels,Avery File Folder Labels,4.608,2,0.2,1.6704
979,CA-2016-145499,5/30/2016,5/31/2016,First Class,RW-19690,Robert Waldorf,Consumer,United States,Wilmington,North Carolina,28403,South,OFF-BI-10000848,Office Supplies,Binders,Angle-D Ring Binders,3.282,2,0.7,-2.6256
991,CA-2015-153549,3/29/2015,3/31/2015,Second Class,SL-20155,Sara Luxemburg,Home Office,United States,Jacksonville,Florida,32216,South,FUR-CH-10004086,Furniture,Chairs,Hon 4070 Series Pagoda Armless Upholstered Stacking Chairs,1166.92,5,0.2,131.2785
995,CA-2014-117639,5/21/2014,5/25/2014,Standard Class,MW-18235,Mitch Willingham,Corporate,United States,Virginia Beach,Virginia,23464,South,OFF-BI-10003925,Office Supplies,Binders,Fellowes PB300 Plastic Comb Binding Machine,2715.93,7,0.0,1276.4871
996,CA-2014-117639,5/21/2014,5/25/2014,Standard Class,MW-18235,Mitch Willingham,Corporate,United States,Virginia Beach,Virginia,23464,South,TEC-PH-10001530,Technology,Phones,Plantronics Voyager Pro Legend,617.97,3,0.0,173.0316
997,CA-2015-162537,10/28/2015,11/3/2015,Standard Class,RD-19585,Rob Dowd,Consumer,United States,Henderson,Kentucky,42420,South,OFF-EN-10003862,Office Supplies,Envelopes,Laser & Ink Jet Business Envelopes,10.67,1,0.0,4.9082
998,CA-2015-162537,10/28/2015,11/3/2015,Standard Class,RD-19585,Rob Dowd,Consumer,United States,Henderson,Kentucky,42420,South,OFF-ST-10004258,Office Supplies,Storage,Portable Personal File Box,36.63,3,0.0,9.8901
999,CA-2015-162537,10/28/2015,11/3/2015,Standard Class,RD-19585,Rob Dowd,Consumer,United States,Henderson,Kentucky,42420,South,FUR-FU-10002885,Furniture,Furnishings,Magna Visual Magnetic Picture Hangers,24.1,5,0.0,9.158
1000,CA-2015-162537,10/28/2015,11/3/2015,Standard Class,RD-19585,Rob Dowd,Consumer,United States,Henderson,Kentucky,42420,South,FUR-FU-10001918,Furniture,Furnishings,C-Line Cubicle Keepers Polyproplyene Holder With Velcro Backings,33.11,7,0.0,12.9129
1006,CA-2015-111199,11/13/2015,11/17/2015,Standard Class,JK-15730,Joe Kamberova,Consumer,United States,Jacksonville,North Carolina,28540,South,OFF-PA-10001790,Office Supplies,Paper,Xerox 1910,115.296,3,0.2,40.3536
1039,CA-2017-121818,11/20/2017,11/21/2017,First Class,JH-15430,Jennifer Halladay,Consumer,United States,Burlington,North Carolina,27217,South,OFF-AR-10000203,Office Supplies,Art,Newell 336,23.968,7,0.2,2.6964
1040,CA-2017-121818,11/20/2017,11/21/2017,First Class,JH-15430,Jennifer Halladay,Consumer,United States,Burlington,North Carolina,27217,South,OFF-AR-10004790,Office Supplies,Art,Staples in misc. colors,28.728,3,0.2,1.7955
1047,CA-2016-169103,3/8/2016,3/13/2016,Standard Class,ZC-21910,Zuschuss Carroll,Consumer,United States,Miami,Florida,33142,South,TEC-PH-10001530,Technology,Phones,Cisco Unified IP Phone 7945G VoIP phone,1363.96,5,0.2,85.2475
1048,CA-2016-169103,3/8/2016,3/13/2016,Standard Class,ZC-21910,Zuschuss Carroll,Consumer,United States,Miami,Florida,33142,South,FUR-FU-10004006,Furniture,Furnishings,"Deflect-o DuraMat Lighweight, Studded, Beveled Mat for Low Pile Carpeting",102.36,3,0.2,-3.8385
1090,CA-2017-158407,6/4/2017,6/10/2017,Standard Class,LW-16990,Lindsay Williams,Corporate,United States,Monroe,North Carolina,28110,South,FUR-FU-10001967,Furniture,Furnishings,Telescoping Adjustable Floor Lamp,31.984,2,0.2,1.999
1091,CA-2017-158407,6/4/2017,6/10/2017,Standard Class,LW-16990,Lindsay Williams,Corporate,United States,Monroe,North Carolina,28110,South,TEC-PH-10001819,Technology,Phones,Innergie mMini Combo Duo USB Travel Charging Kit,71.984,2,0.2,25.1944
1096,CA-2017-160423,1/21/2017,1/26/2017,Standard Class,PS-19045,Penelope Sewall,Home Office,United States,Charlotte,North Carolina,28205,South,OFF-ST-10004340,Office Supplies,Storage,"Fellowes Mobile File Cart, Black",348.208,7,0.2,30.4682
1097,CA-2017-160423,1/21/2017,1/26/2017,Standard Class,PS-19045,Penelope Sewall,Home Office,United States,Charlotte,North Carolina,28205,South,OFF-BI-10004001,Office Supplies,Binders,GBC Recycled VeloBinder Covers,35.784,7,0.7,-28.6272
1118,CA-2015-142755,9/4/2015,9/8/2015,Standard Class,CS-12355,Christine Sundaresam,Consumer,United States,Roswell,Georgia,30076,South,OFF-PA-10001970,Office Supplies,Paper,Xerox 1908,279.9,5,0.0,137.151
1119,CA-2015-142755,9/4/2015,9/8/2015,Standard Class,CS-12355,Christine Sundaresam,Consumer,United States,Roswell,Georgia,30076,South,TEC-AC-10002049,Technology,Accessories,Logitech G19 Programmable Gaming Keyboard,619.95,5,0.0,111.591
1120,CA-2015-142755,9/4/2015,9/8/2015,Standard Class,CS-12355,Christine Sundaresam,Consumer,United States,Roswell,Georgia,30076,South,OFF-PA-10000141,Office Supplies,Paper,"Ampad Evidence Wirebond Steno Books, 6"" x 9""",4.36,2,0.0,2.0492
1121,CA-2015-142755,9/4/2015,9/8/2015,Standard Class,CS-12355,Christine Sundaresam,Consumer,United States,Roswell,Georgia,30076,South,OFF-EN-10004459,Office Supplies,Envelopes,Security-Tint Envelopes,15.28,2,0.0,7.4872
1122,US-2014-147627,1/20/2014,1/26/2014,Standard Class,HL-15040,Hunter Lopez,Consumer,United States,Jonesboro,Arkansas,72401,South,TEC-PH-10001061,Technology,Phones,Apple iPhone 5C,699.93,7,0.0,181.9818
1123,US-2014-147627,1/20/2014,1/26/2014,Standard Class,HL-15040,Hunter Lopez,Consumer,United States,Jonesboro,Arkansas,72401,South,OFF-AR-10002375,Office Supplies,Art,Newell 351,22.96,7,0.0,6.6584
1124,US-2014-147627,1/20/2014,1/26/2014,Standard Class,HL-15040,Hunter Lopez,Consumer,United States,Jonesboro,Arkansas,72401,South,FUR-FU-10003194,Furniture,Furnishings,"Eldon Expressions Desk Accessory, Wood Pencil Holder, Oak",38.6,4,0.0,11.58
1125,US-2014-147627,1/20/2014,1/26/2014,Standard Class,HL-15040,Hunter Lopez,Consumer,United States,Jonesboro,Arkansas,72401,South,OFF-AR-10003811,Office Supplies,Art,Newell 327,6.63,3,0.0,1.7901
1126,US-2014-147627,1/20/2014,1/26/2014,Standard Class,HL-15040,Hunter Lopez,Consumer,United States,Jonesboro,Arkansas,72401,South,OFF-EN-10001539,Office Supplies,Envelopes,Staple envelope,23.34,3,0.0,10.9698
1127,US-2014-147627,1/20/2014,1/26/2014,Standard Class,HL-15040,Hunter Lopez,Consumer,United States,Jonesboro,Arkansas,72401,South,FUR-CH-10002331,Furniture,Chairs,Hon 4700 Series Mobuis Mid-Back Task Chairs with Adjustable Arms,1067.94,3,0.0,224.2674
1130,CA-2016-112102,4/12/2016,4/16/2016,Standard Class,BD-11605,Brian Dahlen,Consumer,United States,Springfield,Virginia,22153,South,FUR-TA-10004086,Furniture,Tables,KI Adjustable-Height Table,343.92,4,0.0,75.6624
1131,CA-2016-112102,4/12/2016,4/16/2016,Standard Class,BD-11605,Brian Dahlen,Consumer,United States,Springfield,Virginia,22153,South,OFF-PA-10000100,Office Supplies,Paper,Xerox 1945,40.99,1,0.0,20.0851
1132,CA-2016-112102,4/12/2016,4/16/2016,Standard Class,BD-11605,Brian Dahlen,Consumer,United States,Springfield,Virginia,22153,South,OFF-EN-10002500,Office Supplies,Envelopes,Globe Weis Peel & Seel First Class Envelopes,63.9,5,0.0,28.755
1136,US-2016-148803,12/11/2016,12/11/2016,Same Day,LR-16915,Lena Radford,Consumer,United States,Homestead,Florida,33030,South,OFF-ST-10001476,Office Supplies,Storage,Steel Personal Filing/Posting Tote,85.224,3,0.2,7.4571
1155,CA-2014-136567,12/20/2014,12/21/2014,First Class,PS-19045,Penelope Sewall,Home Office,United States,Harrisonburg,Virginia,22801,South,OFF-ST-10004337,Office Supplies,Storage,"SAFCO Commercial Wire Shelving, 72h",122.48,2,0.0,0.0
1156,CA-2014-136567,12/20/2014,12/21/2014,First Class,PS-19045,Penelope Sewall,Home Office,United States,Harrisonburg,Virginia,22801,South,FUR-TA-10001932,Furniture,Tables,"Chromcraft 48"" x 96"" Racetrack Double Pedestal Table",2244.48,7,0.0,493.7856
1157,CA-2014-136567,12/20/2014,12/21/2014,First Class,PS-19045,Penelope Sewall,Home Office,United States,Harrisonburg,Virginia,22801,South,OFF-BI-10003982,Office Supplies,Binders,Wilson Jones Century Plastic Molded Ring Binders,62.31,3,0.0,29.2857
1158,CA-2014-136567,12/20/2014,12/21/2014,First Class,PS-19045,Penelope Sewall,Home Office,United States,Harrisonburg,Virginia,22801,South,FUR-TA-10000617,Furniture,Tables,"Hon Practical Foundations 30 x 60 Training Table, Light Gray/Charcoal",455.1,2,0.0,100.122
1183,CA-2017-138779,1/14/2017,1/15/2017,First Class,RB-19570,Rob Beeghly,Consumer,United States,Jacksonville,North Carolina,28540,South,OFF-EN-10002504,Office Supplies,Envelopes,"Tyvek  Top-Opening Peel & Seel Envelopes, Plain White",21.744,1,0.2,7.3386
1184,CA-2017-138779,1/14/2017,1/15/2017,First Class,RB-19570,Rob Beeghly,Consumer,United States,Jacksonville,North Carolina,28540,South,TEC-PH-10003655,Technology,Phones,Sannysis Cute Owl Design Soft Skin Case Cover for Samsung Galaxy S4,7.92,5,0.2,0.693
1194,US-2015-130519,9/15/2015,9/15/2015,Same Day,NG-18355,Nat Gilpin,Corporate,United States,Coral Springs,Florida,33065,South,OFF-PA-10001937,Office Supplies,Paper,Xerox 21,15.552,3,0.2,5.4432
1195,US-2015-130519,9/15/2015,9/15/2015,Same Day,NG-18355,Nat Gilpin,Corporate,United States,Coral Springs,Florida,33065,South,FUR-FU-10002268,Furniture,Furnishings,Ultra Door Push Plate,15.712,4,0.2,2.5532
1196,US-2015-130519,9/15/2015,9/15/2015,Same Day,NG-18355,Nat Gilpin,Corporate,United States,Coral Springs,Florida,33065,South,OFF-ST-10001321,Office Supplies,Storage,"Decoflex Hanging Personal Folder File, Blue",24.672,2,0.2,2.1588
1197,US-2015-130519,9/15/2015,9/15/2015,Same Day,NG-18355,Nat Gilpin,Corporate,United States,Coral Springs,Florida,33065,South,FUR-FU-10003394,Furniture,Furnishings,"Tenex ""The Solids"" Textured Chair Mats",55.968,1,0.2,-2.0988
1206,CA-2017-133235,8/1/2017,8/4/2017,First Class,LH-16750,Larry Hughes,Consumer,United States,Charlotte,North Carolina,28205,South,TEC-PH-10002660,Technology,Phones,Nortel Networks T7316 E Nt8 B27,271.96,5,0.2,16.9975
1235,CA-2016-144344,10/28/2016,10/28/2016,Same Day,PG-18820,Patrick Gardner,Consumer,United States,Boynton Beach,Florida,33437,South,FUR-FU-10000076,Furniture,Furnishings,24-Hour Round Wall Clock,47.952,3,0.2,13.7862
1236,CA-2016-144344,10/28/2016,10/28/2016,Same Day,PG-18820,Patrick Gardner,Consumer,United States,Boynton Beach,Florida,33437,South,OFF-BI-10003719,Office Supplies,Binders,Large Capacity Hanging Post Binders,37.425,5,0.7,-29.94
1237,CA-2016-144344,10/28/2016,10/28/2016,Same Day,PG-18820,Patrick Gardner,Consumer,United States,Boynton Beach,Florida,33437,South,FUR-FU-10003268,Furniture,Furnishings,Eldon Radial Chair Mat for Low to Medium Pile Carpets,63.968,2,0.2,0.0
1238,CA-2016-144344,10/28/2016,10/28/2016,Same Day,PG-18820,Patrick Gardner,Consumer,United States,Boynton Beach,Florida,33437,South,FUR-FU-10003553,Furniture,Furnishings,"Howard Miller 13-1/2"" Diameter Rosebrook Wall Clock",165.048,3,0.2,41.262
1245,CA-2017-133641,5/14/2017,5/21/2017,Standard Class,EJ-14155,Eva Jacobs,Consumer,United States,Gulfport,Mississippi,39503,South,OFF-EN-10004955,Office Supplies,Envelopes,Fashion Color Clasp Envelopes,48.69,9,0.0,23.8581
1258,US-2016-168620,12/24/2016,12/28/2016,Second Class,RB-19795,Ross Baird,Home Office,United States,Charlotte,North Carolina,28205,South,OFF-BI-10001575,Office Supplies,Binders,GBC Linen Binding Covers,27.882,3,0.7,-20.4468
1259,US-2016-168620,12/24/2016,12/28/2016,Second Class,RB-19795,Ross Baird,Home Office,United States,Charlotte,North Carolina,28205,South,OFF-ST-10003716,Office Supplies,Storage,Tennsco Double-Tier Lockers,540.048,3,0.2,-47.2542
1260,US-2016-168620,12/24/2016,12/28/2016,Second Class,RB-19795,Ross Baird,Home Office,United States,Charlotte,North Carolina,28205,South,TEC-AC-10004469,Technology,Accessories,Microsoft Sculpt Comfort Mouse,255.68,8,0.2,76.704
1261,CA-2017-117079,10/23/2017,10/27/2017,Standard Class,JR-15700,Jocasta Rupert,Consumer,United States,Jacksonville,Florida,32216,South,TEC-PH-10004586,Technology,Phones,Wilson SignalBoost 841262 DB PRO Amplifier Kit,863.88,3,0.2,107.985
1262,US-2016-144393,10/28/2016,11/4/2016,Standard Class,SM-20950,Suzanne McNair,Corporate,United States,Greenville,North Carolina,27834,South,OFF-BI-10004236,Office Supplies,Binders,"XtraLife ClearVue Slant-D Ring Binder, White, 3""",17.616,4,0.7,-14.0928
1270,CA-2017-100426,6/4/2017,6/8/2017,Standard Class,DC-12850,Dan Campbell,Consumer,United States,Florence,Alabama,35630,South,OFF-PA-10002870,Office Supplies,Paper,"Ampad Phone Message Book, Recycled, 400 Message Capacity, 5 ¾ x 11",12.48,2,0.0,5.616
1279,CA-2014-163293,9/8/2014,9/11/2014,First Class,KC-16255,Karen Carlisle,Corporate,United States,Macon,Georgia,31204,South,TEC-AC-10004209,Technology,Accessories,Memorex Froggy Flash Drive 4 GB,32.97,3,0.0,12.8583
1280,CA-2014-163293,9/8/2014,9/11/2014,First Class,KC-16255,Karen Carlisle,Corporate,United States,Macon,Georgia,31204,South,TEC-AC-10000023,Technology,Accessories,"Maxell 74 Minute CD-R Spindle, 50/Pack",83.88,4,0.0,30.1968
1282,CA-2017-122154,4/9/2017,4/11/2017,First Class,SA-20830,Sue Ann Reed,Consumer,United States,Jacksonville,Florida,32216,South,OFF-LA-10000121,Office Supplies,Labels,Avery 48,15.12,3,0.2,4.914
1283,CA-2017-122154,4/9/2017,4/11/2017,First Class,SA-20830,Sue Ann Reed,Consumer,United States,Jacksonville,Florida,32216,South,OFF-BI-10002026,Office Supplies,Binders,Avery Arch Ring Binders,17.43,1,0.7,-13.363
1284,CA-2017-122154,4/9/2017,4/11/2017,First Class,SA-20830,Sue Ann Reed,Consumer,United States,Jacksonville,Florida,32216,South,OFF-PA-10000994,Office Supplies,Paper,Xerox 1915,251.64,3,0.2,88.074
1301,CA-2016-137043,12/23/2016,12/25/2016,Second Class,LC-17140,Logan Currie,Consumer,United States,Springfield,Virginia,22153,South,FUR-FU-10003664,Furniture,Furnishings,"Electrix Architect's Clamp-On Swing Arm Lamp, Black",572.76,6,0.0,166.1004
1302,CA-2016-137043,12/23/2016,12/25/2016,Second Class,LC-17140,Logan Currie,Consumer,United States,Springfield,Virginia,22153,South,FUR-FU-10003664,Furniture,Furnishings,"Electrix Architect's Clamp-On Swing Arm Lamp, Black",286.38,3,0.0,83.0502
1303,CA-2015-115847,9/19/2015,9/24/2015,Second Class,TC-21535,Tracy Collins,Home Office,United States,Arlington,Virginia,22204,South,FUR-BO-10003433,Furniture,Bookcases,Sauder Cornerstone Collection Library,61.96,2,0.0,4.3372
1304,US-2017-126179,7/3/2017,7/7/2017,Standard Class,CS-12460,Chuck Sachs,Consumer,United States,Columbus,Georgia,31907,South,FUR-FU-10002554,Furniture,Furnishings,"Westinghouse Floor Lamp with Metal Mesh Shade, Black",23.99,1,0.0,5.5177
1305,US-2017-126179,7/3/2017,7/7/2017,Standard Class,CS-12460,Chuck Sachs,Consumer,United States,Columbus,Georgia,31907,South,TEC-PH-10001557,Technology,Phones,Pyle PMP37LED,287.97,3,0.0,77.7519
1319,CA-2014-160773,7/1/2014,7/5/2014,Standard Class,LW-16825,Laurel Workman,Corporate,United States,Deltona,Florida,32725,South,TEC-PH-10004586,Technology,Phones,Wilson SignalBoost 841262 DB PRO Amplifier Kit,575.92,2,0.2,71.99
1320,CA-2014-160773,7/1/2014,7/5/2014,Standard Class,LW-16825,Laurel Workman,Corporate,United States,Deltona,Florida,32725,South,OFF-BI-10000546,Office Supplies,Binders,Avery Durable Binders,5.184,6,0.7,-3.6288
1323,CA-2017-121804,3/3/2017,3/8/2017,Standard Class,LP-17095,Liz Preis,Consumer,United States,Murray,Kentucky,42071,South,OFF-AP-10004859,Office Supplies,Appliances,Acco 6 Outlet Guardian Premium Surge Suppressor,72.8,5,0.0,19.656
1324,CA-2017-162635,10/9/2017,10/10/2017,First Class,EB-14170,Evan Bailliet,Consumer,United States,Wilmington,North Carolina,28403,South,OFF-PA-10002659,Office Supplies,Paper,Avoid Verbal Orders Carbonless Minifold Book,10.816,4,0.2,3.5152
1341,CA-2017-113481,1/2/2017,1/4/2017,First Class,AS-10045,Aaron Smayling,Corporate,United States,Jacksonville,North Carolina,28540,South,TEC-MA-10002178,Technology,Machines,Cisco CP-7937G Unified IP Conference Station Phone,695.7,2,0.5,-27.828
1342,CA-2017-113481,1/2/2017,1/4/2017,First Class,AS-10045,Aaron Smayling,Corporate,United States,Jacksonville,North Carolina,28540,South,OFF-BI-10003694,Office Supplies,Binders,"Avery 3 1/2"" Diskette Storage Pages, 10/Pack",15.66,5,0.7,-12.528
1343,CA-2017-113481,1/2/2017,1/4/2017,First Class,AS-10045,Aaron Smayling,Corporate,United States,Jacksonville,North Carolina,28540,South,OFF-BI-10000474,Office Supplies,Binders,Avery Recycled Flexi-View Covers for Binding Systems,28.854,6,0.7,-21.1596
1352,CA-2016-162901,3/28/2016,3/31/2016,First Class,AS-10045,Aaron Smayling,Corporate,United States,Arlington,Virginia,22204,South,OFF-ST-10000649,Office Supplies,Storage,Hanging Personal Folder File,31.4,2,0.0,7.85
1358,CA-2016-145247,5/5/2016,5/7/2016,First Class,ND-18370,Natalie DeCherney,Consumer,United States,Louisville,Kentucky,40214,South,OFF-PA-10003641,Office Supplies,Paper,Xerox 1909,79.14,3,0.0,36.4044
1383,US-2016-108504,2/5/2016,2/5/2016,Same Day,PP-18955,Paul Prost,Home Office,United States,Smyrna,Georgia,30080,South,OFF-ST-10002344,Office Supplies,Storage,"Carina 42""Hx23 3/4""W Media Storage Unit",80.98,1,0.0,1.6196
1384,US-2016-108504,2/5/2016,2/5/2016,Same Day,PP-18955,Paul Prost,Home Office,United States,Smyrna,Georgia,30080,South,OFF-PA-10001289,Office Supplies,Paper,White Computer Printout Paper by Universal,348.84,9,0.0,170.9316
1385,US-2016-108504,2/5/2016,2/5/2016,Same Day,PP-18955,Paul Prost,Home Office,United States,Smyrna,Georgia,30080,South,OFF-FA-10000053,Office Supplies,Fasteners,Revere Boxed Rubber Bands by Revere,9.45,5,0.0,0.189
1386,US-2016-108504,2/5/2016,2/5/2016,Same Day,PP-18955,Paul Prost,Home Office,United States,Smyrna,Georgia,30080,South,FUR-FU-10004091,Furniture,Furnishings,"Eldon 200 Class Desk Accessories, Black",18.84,3,0.0,7.1592
1387,US-2016-108504,2/5/2016,2/5/2016,Same Day,PP-18955,Paul Prost,Home Office,United States,Smyrna,Georgia,30080,South,FUR-BO-10004015,Furniture,Bookcases,"Bush Andora Bookcase, Maple/Graphite Gray Finish",239.98,2,0.0,52.7956
1388,US-2016-108504,2/5/2016,2/5/2016,Same Day,PP-18955,Paul Prost,Home Office,United States,Smyrna,Georgia,30080,South,OFF-EN-10003001,Office Supplies,Envelopes,Ames Color-File Green Diamond Border X-ray Mailers,167.96,2,0.0,78.9412
1389,US-2016-108504,2/5/2016,2/5/2016,Same Day,PP-18955,Paul Prost,Home Office,United States,Smyrna,Georgia,30080,South,TEC-PH-10000215,Technology,Phones,Plantronics Cordless Phone Headset with In-line Volume - M214C,104.85,3,0.0,28.3095
1390,US-2016-108504,2/5/2016,2/5/2016,Same Day,PP-18955,Paul Prost,Home Office,United States,Smyrna,Georgia,30080,South,TEC-PH-10003645,Technology,Phones,Aastra 57i VoIP phone,484.83,3,0.0,126.0558
1391,US-2016-108504,2/5/2016,2/5/2016,Same Day,PP-18955,Paul Prost,Home Office,United States,Smyrna,Georgia,30080,South,OFF-PA-10000357,Office Supplies,Paper,"White Dual Perf Computer Printout Paper, 2700 Sheets, 1 Part, Heavyweight, 20 lbs., 14 7/8 x 11",122.97,3,0.0,60.2553
1392,US-2016-108504,2/5/2016,2/5/2016,Same Day,PP-18955,Paul Prost,Home Office,United States,Smyrna,Georgia,30080,South,OFF-ST-10004804,Office Supplies,Storage,"Belkin 19"" Vented Equipment Shelf, Black",154.44,3,0.0,1.5444
1393,US-2016-108504,2/5/2016,2/5/2016,Same Day,PP-18955,Paul Prost,Home Office,United States,Smyrna,Georgia,30080,South,OFF-PA-10003892,Office Supplies,Paper,Xerox 1943,342.37,7,0.0,160.9139
1394,CA-2017-124828,7/3/2017,7/4/2017,First Class,YS-21880,Yana Sorensen,Corporate,United States,Burlington,North Carolina,27217,South,OFF-AR-10003514,Office Supplies,Art,4009 Highlighters by Sanford,9.552,3,0.2,1.5522
1401,CA-2016-159212,11/1/2016,11/5/2016,Standard Class,KM-16375,Katherine Murray,Home Office,United States,Salem,Virginia,24153,South,TEC-PH-10003988,Technology,Phones,"LF Elite 3D Dazzle Designer Hard Case Cover, Lf Stylus Pen and Wiper For Apple Iphone 5c Mini Lite",21.8,2,0.0,6.104
1402,CA-2016-159212,11/1/2016,11/5/2016,Standard Class,KM-16375,Katherine Murray,Home Office,United States,Salem,Virginia,24153,South,OFF-EN-10002230,Office Supplies,Envelopes,Airmail Envelopes,251.79,3,0.0,118.3413
1432,CA-2014-120768,12/19/2014,12/21/2014,Second Class,IM-15070,Irene Maddox,Consumer,United States,Florence,Alabama,35630,South,OFF-BI-10001191,Office Supplies,Binders,Canvas Sectional Post Binders,152.76,6,0.0,74.8524
1433,CA-2014-120768,12/19/2014,12/21/2014,Second Class,IM-15070,Irene Maddox,Consumer,United States,Florence,Alabama,35630,South,OFF-SU-10004115,Office Supplies,Supplies,Acme Stainless Steel Office Snips,7.27,1,0.0,1.9629
1434,CA-2014-120768,12/19/2014,12/21/2014,Second Class,IM-15070,Irene Maddox,Consumer,United States,Florence,Alabama,35630,South,FUR-CH-10000513,Furniture,Chairs,High-Back Leather Manager's Chair,1819.86,14,0.0,163.7874
1443,CA-2017-117695,8/5/2017,8/8/2017,First Class,PW-19030,Pauline Webber,Corporate,United States,Richmond,Kentucky,40475,South,OFF-PA-10002713,Office Supplies,Paper,"Adams Phone Message Book, 200 Message Capacity, 8 1/16 x 11",13.76,2,0.0,6.3296
1452,CA-2016-133711,11/26/2016,11/29/2016,First Class,MC-17425,Mark Cousins,Corporate,United States,Mobile,Alabama,36608,South,OFF-PA-10001685,Office Supplies,Paper,Easy-staple paper,70.98,7,0.0,34.7802
1453,CA-2016-133711,11/26/2016,11/29/2016,First Class,MC-17425,Mark Cousins,Corporate,United States,Mobile,Alabama,36608,South,OFF-BI-10000666,Office Supplies,Binders,Surelock Post Binders,91.68,3,0.0,45.84
1454,CA-2016-133711,11/26/2016,11/29/2016,First Class,MC-17425,Mark Cousins,Corporate,United States,Mobile,Alabama,36608,South,OFF-BI-10004352,Office Supplies,Binders,Wilson Jones DublLock D-Ring Binders,33.75,5,0.0,16.875
1455,CA-2016-133711,11/26/2016,11/29/2016,First Class,MC-17425,Mark Cousins,Corporate,United States,Mobile,Alabama,36608,South,TEC-MA-10000010,Technology,Machines,Hewlett-Packard Deskjet 3050a All-in-One Color Inkjet Printer,3040.0,8,0.0,1459.2
1456,CA-2017-148474,6/12/2017,6/19/2017,Standard Class,ME-17320,Maria Etezadi,Home Office,United States,Columbus,Georgia,31907,South,OFF-BI-10000977,Office Supplies,Binders,Ibico Plastic Spiral Binding Combs,91.2,3,0.0,41.952
1457,CA-2017-148474,6/12/2017,6/19/2017,Standard Class,ME-17320,Maria Etezadi,Home Office,United States,Columbus,Georgia,31907,South,FUR-TA-10002530,Furniture,Tables,"Iceberg OfficeWorks 42"" Round Tables",452.94,3,0.0,67.941
1468,CA-2015-100769,5/16/2015,5/16/2015,Same Day,TH-21550,Tracy Hopkins,Home Office,United States,Jacksonville,Florida,32216,South,TEC-AC-10002402,Technology,Accessories,Razer Kraken PRO Over Ear PC and Music Headset,255.968,4,0.2,31.996
1478,CA-2016-121958,11/13/2016,11/17/2016,Standard Class,CS-12505,Cindy Stewart,Consumer,United States,Thomasville,North Carolina,27360,South,OFF-SU-10000381,Office Supplies,Supplies,Acme Forged Steel Scissors with Black Enamel Handles,52.136,7,0.2,5.8653
1483,CA-2017-101210,8/25/2017,8/28/2017,Second Class,DW-13540,Don Weiss,Consumer,United States,Jackson,Tennessee,38301,South,OFF-AR-10003560,Office Supplies,Art,Zebra Zazzle Fluorescent Highlighters,9.728,2,0.2,1.7024
1484,CA-2017-101210,8/25/2017,8/28/2017,Second Class,DW-13540,Don Weiss,Consumer,United States,Jackson,Tennessee,38301,South,OFF-PA-10000130,Office Supplies,Paper,Xerox 199,3.424,1,0.2,1.07
1495,CA-2014-123925,12/17/2014,12/19/2014,Second Class,RF-19840,Roy Französisch,Consumer,United States,Columbus,Georgia,31907,South,OFF-AR-10002952,Office Supplies,Art,Stanley Contemporary Battery Pencil Sharpeners,40.05,3,0.0,11.214
1508,CA-2016-134208,9/17/2016,9/23/2016,Standard Class,CS-12505,Cindy Stewart,Consumer,United States,Columbus,Georgia,31907,South,TEC-MA-10004458,Technology,Machines,Lexmark X 9575 Professional All-in-One Color Printer,396.0,4,0.0,190.08
1531,CA-2015-103793,3/26/2015,3/31/2015,Standard Class,BV-11245,Benjamin Venier,Corporate,United States,Miami,Florida,33142,South,OFF-PA-10001125,Office Supplies,Paper,Xerox 1988,74.352,3,0.2,23.235
1554,CA-2017-158386,10/16/2017,10/21/2017,Standard Class,BO-11425,Bobby Odegard,Consumer,United States,Richmond,Kentucky,40475,South,OFF-BI-10003719,Office Supplies,Binders,Large Capacity Hanging Post Binders,124.75,5,0.0,57.385
1565,CA-2014-116239,3/4/2014,3/4/2014,Same Day,CL-12565,Clay Ludtke,Consumer,United States,Columbia,South Carolina,29203,South,OFF-ST-10001370,Office Supplies,Storage,Sensible Storage WireTech Storage Systems,354.9,5,0.0,17.745
1570,CA-2017-165029,11/26/2017,11/30/2017,Standard Class,AH-10075,Adam Hart,Corporate,United States,Atlanta,Georgia,30318,South,OFF-AR-10003504,Office Supplies,Art,Newell 347,12.84,3,0.0,3.7236
1578,CA-2016-154403,5/23/2016,5/27/2016,Standard Class,AP-10720,Anne Pryor,Home Office,United States,Florence,Alabama,35630,South,OFF-PA-10001526,Office Supplies,Paper,Xerox 1949,4.98,1,0.0,2.4402
1590,CA-2016-109911,5/12/2016,5/16/2016,Standard Class,VG-21805,Vivek Grady,Corporate,United States,Virginia Beach,Virginia,23464,South,OFF-AR-10001662,Office Supplies,Art,Rogers Handheld Barrel Pencil Sharpener,10.96,4,0.0,2.9592
1603,US-2016-132857,12/11/2016,12/17/2016,Standard Class,CA-12775,Cynthia Arntzen,Consumer,United States,Smyrna,Tennessee,37167,South,OFF-AR-10003251,Office Supplies,Art,Prang Drawing Pencil Set,6.672,3,0.2,1.668
1628,CA-2015-143119,9/24/2015,9/30/2015,Standard Class,MC-17275,Marc Crier,Consumer,United States,Lafayette,Louisiana,70506,South,FUR-CH-10001270,Furniture,Chairs,Harbour Creations Steel Folding Chair,517.5,6,0.0,155.25
1674,CA-2015-150560,12/11/2015,12/12/2015,First Class,SW-20455,Shaun Weien,Consumer,United States,Suffolk,Virginia,23434,South,OFF-LA-10003930,Office Supplies,Labels,"Dot Matrix Printer Tape Reel Labels, White, 5000/Box",196.62,2,0.0,96.3438
1729,CA-2016-106894,2/7/2016,2/7/2016,Same Day,CA-12265,Christina Anderson,Consumer,United States,Springfield,Virginia,22153,South,TEC-AC-10003063,Technology,Accessories,Micro Innovations USB RF Wireless Keyboard with Mouse,100.0,4,0.0,21.0
1730,CA-2016-106894,2/7/2016,2/7/2016,Same Day,CA-12265,Christina Anderson,Consumer,United States,Springfield,Virginia,22153,South,OFF-LA-10001045,Office Supplies,Labels,Permanent Self-Adhesive File Folder Labels for Typewriters by Universal,7.83,3,0.0,3.6018
1731,CA-2014-125136,9/28/2014,10/3/2014,Standard Class,KD-16495,Keith Dawkins,Corporate,United States,Fayetteville,North Carolina,28314,South,OFF-PA-10001457,Office Supplies,Paper,White GlueTop Scratch Pads,96.256,8,0.2,31.2832
1732,CA-2014-125136,9/28/2014,10/3/2014,Standard Class,KD-16495,Keith Dawkins,Corporate,United States,Fayetteville,North Carolina,28314,South,OFF-PA-10001804,Office Supplies,Paper,Xerox 195,10.688,2,0.2,3.7408
1735,CA-2017-101483,7/29/2017,8/1/2017,Second Class,AG-10675,Anna Gayman,Consumer,United States,Jacksonville,North Carolina,28540,South,OFF-AP-10002082,Office Supplies,Appliances,Holmes HEPA Air Purifier,34.848,2,0.2,6.534
1736,CA-2017-101483,7/29/2017,8/1/2017,Second Class,AG-10675,Anna Gayman,Consumer,United States,Jacksonville,North Carolina,28540,South,TEC-PH-10003442,Technology,Phones,Samsung Replacement EH64AVFWE Premium Headset,22.0,5,0.2,1.375
1737,CA-2017-101483,7/29/2017,8/1/2017,Second Class,AG-10675,Anna Gayman,Consumer,United States,Jacksonville,North Carolina,28540,South,OFF-AR-10002833,Office Supplies,Art,Newell 322,4.368,3,0.2,0.3822
1747,CA-2016-155670,8/13/2016,8/17/2016,Second Class,EM-14065,Erin Mull,Consumer,United States,Jacksonville,North Carolina,28540,South,OFF-BI-10000138,Office Supplies,Binders,Acco Translucent Poly Ring Binders,11.232,8,0.7,-8.2368
1748,CA-2016-155670,8/13/2016,8/17/2016,Second Class,EM-14065,Erin Mull,Consumer,United States,Jacksonville,North Carolina,28540,South,OFF-PA-10004947,Office Supplies,Paper,Easy-staple paper,10.272,3,0.2,3.21
1764,CA-2016-110254,8/4/2016,8/8/2016,Standard Class,ML-17755,Max Ludwig,Home Office,United States,Suffolk,Virginia,23434,South,OFF-SU-10002573,Office Supplies,Supplies,"Acme 10"" Easy Grip Assistive Scissors",35.06,2,0.0,10.518
1765,CA-2016-110254,8/4/2016,8/8/2016,Standard Class,ML-17755,Max Ludwig,Home Office,United States,Suffolk,Virginia,23434,South,OFF-LA-10004484,Office Supplies,Labels,Avery 476,4.13,1,0.0,1.8998
1766,CA-2016-110254,8/4/2016,8/8/2016,Standard Class,ML-17755,Max Ludwig,Home Office,United States,Suffolk,Virginia,23434,South,FUR-FU-10001591,Furniture,Furnishings,Advantus Panel Wall Certificate Holder - 8.5x11,109.8,9,0.0,46.116
1767,CA-2016-110254,8/4/2016,8/8/2016,Standard Class,ML-17755,Max Ludwig,Home Office,United States,Suffolk,Virginia,23434,South,OFF-LA-10002034,Office Supplies,Labels,Avery 478,9.82,2,0.0,4.8118
1768,US-2014-158057,3/22/2014,3/26/2014,Standard Class,CC-12685,Craig Carroll,Consumer,United States,Greensboro,North Carolina,27405,South,OFF-BI-10004410,Office Supplies,Binders,"C-Line Peel & Stick Add-On Filing Pockets, 8-3/4 x 5-1/8, 10/Pack",7.644,4,0.7,-5.8604
1769,US-2014-158057,3/22/2014,3/26/2014,Standard Class,CC-12685,Craig Carroll,Consumer,United States,Greensboro,North Carolina,27405,South,OFF-BI-10002735,Office Supplies,Binders,GBC Prestige Therm-A-Bind Covers,51.465,5,0.7,-39.4565
1812,CA-2014-132612,6/9/2014,6/11/2014,Second Class,FO-14305,Frank Olsen,Consumer,United States,Harrisonburg,Virginia,22801,South,FUR-TA-10004534,Furniture,Tables,Bevis 44 x 96 Conference Tables,1441.3,7,0.0,245.021
1828,CA-2016-109344,2/8/2016,2/11/2016,Second Class,CH-12070,Cathy Hwang,Home Office,United States,Raleigh,North Carolina,27604,South,TEC-PH-10002624,Technology,Phones,Samsung Galaxy S4 Mini,1127.976,3,0.2,126.8973
1829,US-2015-140851,7/13/2015,7/15/2015,Second Class,ND-18460,Neil Ducich,Corporate,United States,Macon,Georgia,31204,South,OFF-PA-10000019,Office Supplies,Paper,Xerox 1931,38.88,6,0.0,18.6624
1833,CA-2015-131422,11/5/2015,11/9/2015,Standard Class,GB-14530,George Bell,Corporate,United States,Monroe,North Carolina,28110,South,FUR-CH-10001270,Furniture,Chairs,Harbour Creations Steel Folding Chair,207.0,3,0.2,25.875
1837,CA-2017-122693,2/19/2017,2/21/2017,Second Class,NH-18610,Nicole Hansen,Corporate,United States,Roswell,Georgia,30076,South,OFF-AP-10002518,Office Supplies,Appliances,Kensington 7 Outlet MasterPiece Power Center,1245.86,7,0.0,361.2994
1838,CA-2014-117345,8/1/2014,8/5/2014,Standard Class,BF-10975,Barbara Fisher,Corporate,United States,Charlotte,North Carolina,28205,South,OFF-LA-10000240,Office Supplies,Labels,Self-Adhesive Address Labels for Typewriters by Universal,17.544,3,0.2,5.9211
1839,CA-2014-117345,8/1/2014,8/5/2014,Standard Class,BF-10975,Barbara Fisher,Corporate,United States,Charlotte,North Carolina,28205,South,FUR-FU-10000629,Furniture,Furnishings,9-3/4 Diameter Round Wall Clock,44.128,4,0.2,12.1352
1840,CA-2014-117345,8/1/2014,8/5/2014,Standard Class,BF-10975,Barbara Fisher,Corporate,United States,Charlotte,North Carolina,28205,South,OFF-AP-10001005,Office Supplies,Appliances,Honeywell Quietcare HEPA Air Cleaner,62.92,1,0.2,10.2245
1841,CA-2014-117345,8/1/2014,8/5/2014,Standard Class,BF-10975,Barbara Fisher,Corporate,United States,Charlotte,North Carolina,28205,South,OFF-PA-10002377,Office Supplies,Paper,Xerox 1916,78.304,2,0.2,29.364
1842,CA-2016-157763,7/18/2016,7/23/2016,Standard Class,KH-16330,Katharine Harms,Corporate,United States,Bowling Green,Kentucky,42104,South,FUR-CH-10000988,Furniture,Chairs,Hon Olson Stacker Stools,140.81,1,0.0,39.4268
1880,US-2017-166611,3/28/2017,4/2/2017,Standard Class,CK-12760,Cyma Kinney,Corporate,United States,Jacksonville,Florida,32216,South,OFF-BI-10001191,Office Supplies,Binders,Canvas Sectional Post Binders,68.742,9,0.7,-48.1194
1887,CA-2014-140165,5/13/2014,5/15/2014,First Class,EH-14005,Erica Hernandez,Home Office,United States,Hialeah,Florida,33012,South,OFF-FA-10002815,Office Supplies,Fasteners,Staples,7.104,2,0.2,2.3976
1888,CA-2014-140165,5/13/2014,5/15/2014,First Class,EH-14005,Erica Hernandez,Home Office,United States,Hialeah,Florida,33012,South,OFF-BI-10004519,Office Supplies,Binders,GBC DocuBind P100 Manual Binding Machine,398.352,8,0.7,-331.96
1893,CA-2017-145310,12/22/2017,12/24/2017,Second Class,JP-15520,Jeremy Pistek,Consumer,United States,Port Orange,Florida,32127,South,OFF-EN-10002621,Office Supplies,Envelopes,Staple envelope,7.824,1,0.2,2.934
1895,US-2017-108063,12/2/2017,12/5/2017,First Class,AS-10090,Adam Shillingsburg,Consumer,United States,Charlottesville,Virginia,22901,South,OFF-AR-10001446,Office Supplies,Art,Newell 309,34.65,3,0.0,10.395
1898,CA-2014-169775,8/29/2014,9/2/2014,Second Class,RA-19945,Ryan Akin,Consumer,United States,Miami,Florida,33178,South,OFF-EN-10001749,Office Supplies,Envelopes,Jiffy Padded Mailers with Self-Seal Closure,29.808,2,0.2,10.8054
1899,CA-2014-169775,8/29/2014,9/2/2014,Second Class,RA-19945,Ryan Akin,Consumer,United States,Miami,Florida,33178,South,OFF-BI-10004390,Office Supplies,Binders,GBC DocuBind 200 Manual Binding Machine,505.176,4,0.7,-336.784
1900,CA-2014-169775,8/29/2014,9/2/2014,Second Class,RA-19945,Ryan Akin,Consumer,United States,Miami,Florida,33178,South,FUR-TA-10001857,Furniture,Tables,Balt Solid Wood Rectangular Table,174.0585,3,0.45,-110.7645
1901,CA-2016-140543,6/29/2016,7/3/2016,Second Class,Co-12640,Corey-Lock,Consumer,United States,Florence,South Carolina,29501,South,OFF-ST-10000563,Office Supplies,Storage,Fellowes Bankers Box Stor/Drawer Steel Plus,191.88,6,0.0,19.188
1907,US-2016-150567,5/17/2016,5/21/2016,Standard Class,RP-19855,Roy Phan,Corporate,United States,Apopka,Florida,32712,South,OFF-BI-10001757,Office Supplies,Binders,Pressboard Hanging Data Binders for Unburst Sheets,2.952,2,0.7,-2.1648
1908,US-2016-150567,5/17/2016,5/21/2016,Standard Class,RP-19855,Roy Phan,Corporate,United States,Apopka,Florida,32712,South,OFF-BI-10000069,Office Supplies,Binders,"GBC Prepunched Paper, 19-Hole, for Binding Systems, 24-lb",27.018,6,0.7,-21.6144
1914,CA-2014-103366,1/15/2014,1/17/2014,First Class,EH-13990,Erica Hackney,Consumer,United States,Roswell,Georgia,30076,South,TEC-AC-10003628,Technology,Accessories,Logitech 910-002974 M325 Wireless Mouse for Web Scrolling,149.95,5,0.0,65.978
1915,CA-2017-124597,4/30/2017,5/5/2017,Standard Class,AS-10630,Ann Steele,Home Office,United States,Boynton Beach,Florida,33437,South,OFF-LA-10003190,Office Supplies,Labels,Avery 474,4.608,2,0.2,1.6704
1916,CA-2017-124597,4/30/2017,5/5/2017,Standard Class,AS-10630,Ann Steele,Home Office,United States,Boynton Beach,Florida,33437,South,OFF-AR-10002280,Office Supplies,Art,Staples in misc. colors,15.528,3,0.2,4.8525
1917,CA-2017-124597,4/30/2017,5/5/2017,Standard Class,AS-10630,Ann Steele,Home Office,United States,Boynton Beach,Florida,33437,South,OFF-LA-10001569,Office Supplies,Labels,Avery 499,11.952,3,0.2,3.8844
1933,CA-2017-161200,8/6/2017,8/10/2017,Second Class,SV-20365,Seth Vernon,Consumer,United States,Lafayette,Louisiana,70506,South,FUR-BO-10000468,Furniture,Bookcases,O'Sullivan 2-Shelf Heavy-Duty Bookcases,145.74,3,0.0,23.3184
1934,CA-2017-161200,8/6/2017,8/10/2017,Second Class,SV-20365,Seth Vernon,Consumer,United States,Lafayette,Louisiana,70506,South,FUR-FU-10001706,Furniture,Furnishings,Longer-Life Soft White Bulbs,15.4,5,0.0,7.392
1976,CA-2014-110408,10/18/2014,10/20/2014,Second Class,AS-10225,Alan Schoenberger,Corporate,United States,Montgomery,Alabama,36116,South,OFF-ST-10001522,Office Supplies,Storage,"Gould Plastics 18-Pocket Panel Bin, 34w x 5-1/4d x 20-1/2h",275.97,3,0.0,11.0388
1977,CA-2014-110408,10/18/2014,10/20/2014,Second Class,AS-10225,Alan Schoenberger,Corporate,United States,Montgomery,Alabama,36116,South,TEC-PH-10002352,Technology,Phones,Avaya IP Phone 1140E VoIP phone,1394.95,5,0.0,362.687
1978,CA-2014-110408,10/18/2014,10/20/2014,Second Class,AS-10225,Alan Schoenberger,Corporate,United States,Montgomery,Alabama,36116,South,FUR-CH-10003774,Furniture,Chairs,"Global Wood Trimmed Manager's Task Chair, Khaki",545.88,6,0.0,70.9644
1982,CA-2015-119592,12/14/2015,12/16/2015,Second Class,MM-18280,Muhammed MacIntyre,Corporate,United States,Columbus,Georgia,31907,South,OFF-BI-10004187,Office Supplies,Binders,3-ring staple pack,3.76,2,0.0,1.8048
1998,CA-2014-131905,2/6/2014,2/9/2014,First Class,ND-18460,Neil Ducich,Corporate,United States,Chesapeake,Virginia,23320,South,OFF-LA-10002787,Office Supplies,Labels,Avery 480,15.0,4,0.0,7.2
1999,CA-2014-131905,2/6/2014,2/9/2014,First Class,ND-18460,Neil Ducich,Corporate,United States,Chesapeake,Virginia,23320,South,TEC-PH-10003645,Technology,Phones,Aastra 57i VoIP phone,161.61,1,0.0,42.0186
2000,CA-2014-131905,2/6/2014,2/9/2014,First Class,ND-18460,Neil Ducich,Corporate,United States,Chesapeake,Virginia,23320,South,TEC-PH-10001615,Technology,Phones,AT&T CL82213,144.95,5,0.0,42.0355
2003,CA-2017-163510,12/25/2017,12/28/2017,Second Class,JW-15955,Joni Wasserman,Consumer,United States,Louisville,Kentucky,40214,South,OFF-ST-10000563,Office Supplies,Storage,Fellowes Bankers Box Stor/Drawer Steel Plus,95.94,3,0.0,9.594
2004,CA-2017-163510,12/25/2017,12/28/2017,Second Class,JW-15955,Joni Wasserman,Consumer,United States,Louisville,Kentucky,40214,South,FUR-CH-10001146,Furniture,Chairs,"Global Value Mid-Back Manager's Chair, Gray",304.45,5,0.0,76.1125
2009,CA-2014-116407,11/15/2014,11/21/2014,Standard Class,JF-15190,Jamie Frazer,Consumer,United States,Johnson City,Tennessee,37604,South,OFF-AR-10001315,Office Supplies,Art,Newell 310,4.224,3,0.2,0.4752
2010,CA-2014-116407,11/15/2014,11/21/2014,Standard Class,JF-15190,Jamie Frazer,Consumer,United States,Johnson City,Tennessee,37604,South,OFF-AP-10002118,Office Supplies,Appliances,"1.7 Cubic Foot Compact ""Cube"" Office Refrigerators",333.056,2,0.2,29.1424
2011,CA-2014-116407,11/15/2014,11/21/2014,Standard Class,JF-15190,Jamie Frazer,Consumer,United States,Johnson City,Tennessee,37604,South,OFF-PA-10002137,Office Supplies,Paper,"Southworth 100% Résumé Paper, 24lb.",24.896,4,0.2,7.78
2014,CA-2016-145905,9/18/2016,9/23/2016,Standard Class,AM-10705,Anne McFarland,Consumer,United States,Auburn,Alabama,36830,South,FUR-CH-10001854,Furniture,Chairs,Office Star - Professional Matrix Back Chair with 2-to-1 Synchro Tilt and Mesh Fabric Seat,350.98,1,0.0,84.2352
2015,CA-2016-145905,9/18/2016,9/23/2016,Standard Class,AM-10705,Anne McFarland,Consumer,United States,Auburn,Alabama,36830,South,OFF-PA-10000533,Office Supplies,Paper,Southworth Parchment Paper & Envelopes,13.08,2,0.0,6.0168
2016,CA-2016-145905,9/18/2016,9/23/2016,Standard Class,AM-10705,Anne McFarland,Consumer,United States,Auburn,Alabama,36830,South,OFF-ST-10003716,Office Supplies,Storage,Tennsco Double-Tier Lockers,900.08,4,0.0,117.0104
2095,US-2015-164357,11/25/2015,11/29/2015,Standard Class,SF-20065,Sandra Flanagan,Consumer,United States,Wilmington,North Carolina,28403,South,OFF-AR-10001177,Office Supplies,Art,Newell 349,13.12,5,0.2,1.476
2096,US-2016-146570,5/15/2016,5/20/2016,Standard Class,SN-20710,Steve Nguyen,Home Office,United States,Jackson,Mississippi,39212,South,OFF-BI-10001718,Office Supplies,Binders,GBC DocuBind P50 Personal Binding Machine,511.84,8,0.0,240.5648
2097,US-2016-146570,5/15/2016,5/20/2016,Standard Class,SN-20710,Steve Nguyen,Home Office,United States,Jackson,Mississippi,39212,South,OFF-AR-10004602,Office Supplies,Art,Boston KS Multi-Size Manual Pencil Sharpener,91.96,4,0.0,25.7488
2098,US-2016-146570,5/15/2016,5/20/2016,Standard Class,SN-20710,Steve Nguyen,Home Office,United States,Jackson,Mississippi,39212,South,OFF-AR-10003856,Office Supplies,Art,Newell 344,8.34,3,0.0,2.1684
2106,US-2014-167633,9/30/2014,10/5/2014,Standard Class,BW-11200,Ben Wallace,Consumer,United States,Boynton Beach,Florida,33437,South,OFF-PA-10004888,Office Supplies,Paper,Xerox 217,15.552,3,0.2,5.4432
2121,US-2017-168690,1/7/2017,1/13/2017,Standard Class,TS-21085,Thais Sissman,Consumer,United States,Ormond Beach,Florida,32174,South,OFF-BI-10000145,Office Supplies,Binders,Zipper Ring Binder Pockets,2.808,3,0.7,-1.9656
2159,CA-2017-148166,10/21/2017,10/26/2017,Standard Class,NK-18490,Neil Knudson,Home Office,United States,Deltona,Florida,32725,South,OFF-AR-10004956,Office Supplies,Art,Newell 33,17.856,4,0.2,2.0088
2187,CA-2016-101378,7/14/2016,7/14/2016,Same Day,RH-19600,Rob Haberlin,Consumer,United States,Huntsville,Alabama,35810,South,TEC-AC-10002345,Technology,Accessories,HP Standard 104 key PS/2 Keyboard,29.0,2,0.0,7.25
2197,CA-2016-136483,12/1/2016,12/6/2016,Standard Class,AG-10390,Allen Goldenen,Consumer,United States,Knoxville,Tennessee,37918,South,OFF-AR-10000940,Office Supplies,Art,Newell 343,4.704,2,0.2,0.4116
2198,CA-2014-163013,11/28/2014,12/4/2014,Standard Class,BF-11080,Bart Folk,Consumer,United States,Montgomery,Alabama,36116,South,OFF-AR-10001954,Office Supplies,Art,Newell 331,14.67,3,0.0,3.9609
2201,US-2014-165659,6/1/2014,6/6/2014,Standard Class,LT-17110,Liz Thompson,Consumer,United States,Little Rock,Arkansas,72209,South,FUR-FU-10001935,Furniture,Furnishings,3M Hangers With Command Adhesive,22.2,6,0.0,9.102
2202,US-2014-165659,6/1/2014,6/6/2014,Standard Class,LT-17110,Liz Thompson,Consumer,United States,Little Rock,Arkansas,72209,South,TEC-PH-10002563,Technology,Phones,Adtran 1202752G1,881.93,7,0.0,229.3018
2206,CA-2016-164350,9/10/2016,9/12/2016,Second Class,CG-12040,Catherine Glotzbach,Home Office,United States,Bristol,Tennessee,37620,South,OFF-AR-10000538,Office Supplies,Art,"Boston Model 1800 Electric Pencil Sharpener, Gray",67.56,3,0.2,8.445
2218,CA-2014-151953,9/20/2014,9/25/2014,Standard Class,DB-13555,Dorothy Badders,Corporate,United States,Jacksonville,Florida,32216,South,OFF-AR-10003469,Office Supplies,Art,Nontoxic Chalk,2.816,2,0.2,0.9856
2263,CA-2017-122994,2/6/2017,2/9/2017,First Class,MV-17485,Mark Van Huff,Consumer,United States,Arlington,Virginia,22204,South,FUR-BO-10004015,Furniture,Bookcases,"Bush Andora Bookcase, Maple/Graphite Gray Finish",359.97,3,0.0,79.1934
2264,CA-2016-131065,11/14/2016,11/16/2016,Second Class,AA-10375,Allen Armold,Consumer,United States,Atlanta,Georgia,30318,South,TEC-AC-10004145,Technology,Accessories,Logitech diNovo Edge Keyboard,499.98,2,0.0,114.9954
2265,CA-2016-131065,11/14/2016,11/16/2016,Second Class,AA-10375,Allen Armold,Consumer,United States,Atlanta,Georgia,30318,South,OFF-PA-10002479,Office Supplies,Paper,Xerox 4200 Series MultiUse Premium Copy Paper (20Lb. and 84 Bright),5.28,1,0.0,2.376
2266,CA-2016-131065,11/14/2016,11/16/2016,Second Class,AA-10375,Allen Armold,Consumer,United States,Atlanta,Georgia,30318,South,OFF-BI-10004970,Office Supplies,Binders,"ACCOHIDE 3-Ring Binder, Blue, 1""",8.26,2,0.0,3.8822
2267,CA-2017-149146,10/12/2017,10/12/2017,Same Day,SM-20320,Sean Miller,Home Office,United States,Monroe,North Carolina,28110,South,OFF-PA-10003919,Office Supplies,Paper,Xerox 1989,7.968,2,0.2,2.6892
2271,CA-2017-164917,12/2/2017,12/7/2017,Standard Class,MK-17905,Michael Kennedy,Corporate,United States,Miami,Florida,33180,South,OFF-AR-10004344,Office Supplies,Art,Bulldog Vacuum Base Pencil Sharpener,47.96,5,0.2,4.1965
2277,CA-2014-104283,6/27/2014,7/1/2014,Standard Class,LM-17065,Liz MacKendrick,Consumer,United States,Southaven,Mississippi,38671,South,OFF-ST-10004337,Office Supplies,Storage,"SAFCO Commercial Wire Shelving, 72h",306.2,5,0.0,0.0
2278,CA-2014-104283,6/27/2014,7/1/2014,Standard Class,LM-17065,Liz MacKendrick,Consumer,United States,Southaven,Mississippi,38671,South,FUR-TA-10001039,Furniture,Tables,KI Adjustable-Height Table,85.98,1,0.0,22.3548
2279,CA-2014-104283,6/27/2014,7/1/2014,Standard Class,LM-17065,Liz MacKendrick,Consumer,United States,Southaven,Mississippi,38671,South,TEC-AC-10000109,Technology,Accessories,Sony Micro Vault Click 16 GB USB 2.0 Flash Drive,223.96,4,0.0,53.7504
2286,CA-2016-112676,5/5/2016,5/8/2016,First Class,PJ-18835,Patrick Jones,Corporate,United States,Murfreesboro,Tennessee,37130,South,OFF-PA-10003971,Office Supplies,Paper,Xerox 1965,14.352,3,0.2,5.2026
2287,CA-2017-165687,11/17/2017,11/23/2017,Standard Class,CS-12355,Christine Sundaresam,Consumer,United States,Salem,Virginia,24153,South,OFF-AP-10004036,Office Supplies,Appliances,Bionaire 99.97% HEPA Air Cleaner,35.04,2,0.0,12.264
2291,CA-2015-149342,4/20/2015,4/25/2015,Standard Class,TS-21160,Theresa Swint,Corporate,United States,Columbus,Georgia,31907,South,TEC-PH-10001557,Technology,Phones,Pyle PMP37LED,287.97,3,0.0,77.7519
2292,CA-2015-149342,4/20/2015,4/25/2015,Standard Class,TS-21160,Theresa Swint,Corporate,United States,Columbus,Georgia,31907,South,FUR-FU-10002937,Furniture,Furnishings,"GE 48"" Fluorescent Tube, Cool White Energy Saver, 34 Watts, 30/Box",595.38,6,0.0,297.69
2293,CA-2015-149342,4/20/2015,4/25/2015,Standard Class,TS-21160,Theresa Swint,Corporate,United States,Columbus,Georgia,31907,South,OFF-PA-10001166,Office Supplies,Paper,Xerox 2,12.96,2,0.0,6.2208
2303,CA-2016-106558,1/17/2016,1/21/2016,Standard Class,DL-13495,Dionis Lloyd,Corporate,United States,Columbus,Georgia,31907,South,TEC-AC-10001142,Technology,Accessories,First Data FD10 PIN Pad,316.0,4,0.0,31.6
2304,CA-2017-157931,9/17/2017,9/22/2017,Second Class,MO-17800,Meg O'Connel,Home Office,United States,Roswell,Georgia,30076,South,FUR-CH-10000785,Furniture,Chairs,Global Ergonomic Managers Chair,723.92,4,0.0,188.2192
2305,CA-2017-157931,9/17/2017,9/22/2017,Second Class,MO-17800,Meg O'Connel,Home Office,United States,Roswell,Georgia,30076,South,OFF-PA-10000474,Office Supplies,Paper,Easy-staple paper,106.32,3,0.0,49.9704
2320,CA-2015-117828,12/23/2015,12/26/2015,First Class,BD-11500,Bradley Drucker,Consumer,United States,Richmond,Virginia,23223,South,OFF-AP-10001563,Office Supplies,Appliances,Belkin Premiere Surge Master II 8-outlet surge protector,194.32,4,0.0,56.3528
2322,CA-2015-109470,12/31/2015,1/3/2016,Second Class,KC-16255,Karen Carlisle,Corporate,United States,Henderson,Kentucky,42420,South,OFF-BI-10004492,Office Supplies,Binders,Tuf-Vin Binders,94.74,3,0.0,44.5278
2323,CA-2015-109470,12/31/2015,1/3/2016,Second Class,KC-16255,Karen Carlisle,Corporate,United States,Henderson,Kentucky,42420,South,OFF-BI-10001072,Office Supplies,Binders,"GBC Clear Cover, 8-1/2 x 11, unpunched, 25 covers per pack",60.64,4,0.0,27.8944
2324,CA-2015-109470,12/31/2015,1/3/2016,Second Class,KC-16255,Karen Carlisle,Corporate,United States,Henderson,Kentucky,42420,South,OFF-BI-10003707,Office Supplies,Binders,Aluminum Screw Posts,76.3,5,0.0,38.15
2325,CA-2015-109470,12/31/2015,1/3/2016,Second Class,KC-16255,Karen Carlisle,Corporate,United States,Henderson,Kentucky,42420,South,OFF-BI-10000977,Office Supplies,Binders,Ibico Plastic Spiral Binding Combs,364.8,12,0.0,167.808
2335,CA-2014-140886,9/30/2014,10/4/2014,Standard Class,KW-16570,Kelly Williams,Consumer,United States,Clarksville,Tennessee,37042,South,OFF-AP-10000696,Office Supplies,Appliances,Holmes Odor Grabber,69.216,6,0.2,11.2476
2341,CA-2016-137736,11/10/2016,11/15/2016,Standard Class,DC-13285,Debra Catini,Consumer,United States,Warner Robins,Georgia,31088,South,OFF-AR-10004999,Office Supplies,Art,Newell 315,41.86,7,0.0,10.465
2364,US-2016-108637,3/13/2016,3/18/2016,Standard Class,AB-10060,Adam Bellavance,Home Office,United States,Waynesboro,Virginia,22980,South,FUR-FU-10004864,Furniture,Furnishings,"Howard Miller 14-1/2"" Diameter Chrome Round Wall Clock",127.88,2,0.0,40.9216
2365,US-2016-108637,3/13/2016,3/18/2016,Standard Class,AB-10060,Adam Bellavance,Home Office,United States,Waynesboro,Virginia,22980,South,OFF-AP-10004540,Office Supplies,Appliances,"Eureka The Boss Lite 10-Amp Upright Vacuum, Blue",160.32,2,0.0,44.8896
2366,US-2016-108637,3/13/2016,3/18/2016,Standard Class,AB-10060,Adam Bellavance,Home Office,United States,Waynesboro,Virginia,22980,South,OFF-BI-10004965,Office Supplies,Binders,Ibico Covers for Plastic or Wire Binding Elements,46.0,4,0.0,20.7
2376,CA-2017-119669,1/24/2017,1/30/2017,Standard Class,TP-21130,Theone Pippenger,Consumer,United States,Smyrna,Georgia,30080,South,OFF-FA-10000053,Office Supplies,Fasteners,Revere Boxed Rubber Bands by Revere,5.67,3,0.0,0.1134
2400,CA-2017-147361,9/9/2017,9/15/2017,Standard Class,SB-20290,Sean Braxton,Corporate,United States,Florence,South Carolina,29501,South,OFF-ST-10001809,Office Supplies,Storage,Fellowes Officeware Wire Shelving,628.81,7,0.0,12.5762
2401,CA-2017-147361,9/9/2017,9/15/2017,Standard Class,SB-20290,Sean Braxton,Corporate,United States,Florence,South Carolina,29501,South,OFF-ST-10002214,Office Supplies,Storage,X-Rack File for Hanging Folders,56.45,5,0.0,14.677
2435,CA-2015-154746,11/14/2015,11/17/2015,First Class,PJ-18835,Patrick Jones,Corporate,United States,Springfield,Virginia,22153,South,OFF-EN-10001532,Office Supplies,Envelopes,Brown Kraft Recycled Envelopes,33.96,2,0.0,16.98
2436,CA-2015-154746,11/14/2015,11/17/2015,First Class,PJ-18835,Patrick Jones,Corporate,United States,Springfield,Virginia,22153,South,OFF-AP-10003057,Office Supplies,Appliances,Honeywell Enviracaire Portable HEPA Air Cleaner for 16' x 20' Room,826.11,3,0.0,322.1829
2440,CA-2017-139948,7/17/2017,7/22/2017,Standard Class,SW-20455,Shaun Weien,Consumer,United States,Tampa,Florida,33614,South,FUR-FU-10002597,Furniture,Furnishings,"C-Line Magnetic Cubicle Keepers, Clear Polypropylene",7.904,2,0.2,2.1736
2449,CA-2015-128027,9/14/2015,9/17/2015,Second Class,CM-12385,Christopher Martinez,Consumer,United States,North Charleston,South Carolina,29406,South,OFF-ST-10001809,Office Supplies,Storage,Fellowes Officeware Wire Shelving,269.49,3,0.0,5.3898
2467,CA-2017-128755,5/4/2017,5/8/2017,Standard Class,MK-18160,Mike Kennedy,Consumer,United States,Newport News,Virginia,23602,South,OFF-PA-10000726,Office Supplies,Paper,"Black Print Carbonless Snap-Off Rapid Letter, 8 1/2"" x 7""",9.11,1,0.0,4.0995
2468,CA-2017-128755,5/4/2017,5/8/2017,Standard Class,MK-18160,Mike Kennedy,Consumer,United States,Newport News,Virginia,23602,South,OFF-ST-10003306,Office Supplies,Storage,Letter Size Cart,571.44,4,0.0,165.7176
2469,CA-2017-128755,5/4/2017,5/8/2017,Standard Class,MK-18160,Mike Kennedy,Consumer,United States,Newport News,Virginia,23602,South,OFF-PA-10004983,Office Supplies,Paper,Xerox 23,32.4,5,0.0,15.552
2470,CA-2017-128755,5/4/2017,5/8/2017,Standard Class,MK-18160,Mike Kennedy,Consumer,United States,Newport News,Virginia,23602,South,OFF-ST-10001291,Office Supplies,Storage,"Tenex Personal Self-Stacking Standard File Box, Black/Gray",16.91,1,0.0,4.5657
2471,US-2016-135923,1/22/2016,1/28/2016,Standard Class,CM-11935,Carlos Meador,Consumer,United States,Fayetteville,North Carolina,28314,South,FUR-FU-10002107,Furniture,Furnishings,Eldon Pizzaz Desk Accessories,14.272,8,0.2,4.2816
2472,US-2016-135923,1/22/2016,1/28/2016,Standard Class,CM-11935,Carlos Meador,Consumer,United States,Fayetteville,North Carolina,28314,South,FUR-BO-10002213,Furniture,Bookcases,"Sauder Forest Hills Library, Woodland Oak Finish",451.136,4,0.2,-67.6704
2473,US-2016-135923,1/22/2016,1/28/2016,Standard Class,CM-11935,Carlos Meador,Consumer,United States,Fayetteville,North Carolina,28314,South,OFF-AP-10000692,Office Supplies,Appliances,Fellowes Mighty 8 Compact Surge Protector,64.864,4,0.2,6.4864
2500,US-2017-133781,6/22/2017,6/23/2017,First Class,DC-12850,Dan Campbell,Consumer,United States,Miami,Florida,33178,South,OFF-EN-10004483,Office Supplies,Envelopes,"#10 White Business Envelopes,4 1/8 x 9 1/2",37.608,3,0.2,12.6927
2512,CA-2015-102722,4/18/2015,4/19/2015,First Class,KW-16570,Kelly Williams,Consumer,United States,Monroe,Louisiana,71203,South,TEC-AC-10003116,Technology,Accessories,Memorex Froggy Flash Drive 8 GB,106.5,6,0.0,41.535
2513,CA-2017-155089,12/2/2017,12/6/2017,Standard Class,DB-12910,Daniel Byrd,Home Office,United States,Tampa,Florida,33614,South,OFF-BI-10002429,Office Supplies,Binders,"Premier Elliptical Ring Binder, Black",45.66,5,0.7,-33.484
2530,CA-2014-108707,10/24/2014,10/29/2014,Standard Class,DB-12910,Daniel Byrd,Home Office,United States,Fort Lauderdale,Florida,33311,South,OFF-PA-10000788,Office Supplies,Paper,Xerox 210,10.368,2,0.2,3.6288
2531,CA-2014-111500,8/17/2014,8/21/2014,Standard Class,DJ-13510,Don Jones,Corporate,United States,Little Rock,Arkansas,72209,South,OFF-PA-10000595,Office Supplies,Paper,Xerox 1929,114.2,5,0.0,52.532
2532,CA-2014-111500,8/17/2014,8/21/2014,Standard Class,DJ-13510,Don Jones,Corporate,United States,Little Rock,Arkansas,72209,South,OFF-BI-10000829,Office Supplies,Binders,Avery Non-Stick Binders,17.96,4,0.0,8.2616
2533,CA-2014-111500,8/17/2014,8/21/2014,Standard Class,DJ-13510,Don Jones,Corporate,United States,Little Rock,Arkansas,72209,South,OFF-FA-10002676,Office Supplies,Fasteners,Colored Push Pins,12.67,7,0.0,4.5612
2534,CA-2014-111500,8/17/2014,8/21/2014,Standard Class,DJ-13510,Don Jones,Corporate,United States,Little Rock,Arkansas,72209,South,TEC-AC-10000844,Technology,Accessories,Logitech Gaming G510s - Keyboard,339.96,4,0.0,122.3856
2552,CA-2017-101042,11/19/2017,11/23/2017,Standard Class,AB-10105,Adrian Barton,Consumer,United States,Henderson,Kentucky,42420,South,FUR-FU-10004665,Furniture,Furnishings,"3M Polarizing Task Lamp with Clamp Arm, Light Gray",821.88,6,0.0,213.6888
2553,CA-2017-101042,11/19/2017,11/23/2017,Standard Class,AB-10105,Adrian Barton,Consumer,United States,Henderson,Kentucky,42420,South,OFF-BI-10000088,Office Supplies,Binders,GBC Imprintable Covers,21.96,2,0.0,10.7604
2554,CA-2016-155439,9/14/2016,9/18/2016,Standard Class,PN-18775,Parhena Norris,Home Office,United States,Columbia,South Carolina,29203,South,OFF-PA-10000029,Office Supplies,Paper,Xerox 224,25.92,4,0.0,12.4416
2555,CA-2016-118626,8/15/2016,8/20/2016,Standard Class,JC-15775,John Castell,Consumer,United States,Tallahassee,Florida,32303,South,TEC-PH-10000369,Technology,Phones,HTC One Mini,705.544,7,0.2,70.5544
2558,US-2015-112508,3/24/2015,3/30/2015,Standard Class,BP-11185,Ben Peterman,Corporate,United States,Coral Springs,Florida,33065,South,OFF-AP-10002287,Office Supplies,Appliances,"Eureka Sanitaire  Multi-Pro Heavy-Duty Upright, Disposable Bags",6.992,2,0.2,0.5244
2562,CA-2015-144288,12/25/2015,12/31/2015,Standard Class,MB-17305,Maria Bertelson,Consumer,United States,Nashville,Tennessee,37211,South,OFF-LA-10003190,Office Supplies,Labels,Avery 474,9.216,4,0.2,3.3408
2563,CA-2015-144288,12/25/2015,12/31/2015,Standard Class,MB-17305,Maria Bertelson,Consumer,United States,Nashville,Tennessee,37211,South,OFF-PA-10002787,Office Supplies,Paper,Xerox 227,10.368,2,0.2,3.6288
2566,CA-2017-109589,12/21/2017,12/24/2017,First Class,BD-11635,Brian Derr,Consumer,United States,Bowling Green,Kentucky,42104,South,TEC-AC-10003116,Technology,Accessories,Memorex Froggy Flash Drive 8 GB,71.0,4,0.0,27.69
2575,CA-2014-129091,11/22/2014,11/27/2014,Standard Class,RA-19885,Ruben Ausman,Corporate,United States,Columbus,Georgia,31907,South,OFF-EN-10004955,Office Supplies,Envelopes,Fashion Color Clasp Envelopes,16.23,3,0.0,7.9527
2576,CA-2014-129091,11/22/2014,11/27/2014,Standard Class,RA-19885,Ruben Ausman,Corporate,United States,Columbus,Georgia,31907,South,OFF-BI-10001071,Office Supplies,Binders,GBC ProClick Punch Binding System,319.9,5,0.0,156.751
2577,CA-2014-129091,11/22/2014,11/27/2014,Standard Class,RA-19885,Ruben Ausman,Corporate,United States,Columbus,Georgia,31907,South,OFF-EN-10001990,Office Supplies,Envelopes,Staple envelope,11.36,2,0.0,5.3392
2578,CA-2014-129091,11/22/2014,11/27/2014,Standard Class,RA-19885,Ruben Ausman,Corporate,United States,Columbus,Georgia,31907,South,OFF-AP-10002734,Office Supplies,Appliances,Holmes Harmony HEPA Air Purifier for 17 x 20 Room,675.12,3,0.0,290.3016
2579,US-2014-155502,1/26/2014,1/31/2014,Standard Class,SD-20485,Shirley Daniels,Home Office,United States,Alexandria,Virginia,22304,South,FUR-FU-10004587,Furniture,Furnishings,"GE General Use Halogen Bulbs, 100 Watts, 1 Bulb per Pack",62.82,3,0.0,30.7818
2580,US-2014-155502,1/26/2014,1/31/2014,Standard Class,SD-20485,Shirley Daniels,Home Office,United States,Alexandria,Virginia,22304,South,OFF-ST-10004337,Office Supplies,Storage,"SAFCO Commercial Wire Shelving, 72h",489.92,8,0.0,0.0
2581,US-2014-155502,1/26/2014,1/31/2014,Standard Class,SD-20485,Shirley Daniels,Home Office,United States,Alexandria,Virginia,22304,South,OFF-PA-10003072,Office Supplies,Paper,"Eureka Recycled Copy Paper 8 1/2"" x 11"", Ream",19.44,3,0.0,9.3312
2582,US-2014-155502,1/26/2014,1/31/2014,Standard Class,SD-20485,Shirley Daniels,Home Office,United States,Alexandria,Virginia,22304,South,OFF-PA-10000380,Office Supplies,Paper,"REDIFORM Incoming/Outgoing Call Register, 11"" X 8 1/2"", 100 Messages",16.68,2,0.0,8.34
2583,US-2014-155502,1/26/2014,1/31/2014,Standard Class,SD-20485,Shirley Daniels,Home Office,United States,Alexandria,Virginia,22304,South,TEC-PH-10004833,Technology,Phones,Macally Suction Cup Mount,155.35,13,0.0,0.0
2584,US-2014-155502,1/26/2014,1/31/2014,Standard Class,SD-20485,Shirley Daniels,Home Office,United States,Alexandria,Virginia,22304,South,FUR-FU-10001847,Furniture,Furnishings,Eldon Image Series Black Desk Accessories,12.42,3,0.0,4.4712
2585,US-2014-155502,1/26/2014,1/31/2014,Standard Class,SD-20485,Shirley Daniels,Home Office,United States,Alexandria,Virginia,22304,South,TEC-PH-10002103,Technology,Phones,Jabra SPEAK 410,187.98,2,0.0,52.6344
2593,CA-2017-128300,11/24/2017,11/26/2017,Second Class,RS-19765,Roland Schwarz,Corporate,United States,Summerville,South Carolina,29483,South,TEC-PH-10002807,Technology,Phones,Motorla HX550 Universal Bluetooth Headset,79.1,2,0.0,39.55
2594,CA-2017-128300,11/24/2017,11/26/2017,Second Class,RS-19765,Roland Schwarz,Corporate,United States,Summerville,South Carolina,29483,South,OFF-BI-10001597,Office Supplies,Binders,"Wilson Jones Ledger-Size, Piano-Hinge Binder, 2"", Blue",327.84,8,0.0,157.3632
2606,CA-2014-112718,12/16/2014,12/21/2014,Standard Class,KN-16450,Kean Nguyen,Corporate,United States,Jacksonville,Florida,32216,South,OFF-BI-10000591,Office Supplies,Binders,Avery Binder Labels,1.167,1,0.7,-0.8558
2635,CA-2015-116750,7/5/2015,7/10/2015,Second Class,BF-10975,Barbara Fisher,Corporate,United States,Fayetteville,North Carolina,28314,South,FUR-FU-10003829,Furniture,Furnishings,Stackable Trays,4.928,2,0.2,0.7392
2636,CA-2015-116750,7/5/2015,7/10/2015,Second Class,BF-10975,Barbara Fisher,Corporate,United States,Fayetteville,North Carolina,28314,South,OFF-BI-10004728,Office Supplies,Binders,Wilson Jones Turn Tabs Binder Tool for Ring Binders,7.23,5,0.7,-5.784
2642,CA-2015-169740,2/20/2015,2/25/2015,Standard Class,LM-17065,Liz MacKendrick,Consumer,United States,Hot Springs,Arkansas,71901,South,TEC-AC-10000927,Technology,Accessories,Anker Ultrathin Bluetooth Wireless Keyboard Aluminum Cover with Stand ,29.99,1,0.0,2.999
2644,CA-2016-149111,4/17/2016,4/21/2016,Second Class,BF-11170,Ben Ferrer,Home Office,United States,Raleigh,North Carolina,27604,South,TEC-PH-10003092,Technology,Phones,Motorola L804,36.792,1,0.2,4.1391
2645,CA-2016-149111,4/17/2016,4/21/2016,Second Class,BF-11170,Ben Ferrer,Home Office,United States,Raleigh,North Carolina,27604,South,FUR-FU-10000206,Furniture,Furnishings,"GE General Purpose, Extra Long Life, Showcase & Floodlight Incandescent Bulbs",18.624,8,0.2,6.2856
2664,CA-2016-164784,5/1/2016,5/4/2016,First Class,HF-14995,Herbert Flentye,Consumer,United States,Memphis,Tennessee,38109,South,OFF-LA-10001569,Office Supplies,Labels,Avery 499,3.984,1,0.2,1.2948
2665,CA-2016-164784,5/1/2016,5/4/2016,First Class,HF-14995,Herbert Flentye,Consumer,United States,Memphis,Tennessee,38109,South,FUR-TA-10004534,Furniture,Tables,Bevis 44 x 96 Conference Tables,370.62,3,0.4,-142.071
2666,CA-2016-164784,5/1/2016,5/4/2016,First Class,HF-14995,Herbert Flentye,Consumer,United States,Memphis,Tennessee,38109,South,OFF-BI-10002954,Office Supplies,Binders,Newell 3-Hole Punched Plastic Slotted Magazine Holders for Binders,2.742,2,0.7,-2.0108
2676,CA-2017-132185,11/27/2017,12/2/2017,Standard Class,DB-13615,Doug Bickford,Consumer,United States,Asheville,North Carolina,28806,South,OFF-AR-10000422,Office Supplies,Art,Pencil and Crayon Sharpener,8.76,5,0.2,0.7665
2677,CA-2017-132185,11/27/2017,12/2/2017,Standard Class,DB-13615,Doug Bickford,Consumer,United States,Asheville,North Carolina,28806,South,OFF-AP-10001205,Office Supplies,Appliances,Belkin 5 Outlet SurgeMaster Power Centers,43.584,1,0.2,4.3584
2686,CA-2016-133123,9/6/2016,9/11/2016,Standard Class,KB-16315,Karl Braun,Consumer,United States,Thomasville,North Carolina,27360,South,OFF-EN-10003055,Office Supplies,Envelopes,"Blue String-Tie & Button Interoffice Envelopes, 10 x 13",95.952,3,0.2,29.985
2687,CA-2016-133123,9/6/2016,9/11/2016,Standard Class,KB-16315,Karl Braun,Consumer,United States,Thomasville,North Carolina,27360,South,OFF-BI-10001031,Office Supplies,Binders,Pressboard Data Binders by Wilson Jones,3.204,2,0.7,-2.4564
2695,CA-2014-143182,10/15/2014,10/20/2014,Standard Class,DL-12865,Dan Lawera,Consumer,United States,Hialeah,Florida,33012,South,FUR-FU-10004270,Furniture,Furnishings,"Executive Impressions 13"" Clairmont Wall Clock",15.384,1,0.2,4.0383
2697,CA-2014-145317,3/18/2014,3/23/2014,Standard Class,SM-20320,Sean Miller,Home Office,United States,Jacksonville,Florida,32216,South,TEC-MA-10003626,Technology,Machines,Hewlett-Packard Deskjet 6540 Color Inkjet Printer,821.3,4,0.5,-16.426
2698,CA-2014-145317,3/18/2014,3/23/2014,Standard Class,SM-20320,Sean Miller,Home Office,United States,Jacksonville,Florida,32216,South,TEC-MA-10002412,Technology,Machines,Cisco TelePresence System EX90 Videoconferencing Unit,22638.48,6,0.5,-1811.0784
2699,CA-2014-145317,3/18/2014,3/23/2014,Standard Class,SM-20320,Sean Miller,Home Office,United States,Jacksonville,Florida,32216,South,OFF-PA-10001804,Office Supplies,Paper,Xerox 195,21.376,4,0.2,7.4816
2700,CA-2014-145317,3/18/2014,3/23/2014,Standard Class,SM-20320,Sean Miller,Home Office,United States,Jacksonville,Florida,32216,South,OFF-AR-10003183,Office Supplies,Art,Avery Fluorescent Highlighter Four-Color Set,8.016,3,0.2,1.002
2701,CA-2014-145317,3/18/2014,3/23/2014,Standard Class,SM-20320,Sean Miller,Home Office,United States,Jacksonville,Florida,32216,South,FUR-FU-10004270,Furniture,Furnishings,"Executive Impressions 13"" Clairmont Wall Clock",30.768,2,0.2,8.0766
2702,CA-2014-145317,3/18/2014,3/23/2014,Standard Class,SM-20320,Sean Miller,Home Office,United States,Jacksonville,Florida,32216,South,OFF-FA-10003112,Office Supplies,Fasteners,Staples,18.936,3,0.2,5.9175
2703,CA-2014-145317,3/18/2014,3/23/2014,Standard Class,SM-20320,Sean Miller,Home Office,United States,Jacksonville,Florida,32216,South,FUR-FU-10001986,Furniture,Furnishings,"Dana Fluorescent Magnifying Lamp, White, 36""",122.352,3,0.2,15.294
2711,US-2015-120572,12/11/2015,12/15/2015,Standard Class,GH-14425,Gary Hwang,Consumer,United States,Jacksonville,Florida,32216,South,OFF-BI-10001098,Office Supplies,Binders,Acco D-Ring Binder w/DublLock,12.828,2,0.7,-8.9796
2714,CA-2014-110100,4/25/2014,4/29/2014,Standard Class,LC-16885,Lena Creighton,Consumer,United States,Wilmington,North Carolina,28403,South,TEC-PH-10004531,Technology,Phones,AT&T CL2909,302.376,3,0.2,37.797
2717,CA-2017-128475,8/26/2017,9/1/2017,Standard Class,SC-20680,Steve Carroll,Home Office,United States,Columbus,Georgia,31907,South,TEC-AC-10000158,Technology,Accessories,Sony 64GB Class 10 Micro SDHC R40 Memory Card,71.98,2,0.0,15.1158
2721,CA-2014-121286,11/4/2014,11/8/2014,Second Class,ON-18715,Odella Nelson,Corporate,United States,Cary,North Carolina,27511,South,OFF-FA-10000585,Office Supplies,Fasteners,OIC Bulk Pack Metal Binder Clips,8.376,3,0.2,2.7222
2722,CA-2014-121286,11/4/2014,11/8/2014,Second Class,ON-18715,Odella Nelson,Corporate,United States,Cary,North Carolina,27511,South,OFF-AP-10004859,Office Supplies,Appliances,Acco 6 Outlet Guardian Premium Surge Suppressor,58.24,5,0.2,5.096
2723,CA-2016-164735,4/14/2016,4/19/2016,Second Class,TB-21400,Tom Boeckenhauer,Consumer,United States,Alexandria,Virginia,22304,South,OFF-ST-10001558,Office Supplies,Storage,Acco Perma 4000 Stacking Storage Drawers,81.2,5,0.0,12.18
2740,CA-2017-122707,4/16/2017,4/18/2017,First Class,EB-13750,Edward Becker,Corporate,United States,Hoover,Alabama,35244,South,OFF-SU-10000157,Office Supplies,Supplies,Compact Automatic Electric Letter Opener,477.24,4,0.0,9.5448
2741,CA-2017-122707,4/16/2017,4/18/2017,First Class,EB-13750,Edward Becker,Corporate,United States,Hoover,Alabama,35244,South,TEC-AC-10004227,Technology,Accessories,SanDisk Ultra 16 GB MicroSDHC Class 10 Memory Card,25.98,2,0.0,1.5588
2746,CA-2017-163321,8/7/2017,8/11/2017,Second Class,FM-14380,Fred McMath,Consumer,United States,Jacksonville,North Carolina,28540,South,TEC-AC-10004571,Technology,Accessories,Logitech G700s Rechargeable Gaming Mouse,79.992,1,0.2,21.9978
2749,CA-2015-110247,12/4/2015,12/8/2015,Standard Class,RH-19555,Ritsa Hightower,Consumer,United States,Tallahassee,Florida,32303,South,OFF-BI-10001553,Office Supplies,Binders,SpineVue Locking Slant-D Ring Binders by Cardinal,8.226,3,0.7,-6.0324
2759,CA-2016-146171,3/11/2016,3/15/2016,Standard Class,JP-16135,Julie Prescott,Home Office,United States,Columbus,Georgia,31907,South,FUR-FU-10004270,Furniture,Furnishings,"Executive Impressions 13"" Clairmont Wall Clock",76.92,4,0.0,31.5372
2760,CA-2016-146171,3/11/2016,3/15/2016,Standard Class,JP-16135,Julie Prescott,Home Office,United States,Columbus,Georgia,31907,South,OFF-ST-10001526,Office Supplies,Storage,Iceberg Mobile Mega Data/Printer Cart ,481.32,4,0.0,125.1432
2773,CA-2017-158967,12/10/2017,12/12/2017,First Class,BT-11680,Brian Thompson,Consumer,United States,Fort Lauderdale,Florida,33311,South,FUR-FU-10001940,Furniture,Furnishings,Staple-based wall hangings,19.104,3,0.2,5.7312
2779,CA-2017-108322,4/30/2017,5/5/2017,Standard Class,SS-20140,Saphhira Shifley,Corporate,United States,Pompano Beach,Florida,33068,South,FUR-FU-10001935,Furniture,Furnishings,3M Hangers With Command Adhesive,23.68,8,0.2,6.216
2780,CA-2017-108322,4/30/2017,5/5/2017,Standard Class,SS-20140,Saphhira Shifley,Corporate,United States,Pompano Beach,Florida,33068,South,TEC-AC-10003433,Technology,Accessories,Maxell 4.7GB DVD+R 5/Pack,2.376,3,0.2,0.7425
2798,CA-2017-158743,10/20/2017,10/27/2017,Standard Class,IG-15085,Ivan Gibson,Consumer,United States,Little Rock,Arkansas,72209,South,OFF-AR-10002257,Office Supplies,Art,"Eldon Spacemaker Box, Quick-Snap Lid, Clear",13.36,4,0.0,4.1416
2799,CA-2017-158743,10/20/2017,10/27/2017,Standard Class,IG-15085,Ivan Gibson,Consumer,United States,Little Rock,Arkansas,72209,South,OFF-PA-10001019,Office Supplies,Paper,Xerox 1884,39.96,2,0.0,18.7812
2800,CA-2017-158743,10/20/2017,10/27/2017,Standard Class,IG-15085,Ivan Gibson,Consumer,United States,Little Rock,Arkansas,72209,South,OFF-BI-10003364,Office Supplies,Binders,Binding Machine Supplies,145.85,5,0.0,70.008
2801,CA-2016-153318,10/25/2016,10/28/2016,First Class,JS-15595,Jill Stevenson,Corporate,United States,Miami,Florida,33180,South,TEC-PH-10000984,Technology,Phones,Panasonic KX-TG9471B,783.96,5,0.2,78.396
2834,CA-2017-134649,1/26/2017,1/31/2017,Second Class,CA-11965,Carol Adams,Corporate,United States,Hoover,Alabama,35244,South,OFF-AR-10001547,Office Supplies,Art,Newell 311,15.47,7,0.0,4.1769
2835,CA-2017-134649,1/26/2017,1/31/2017,Second Class,CA-11965,Carol Adams,Corporate,United States,Hoover,Alabama,35244,South,OFF-BI-10001890,Office Supplies,Binders,Avery Poly Binder Pockets,7.16,2,0.0,3.4368
2839,CA-2016-147368,6/9/2016,6/12/2016,First Class,TC-21295,Toby Carlisle,Consumer,United States,Tallahassee,Florida,32303,South,TEC-MA-10002178,Technology,Machines,Cisco CP-7937G Unified IP Conference Station Phone,695.7,2,0.5,-27.828
2841,US-2014-125521,3/14/2014,3/19/2014,Standard Class,CK-12325,Christine Kargatis,Home Office,United States,Chesapeake,Virginia,23320,South,FUR-CH-10003379,Furniture,Chairs,Global Commerce Series High-Back Swivel/Tilt Chairs,1139.92,4,0.0,284.98
2842,US-2017-135062,8/31/2017,9/4/2017,Second Class,RL-19615,Rob Lucas,Consumer,United States,Fayetteville,North Carolina,28314,South,OFF-PA-10000100,Office Supplies,Paper,Xerox 1945,229.544,7,0.2,83.2097
2848,CA-2017-157854,4/8/2017,4/15/2017,Standard Class,DM-13345,Denise Monton,Corporate,United States,Roswell,Georgia,30076,South,FUR-FU-10003832,Furniture,Furnishings,"Eldon Expressions Punched Metal & Wood Desk Accessories, Black & Cherry",56.28,6,0.0,15.7584
2849,CA-2017-157854,4/8/2017,4/15/2017,Standard Class,DM-13345,Denise Monton,Corporate,United States,Roswell,Georgia,30076,South,OFF-BI-10001359,Office Supplies,Binders,GBC DocuBind TL300 Electric Binding System,2690.97,3,0.0,1264.7559
2850,CA-2016-123617,11/28/2016,12/3/2016,Standard Class,AJ-10780,Anthony Jacobs,Corporate,United States,Palm Coast,Florida,32137,South,OFF-BI-10002976,Office Supplies,Binders,ACCOHIDE Binder by Acco,7.434,6,0.7,-5.6994
2858,CA-2016-154690,8/15/2016,8/17/2016,Second Class,CC-12370,Christopher Conant,Consumer,United States,Fayetteville,North Carolina,28314,South,FUR-CH-10000988,Furniture,Chairs,Hon Olson Stacker Stools,225.296,2,0.2,22.5296
2859,CA-2017-138975,5/19/2017,5/23/2017,Standard Class,SC-20380,Shahid Collister,Consumer,United States,Atlanta,Georgia,30318,South,TEC-AC-10003441,Technology,Accessories,Kingston Digital DataTraveler 32GB USB 2.0,67.8,4,0.0,4.068
2860,CA-2017-138975,5/19/2017,5/23/2017,Standard Class,SC-20380,Shahid Collister,Consumer,United States,Atlanta,Georgia,30318,South,TEC-PH-10004389,Technology,Phones,Nokia Lumia 925,377.97,3,0.0,98.2722
2861,CA-2017-138975,5/19/2017,5/23/2017,Standard Class,SC-20380,Shahid Collister,Consumer,United States,Atlanta,Georgia,30318,South,FUR-BO-10004695,Furniture,Bookcases,O'Sullivan 2-Door Barrister Bookcase in Odessa Pine,1628.82,9,0.0,374.6286
2862,CA-2017-138975,5/19/2017,5/23/2017,Standard Class,SC-20380,Shahid Collister,Consumer,United States,Atlanta,Georgia,30318,South,OFF-PA-10000100,Office Supplies,Paper,Xerox 1945,286.93,7,0.0,140.5957
2863,CA-2017-106537,8/12/2017,8/17/2017,Standard Class,RH-19495,Rick Hansen,Consumer,United States,Orlando,Florida,32839,South,OFF-PA-10000223,Office Supplies,Paper,Xerox 2000,20.736,4,0.2,7.2576
2870,CA-2017-143861,6/12/2017,6/19/2017,Standard Class,LC-16885,Lena Creighton,Consumer,United States,Saint Petersburg,Florida,33710,South,FUR-FU-10001546,Furniture,Furnishings,Dana Swing-Arm Lamps,17.088,2,0.2,1.068
2891,CA-2014-142727,4/29/2014,5/1/2014,Second Class,HG-14845,Harry Greene,Consumer,United States,Lake Charles,Louisiana,70601,South,FUR-CH-10002304,Furniture,Chairs,"Global Stack Chair without Arms, Black",51.96,2,0.0,12.99
2892,CA-2014-142727,4/29/2014,5/1/2014,Second Class,HG-14845,Harry Greene,Consumer,United States,Lake Charles,Louisiana,70601,South,OFF-BI-10000136,Office Supplies,Binders,Avery Non-Stick Heavy Duty View Round Locking Ring Binders,17.94,3,0.0,8.6112
2898,US-2016-164630,1/4/2016,1/9/2016,Standard Class,EB-13975,Erica Bern,Corporate,United States,Charlotte,North Carolina,28205,South,TEC-CO-10000971,Technology,Copiers,Hewlett Packard 310 Color Digital Copier,959.968,4,0.2,119.996
2902,CA-2017-124898,9/11/2017,9/15/2017,Standard Class,DB-12910,Daniel Byrd,Home Office,United States,Columbus,Georgia,31907,South,OFF-PA-10003656,Office Supplies,Paper,Xerox 1935,184.66,7,0.0,84.9436
2911,CA-2015-118444,11/5/2015,11/9/2015,Standard Class,VD-21670,Valerie Dominguez,Consumer,United States,Coral Springs,Florida,33065,South,OFF-AP-10000576,Office Supplies,Appliances,"Belkin 325VA UPS Surge Protector, 6'",387.136,4,0.2,24.196
2927,CA-2017-128629,7/10/2017,7/14/2017,Second Class,BP-11155,Becky Pak,Consumer,United States,Columbus,Georgia,31907,South,FUR-FU-10000771,Furniture,Furnishings,"Eldon 200 Class Desk Accessories, Smoke",18.84,3,0.0,7.9128
2929,US-2017-120390,10/19/2017,10/26/2017,Standard Class,TH-21550,Tracy Hopkins,Home Office,United States,Burlington,North Carolina,27217,South,OFF-BI-10004995,Office Supplies,Binders,GBC DocuBind P400 Electric Binding System,1633.188,4,0.7,-1306.5504
2969,CA-2017-167941,11/6/2017,11/9/2017,Second Class,JF-15565,Jill Fjeld,Consumer,United States,Fayetteville,North Carolina,28314,South,OFF-AP-10002118,Office Supplies,Appliances,"1.7 Cubic Foot Compact ""Cube"" Office Refrigerators",499.584,3,0.2,43.7136
2970,CA-2017-167941,11/6/2017,11/9/2017,Second Class,JF-15565,Jill Fjeld,Consumer,United States,Fayetteville,North Carolina,28314,South,OFF-PA-10001800,Office Supplies,Paper,Xerox 220,31.104,6,0.2,10.8864
2971,CA-2017-167941,11/6/2017,11/9/2017,Second Class,JF-15565,Jill Fjeld,Consumer,United States,Fayetteville,North Carolina,28314,South,OFF-BI-10002827,Office Supplies,Binders,Avery Durable Poly Binders,13.272,8,0.7,-10.6176
2972,CA-2017-167941,11/6/2017,11/9/2017,Second Class,JF-15565,Jill Fjeld,Consumer,United States,Fayetteville,North Carolina,28314,South,FUR-FU-10004671,Furniture,Furnishings,"Executive Impressions 12"" Wall Clock",28.272,2,0.2,6.3612
2973,CA-2017-167941,11/6/2017,11/9/2017,Second Class,JF-15565,Jill Fjeld,Consumer,United States,Fayetteville,North Carolina,28314,South,OFF-ST-10000736,Office Supplies,Storage,Carina Double Wide Media Storage Towers in Natural & Black,259.136,4,0.2,-51.8272
2979,CA-2014-109232,1/13/2014,1/16/2014,Second Class,ND-18370,Natalie DeCherney,Consumer,United States,Mount Pleasant,South Carolina,29464,South,FUR-CH-10000422,Furniture,Chairs,Global Highback Leather Tilter in Burgundy,545.94,6,0.0,87.3504
2986,CA-2016-139269,5/25/2016,5/30/2016,Standard Class,JB-16045,Julia Barnett,Home Office,United States,Columbus,Georgia,31907,South,FUR-FU-10000755,Furniture,Furnishings,Eldon Expressions Mahogany Wood Desk Collection,24.96,4,0.0,6.24
2987,CA-2016-139269,5/25/2016,5/30/2016,Standard Class,JB-16045,Julia Barnett,Home Office,United States,Columbus,Georgia,31907,South,OFF-PA-10002893,Office Supplies,Paper,"Wirebound Service Call Books, 5 1/2"" x 4""",19.36,2,0.0,9.2928
2988,CA-2016-139269,5/25/2016,5/30/2016,Standard Class,JB-16045,Julia Barnett,Home Office,United States,Columbus,Georgia,31907,South,OFF-ST-10000689,Office Supplies,Storage,"Fellowes Strictly Business Drawer File, Letter/Legal Size",1267.65,9,0.0,152.118
3009,CA-2016-124772,12/5/2016,12/6/2016,First Class,JG-15160,James Galang,Consumer,United States,Murray,Kentucky,42071,South,FUR-FU-10004748,Furniture,Furnishings,"Howard Miller 16"" Diameter Gallery Wall Clock",191.82,3,0.0,74.8098
3029,CA-2017-116855,12/17/2017,12/21/2017,Standard Class,AI-10855,Arianne Irving,Consumer,United States,Chesapeake,Virginia,23320,South,FUR-CH-10003846,Furniture,Chairs,Hon Valutask Swivel Chairs,504.9,5,0.0,80.784
3035,US-2015-123960,6/11/2015,6/16/2015,Standard Class,BD-11605,Brian Dahlen,Consumer,United States,Monroe,Louisiana,71203,South,TEC-AC-10003038,Technology,Accessories,Kingston Digital DataTraveler 16GB USB 2.0,53.7,6,0.0,10.203
3036,US-2015-123960,6/11/2015,6/16/2015,Standard Class,BD-11605,Brian Dahlen,Consumer,United States,Monroe,Louisiana,71203,South,OFF-BI-10002799,Office Supplies,Binders,"SlimView Poly Binder, 3/8""",36.26,7,0.0,16.6796
3037,US-2015-123960,6/11/2015,6/16/2015,Standard Class,BD-11605,Brian Dahlen,Consumer,United States,Monroe,Louisiana,71203,South,OFF-AR-10003582,Office Supplies,Art,"Boston Electric Pencil Sharpener, Model 1818, Charcoal Black",56.3,2,0.0,15.764
3038,US-2015-123960,6/11/2015,6/16/2015,Standard Class,BD-11605,Brian Dahlen,Consumer,United States,Monroe,Louisiana,71203,South,OFF-PA-10004451,Office Supplies,Paper,Xerox 222,32.4,5,0.0,15.552
3039,US-2015-123960,6/11/2015,6/16/2015,Standard Class,BD-11605,Brian Dahlen,Consumer,United States,Monroe,Louisiana,71203,South,FUR-FU-10004666,Furniture,Furnishings,DAX Clear Channel Poster Frame,29.16,2,0.0,10.7892
3041,US-2016-147991,5/5/2016,5/9/2016,Standard Class,ZD-21925,Zuschuss Donatelli,Consumer,United States,Chattanooga,Tennessee,37421,South,FUR-FU-10004270,Furniture,Furnishings,"Eldon Image Series Desk Accessories, Burgundy",16.72,5,0.2,3.344
3049,CA-2017-121419,4/2/2017,4/4/2017,First Class,TC-21475,Tony Chapman,Home Office,United States,Columbus,Georgia,31907,South,FUR-TA-10004534,Furniture,Tables,Bevis 44 x 96 Conference Tables,411.8,2,0.0,70.006
3050,CA-2017-121419,4/2/2017,4/4/2017,First Class,TC-21475,Tony Chapman,Home Office,United States,Columbus,Georgia,31907,South,TEC-AC-10000892,Technology,Accessories,NETGEAR N750 Dual Band Wi-Fi Gigabit Router,360.0,4,0.0,129.6
3082,US-2017-132297,5/27/2017,6/2/2017,Standard Class,DW-13480,Dianna Wilson,Home Office,United States,Louisville,Kentucky,40214,South,OFF-BI-10003364,Office Supplies,Binders,Binding Machine Supplies,58.34,2,0.0,28.0032
3083,US-2017-132297,5/27/2017,6/2/2017,Standard Class,DW-13480,Dianna Wilson,Home Office,United States,Louisville,Kentucky,40214,South,TEC-PH-10002834,Technology,Phones,Google Nexus 5,539.97,3,0.0,134.9925
3089,US-2017-159205,3/31/2017,4/2/2017,Second Class,DB-12910,Daniel Byrd,Home Office,United States,Henderson,Kentucky,42420,South,FUR-FU-10001591,Furniture,Furnishings,Advantus Panel Wall Certificate Holder - 8.5x11,61.0,5,0.0,25.62
3090,US-2017-159205,3/31/2017,4/2/2017,Second Class,DB-12910,Daniel Byrd,Home Office,United States,Henderson,Kentucky,42420,South,TEC-PH-10000526,Technology,Phones,Vtech CS6719,671.93,7,0.0,188.1404
3119,CA-2015-121720,6/11/2015,6/12/2015,First Class,JE-15610,Jim Epp,Corporate,United States,Lakeland,Florida,33801,South,FUR-CH-10003312,Furniture,Chairs,Hon 2090 Pillow Soft Series Mid Back Swivel/Tilt Chairs,1123.92,5,0.2,-182.637
3120,CA-2015-121720,6/11/2015,6/12/2015,First Class,JE-15610,Jim Epp,Corporate,United States,Lakeland,Florida,33801,South,TEC-PH-10002496,Technology,Phones,Cisco SPA301,249.584,2,0.2,31.198
3121,CA-2015-121720,6/11/2015,6/12/2015,First Class,JE-15610,Jim Epp,Corporate,United States,Lakeland,Florida,33801,South,FUR-FU-10003464,Furniture,Furnishings,"Seth Thomas 8 1/2"" Cubicle Clock",48.672,3,0.2,7.3008
3122,CA-2015-121720,6/11/2015,6/12/2015,First Class,JE-15610,Jim Epp,Corporate,United States,Lakeland,Florida,33801,South,OFF-AR-10000380,Office Supplies,Art,"Hunt PowerHouse Electric Pencil Sharpener, Blue",60.768,2,0.2,7.596
3123,CA-2015-121720,6/11/2015,6/12/2015,First Class,JE-15610,Jim Epp,Corporate,United States,Lakeland,Florida,33801,South,OFF-BI-10004593,Office Supplies,Binders,Ibico Laser Imprintable Binding System Covers,78.6,5,0.7,-62.88
3124,CA-2015-121720,6/11/2015,6/12/2015,First Class,JE-15610,Jim Epp,Corporate,United States,Lakeland,Florida,33801,South,OFF-BI-10001308,Office Supplies,Binders,GBC Standard Plastic Binding Systems' Combs,3.768,2,0.7,-3.14
3125,CA-2015-121720,6/11/2015,6/12/2015,First Class,JE-15610,Jim Epp,Corporate,United States,Lakeland,Florida,33801,South,OFF-ST-10001780,Office Supplies,Storage,Tennsco 16-Compartment Lockers with Coat Rack,1036.624,2,0.2,51.8312
3126,CA-2015-121720,6/11/2015,6/12/2015,First Class,JE-15610,Jim Epp,Corporate,United States,Lakeland,Florida,33801,South,OFF-ST-10003816,Office Supplies,Storage,Fellowes High-Stak Drawer Files,563.808,4,0.2,21.1428
3159,US-2016-162677,3/26/2016,3/27/2016,First Class,DB-13210,Dean Braden,Consumer,United States,Jacksonville,North Carolina,28540,South,OFF-ST-10001291,Office Supplies,Storage,"Tenex Personal Self-Stacking Standard File Box, Black/Gray",67.64,5,0.2,5.9185
3160,US-2016-162677,3/26/2016,3/27/2016,First Class,DB-13210,Dean Braden,Consumer,United States,Jacksonville,North Carolina,28540,South,TEC-AC-10001314,Technology,Accessories,Case Logic 2.4GHz Wireless Keyboard,119.976,3,0.2,-17.9964
3169,CA-2016-138695,5/28/2016,6/3/2016,Standard Class,KC-16675,Kimberly Carter,Corporate,United States,Tallahassee,Florida,32303,South,FUR-CH-10003833,Furniture,Chairs,Novimex Fabric Task Chair,390.272,8,0.2,-24.392
3170,CA-2016-138695,5/28/2016,6/3/2016,Standard Class,KC-16675,Kimberly Carter,Corporate,United States,Tallahassee,Florida,32303,South,OFF-PA-10001667,Office Supplies,Paper,Great White Multi-Use Recycled Paper (20Lb. and 84 Bright),62.192,13,0.2,19.435
3171,CA-2017-107461,12/21/2017,12/26/2017,Second Class,PK-19075,Pete Kriz,Consumer,United States,Columbia,South Carolina,29203,South,OFF-BI-10002003,Office Supplies,Binders,Ibico Presentation Index for Binding Systems,23.88,6,0.0,11.2236
3196,CA-2016-169026,8/8/2016,8/13/2016,Standard Class,CM-12655,Corinna Mitchell,Home Office,United States,Jackson,Mississippi,39212,South,OFF-FA-10001883,Office Supplies,Fasteners,"Alliance Super-Size Bands, Assorted Sizes",23.34,3,0.0,0.2334
3199,CA-2014-131527,12/1/2014,12/7/2014,Standard Class,TB-21280,Toby Braunhardt,Consumer,United States,Jacksonville,North Carolina,28540,South,TEC-PH-10001644,Technology,Phones,"BlueLounge Milo Smartphone Stand, White/Metallic",95.968,4,0.2,9.5968
3242,US-2016-140809,2/1/2016,2/3/2016,First Class,CK-12760,Cyma Kinney,Corporate,United States,Arlington,Virginia,22204,South,OFF-ST-10002214,Office Supplies,Storage,X-Rack File for Hanging Folders,56.45,5,0.0,14.677
3257,CA-2015-155453,8/9/2015,8/14/2015,Standard Class,RA-19885,Ruben Ausman,Corporate,United States,Jacksonville,Florida,32216,South,OFF-LA-10001613,Office Supplies,Labels,Avery File Folder Labels,4.608,2,0.2,1.6704
3258,US-2016-161844,12/9/2016,12/14/2016,Second Class,DK-12835,Damala Kotsonis,Corporate,United States,Franklin,Tennessee,37064,South,FUR-TA-10001676,Furniture,Tables,Hon 61000 Series Interactive Training Tables,79.974,3,0.4,-29.3238
3259,US-2016-161844,12/9/2016,12/14/2016,Second Class,DK-12835,Damala Kotsonis,Corporate,United States,Franklin,Tennessee,37064,South,OFF-BI-10003712,Office Supplies,Binders,"Acco Pressboard Covers with Storage Hooks, 14 7/8"" x 11"", Light Blue",2.946,2,0.7,-2.0622
3265,CA-2016-122518,3/4/2016,3/8/2016,Second Class,RF-19345,Randy Ferguson,Corporate,United States,Miami,Florida,33180,South,OFF-LA-10001641,Office Supplies,Labels,Avery 518,10.08,4,0.2,3.528
3268,CA-2014-143840,5/22/2014,5/29/2014,Standard Class,EH-14185,Evan Henry,Consumer,United States,Decatur,Alabama,35601,South,TEC-PH-10002660,Technology,Phones,Nortel Networks T7316 E Nt8 B27,135.98,2,0.0,33.995
3269,CA-2014-143840,5/22/2014,5/29/2014,Standard Class,EH-14185,Evan Henry,Consumer,United States,Decatur,Alabama,35601,South,TEC-PH-10003171,Technology,Phones,Plantronics Encore H101 Dual Earpieces Headset,44.95,1,0.0,12.586
3277,CA-2014-102988,4/5/2014,4/9/2014,Second Class,GM-14695,Greg Maxwell,Corporate,United States,Alexandria,Virginia,22304,South,OFF-AR-10004757,Office Supplies,Art,Crayola Colored Pencils,22.96,7,0.0,7.5768
3278,CA-2014-102988,4/5/2014,4/9/2014,Second Class,GM-14695,Greg Maxwell,Corporate,United States,Alexandria,Virginia,22304,South,TEC-PH-10001615,Technology,Phones,AT&T CL82213,28.99,1,0.0,8.4071
3279,CA-2014-102988,4/5/2014,4/9/2014,Second Class,GM-14695,Greg Maxwell,Corporate,United States,Alexandria,Virginia,22304,South,OFF-PA-10003349,Office Supplies,Paper,Xerox 1957,12.96,2,0.0,6.3504
3280,CA-2014-102988,4/5/2014,4/9/2014,Second Class,GM-14695,Greg Maxwell,Corporate,United States,Alexandria,Virginia,22304,South,OFF-AR-10000127,Office Supplies,Art,Newell 321,22.96,7,0.0,6.6584
3281,CA-2014-102988,4/5/2014,4/9/2014,Second Class,GM-14695,Greg Maxwell,Corporate,United States,Alexandria,Virginia,22304,South,OFF-SU-10002881,Office Supplies,Supplies,Martin Yale Chadless Opener Electric Letter Opener,4164.05,5,0.0,83.281
3282,US-2014-117170,9/17/2014,9/24/2014,Standard Class,KT-16465,Kean Takahito,Consumer,United States,Raleigh,North Carolina,27604,South,TEC-AC-10001109,Technology,Accessories,Logitech Trackman Marble Mouse,47.984,2,0.2,13.1956
3283,US-2014-117170,9/17/2014,9/24/2014,Standard Class,KT-16465,Kean Takahito,Consumer,United States,Raleigh,North Carolina,27604,South,OFF-PA-10000682,Office Supplies,Paper,Xerox 1924,4.624,1,0.2,1.6762
3312,CA-2016-162747,3/20/2016,3/25/2016,Second Class,AH-10030,Aaron Hawkins,Corporate,United States,Gulfport,Mississippi,39503,South,FUR-FU-10003691,Furniture,Furnishings,"Eldon Image Series Desk Accessories, Ebony",86.45,7,0.0,38.038
3320,CA-2014-134551,12/20/2014,12/25/2014,Standard Class,TS-21505,Tony Sayre,Consumer,United States,Columbia,Tennessee,38401,South,OFF-AP-10004868,Office Supplies,Appliances,Hoover Commercial Soft Guard Upright Vacuum And Disposable Filtration Bags,43.512,7,0.2,3.8073
3321,CA-2014-134551,12/20/2014,12/25/2014,Standard Class,TS-21505,Tony Sayre,Consumer,United States,Columbia,Tennessee,38401,South,FUR-CH-10004287,Furniture,Chairs,SAFCO Arco Folding Chair,662.88,3,0.2,74.574
3322,CA-2014-134551,12/20/2014,12/25/2014,Standard Class,TS-21505,Tony Sayre,Consumer,United States,Columbia,Tennessee,38401,South,OFF-PA-10002689,Office Supplies,Paper,Weyerhaeuser First Choice Laser/Copy Paper (20Lb. and 88 Bright),25.92,5,0.2,9.072
3382,US-2017-162208,8/27/2017,8/30/2017,First Class,SP-20620,Stefania Perrino,Corporate,United States,Tampa,Florida,33614,South,OFF-EN-10004030,Office Supplies,Envelopes,Convenience Packs of Business Envelopes,2.896,1,0.2,0.9774
3386,CA-2017-148404,10/7/2017,10/11/2017,Standard Class,Dp-13240,Dean percer,Home Office,United States,Charlotte,North Carolina,28205,South,OFF-ST-10003208,Office Supplies,Storage,Adjustable Depth Letter/Legal Cart,580.672,4,0.2,65.3256
3387,CA-2017-148404,10/7/2017,10/11/2017,Standard Class,Dp-13240,Dean percer,Home Office,United States,Charlotte,North Carolina,28205,South,OFF-FA-10003112,Office Supplies,Fasteners,Staples,18.936,3,0.2,5.9175
3388,CA-2017-148404,10/7/2017,10/11/2017,Standard Class,Dp-13240,Dean percer,Home Office,United States,Charlotte,North Carolina,28205,South,TEC-PH-10004447,Technology,Phones,Toshiba IPT2010-SD IP Telephone,222.384,2,0.2,16.6788
3389,CA-2017-148404,10/7/2017,10/11/2017,Standard Class,Dp-13240,Dean percer,Home Office,United States,Charlotte,North Carolina,28205,South,OFF-BI-10002854,Office Supplies,Binders,"Performers Binder/Pad Holder, Black",50.454,6,0.7,-33.636
3390,CA-2017-148404,10/7/2017,10/11/2017,Standard Class,Dp-13240,Dean percer,Home Office,United States,Charlotte,North Carolina,28205,South,FUR-TA-10001039,Furniture,Tables,KI Adjustable-Height Table,154.764,3,0.4,-36.1116
3399,CA-2014-102274,11/21/2014,11/26/2014,Standard Class,DH-13075,Dave Hallsten,Corporate,United States,Richmond,Kentucky,40475,South,TEC-PH-10002923,Technology,Phones,"Logitech B530 USB Headset - headset - Full size, Binaural",36.99,1,0.0,9.9873
3400,CA-2014-102274,11/21/2014,11/26/2014,Standard Class,DH-13075,Dave Hallsten,Corporate,United States,Richmond,Kentucky,40475,South,OFF-PA-10004359,Office Supplies,Paper,Multicolor Computer Printout Paper,629.1,6,0.0,301.968
3401,CA-2014-102274,11/21/2014,11/26/2014,Standard Class,DH-13075,Dave Hallsten,Corporate,United States,Richmond,Kentucky,40475,South,OFF-ST-10001511,Office Supplies,Storage,Space Solutions Commercial Steel Shelving,193.95,3,0.0,9.6975
3402,CA-2014-102274,11/21/2014,11/26/2014,Standard Class,DH-13075,Dave Hallsten,Corporate,United States,Richmond,Kentucky,40475,South,OFF-AR-10002833,Office Supplies,Art,Newell 322,5.46,3,0.0,1.4742
3448,CA-2017-102554,6/11/2017,6/15/2017,Standard Class,KN-16705,Kristina Nunn,Home Office,United States,Auburn,Alabama,36830,South,OFF-AR-10001919,Office Supplies,Art,"OIC #2 Pencils, Medium Soft",3.76,2,0.0,1.0904
3453,CA-2014-157609,3/16/2014,3/21/2014,Second Class,KN-16705,Kristina Nunn,Home Office,United States,Raleigh,North Carolina,27604,South,TEC-PH-10002415,Technology,Phones,Polycom VoiceStation 500 Conference phone,471.92,2,0.2,29.495
3454,CA-2015-153325,3/1/2015,3/2/2015,Second Class,ST-20530,Shui Tom,Consumer,United States,Macon,Georgia,31204,South,OFF-BI-10004236,Office Supplies,Binders,"XtraLife ClearVue Slant-D Ring Binder, White, 3""",58.72,4,0.0,27.0112
3455,CA-2015-153626,7/9/2015,7/14/2015,Standard Class,EB-13870,Emily Burns,Consumer,United States,Nashville,Tennessee,37211,South,OFF-AR-10000657,Office Supplies,Art,"Binney & Smith inkTank Desk Highlighter, Chisel Tip, Yellow, 12/Box",5.16,3,0.2,0.8385
3456,CA-2016-166485,2/20/2016,2/27/2016,Standard Class,AH-10210,Alan Hwang,Consumer,United States,Nashville,Tennessee,37211,South,OFF-PA-10004996,Office Supplies,Paper,"Speediset Carbonless Redi-Letter 7"" x 8 1/2""",16.496,2,0.2,5.5674
3464,CA-2016-165470,11/25/2016,11/30/2016,Standard Class,HJ-14875,Heather Jas,Home Office,United States,Jacksonville,Florida,32216,South,OFF-PA-10004675,Office Supplies,Paper,"Telephone Message Books with Fax/Mobile Section, 5 1/2"" x 3 3/16""",5.08,1,0.2,1.651
3465,CA-2017-128699,12/3/2017,12/5/2017,Second Class,ND-18370,Natalie DeCherney,Consumer,United States,Jacksonville,Florida,32216,South,TEC-AC-10001990,Technology,Accessories,Kensington Orbit Wireless Mobile Trackball for PC and Mac,47.992,1,0.2,7.1988
3469,CA-2016-146143,12/14/2016,12/19/2016,Standard Class,MC-17845,Michael Chen,Consumer,United States,Jackson,Mississippi,39212,South,FUR-FU-10002045,Furniture,Furnishings,"Executive Impressions 14""",133.38,6,0.0,58.6872
3470,CA-2015-100888,4/6/2015,4/10/2015,Standard Class,MH-17455,Mark Hamilton,Consumer,United States,Jacksonville,North Carolina,28540,South,OFF-PA-10001019,Office Supplies,Paper,Xerox 1884,47.952,3,0.2,16.1838
3482,CA-2014-124023,4/7/2014,4/10/2014,First Class,PJ-19015,Pauline Johnson,Consumer,United States,Mobile,Alabama,36608,South,FUR-FU-10004415,Furniture,Furnishings,"Stacking Tray, Side-Loading, Legal, Smoke",8.96,2,0.0,2.7776
3483,CA-2014-124688,8/27/2014,8/29/2014,First Class,CC-12610,Corey Catlett,Corporate,United States,Springfield,Virginia,22153,South,TEC-PH-10000455,Technology,Phones,GE 30522EE2,579.95,5,0.0,168.1855
3484,CA-2014-124688,8/27/2014,8/29/2014,First Class,CC-12610,Corey Catlett,Corporate,United States,Springfield,Virginia,22153,South,FUR-FU-10002456,Furniture,Furnishings,"Master Caster Door Stop, Large Neon Orange",29.12,4,0.0,12.5216
3485,CA-2014-124688,8/27/2014,8/29/2014,First Class,CC-12610,Corey Catlett,Corporate,United States,Springfield,Virginia,22153,South,FUR-TA-10003569,Furniture,Tables,Bretford CR8500 Series Meeting Room Furniture,1202.94,3,0.0,300.735
3487,US-2016-134761,11/30/2016,11/30/2016,Same Day,DB-13210,Dean Braden,Consumer,United States,Hickory,North Carolina,28601,South,TEC-PH-10002890,Technology,Phones,AT&T 17929 Lendline Telephone,36.192,1,0.2,2.7144
3488,CA-2017-120705,9/5/2017,9/11/2017,Standard Class,MG-17875,Michael Grace,Home Office,United States,Fort Lauderdale,Florida,33311,South,OFF-ST-10001522,Office Supplies,Storage,"Gould Plastics 18-Pocket Panel Bin, 34w x 5-1/4d x 20-1/2h",147.184,2,0.2,-29.4368
3500,CA-2016-108616,9/29/2016,10/3/2016,Standard Class,JK-15730,Joe Kamberova,Consumer,United States,Mobile,Alabama,36608,South,TEC-AC-10000420,Technology,Accessories,Logitech G500s Laser Gaming Mouse with Adjustable Weight Tuning,209.97,3,0.0,71.3898
3501,CA-2016-108616,9/29/2016,10/3/2016,Standard Class,JK-15730,Joe Kamberova,Consumer,United States,Mobile,Alabama,36608,South,OFF-BI-10001989,Office Supplies,Binders,Premium Transparent Presentation Covers by GBC,62.94,3,0.0,30.2112
3502,CA-2016-108616,9/29/2016,10/3/2016,Standard Class,JK-15730,Joe Kamberova,Consumer,United States,Mobile,Alabama,36608,South,OFF-AR-10001149,Office Supplies,Art,"Sanford Colorific Colored Pencils, 12/Box",25.92,9,0.0,7.776
3516,CA-2016-168536,12/20/2016,12/24/2016,Standard Class,SC-20800,Stuart Calhoun,Consumer,United States,Jackson,Mississippi,39212,South,TEC-AC-10002323,Technology,Accessories,SanDisk Ultra 32 GB MicroSDHC Class 10 Memory Card,66.3,3,0.0,8.619
3517,US-2016-113649,8/9/2016,8/12/2016,First Class,HA-14920,Helen Andreada,Consumer,United States,Fayetteville,North Carolina,28314,South,OFF-PA-10000130,Office Supplies,Paper,Xerox 199,30.816,9,0.2,9.63
3518,US-2016-113649,8/9/2016,8/12/2016,First Class,HA-14920,Helen Andreada,Consumer,United States,Fayetteville,North Carolina,28314,South,TEC-PH-10002350,Technology,Phones,Apple EarPods with Remote and Mic,44.784,2,0.2,4.4784
3519,US-2016-113649,8/9/2016,8/12/2016,First Class,HA-14920,Helen Andreada,Consumer,United States,Fayetteville,North Carolina,28314,South,OFF-AP-10002518,Office Supplies,Appliances,Kensington 7 Outlet MasterPiece Power Center,569.536,4,0.2,64.0728
3526,CA-2017-148922,12/10/2017,12/15/2017,Second Class,SU-20665,Stephanie Ulpright,Home Office,United States,Jackson,Mississippi,39212,South,TEC-AC-10001838,Technology,Accessories,Razer Tiamat Over Ear 7.1 Surround Sound PC Gaming Headset,599.97,3,0.0,257.9871
3527,CA-2017-148922,12/10/2017,12/15/2017,Second Class,SU-20665,Stephanie Ulpright,Home Office,United States,Jackson,Mississippi,39212,South,TEC-PH-10000148,Technology,Phones,Cyber Acoustics AC-202b Speech Recognition Stereo Headset,38.97,3,0.0,0.7794
3528,CA-2017-148922,12/10/2017,12/15/2017,Second Class,SU-20665,Stephanie Ulpright,Home Office,United States,Jackson,Mississippi,39212,South,OFF-BI-10003476,Office Supplies,Binders,Avery Metallic Poly Binders,45.84,8,0.0,22.0032
3530,CA-2015-141145,9/17/2015,9/23/2015,Standard Class,DB-13405,Denny Blanton,Consumer,United States,Orlando,Florida,32839,South,TEC-AC-10001465,Technology,Accessories,SanDisk Cruzer 64 GB USB Flash Drive,87.168,3,0.2,10.896
3538,CA-2014-158771,5/9/2014,5/9/2014,Same Day,SB-20290,Sean Braxton,Corporate,United States,Henderson,Kentucky,42420,South,OFF-ST-10000107,Office Supplies,Storage,Fellowes Super Stor/Drawer,83.25,3,0.0,14.985
3539,CA-2014-158771,5/9/2014,5/9/2014,Same Day,SB-20290,Sean Braxton,Corporate,United States,Henderson,Kentucky,42420,South,OFF-LA-10001641,Office Supplies,Labels,Avery 518,9.45,3,0.0,4.536
3540,CA-2014-158771,5/9/2014,5/9/2014,Same Day,SB-20290,Sean Braxton,Corporate,United States,Henderson,Kentucky,42420,South,OFF-LA-10003121,Office Supplies,Labels,Avery 506,20.65,5,0.0,9.499
3541,CA-2014-158771,5/9/2014,5/9/2014,Same Day,SB-20290,Sean Braxton,Corporate,United States,Henderson,Kentucky,42420,South,OFF-PA-10002689,Office Supplies,Paper,Weyerhaeuser First Choice Laser/Copy Paper (20Lb. and 88 Bright),45.36,7,0.0,21.7728
3547,CA-2017-155292,10/30/2017,11/1/2017,First Class,RD-19810,Ross DeVincentis,Home Office,United States,Richmond,Kentucky,40475,South,OFF-ST-10004963,Office Supplies,Storage,Eldon Gobal File Keepers,105.98,7,0.0,4.2392
3548,CA-2017-155292,10/30/2017,11/1/2017,First Class,RD-19810,Ross DeVincentis,Home Office,United States,Richmond,Kentucky,40475,South,OFF-SU-10002573,Office Supplies,Supplies,"Acme 10"" Easy Grip Assistive Scissors",35.06,2,0.0,10.518
3549,CA-2017-155292,10/30/2017,11/1/2017,First Class,RD-19810,Ross DeVincentis,Home Office,United States,Richmond,Kentucky,40475,South,FUR-CH-10000553,Furniture,Chairs,"Metal Folding Chairs, Beige, 4/Carton",33.94,1,0.0,9.1638
3550,CA-2017-155292,10/30/2017,11/1/2017,First Class,RD-19810,Ross DeVincentis,Home Office,United States,Richmond,Kentucky,40475,South,OFF-LA-10001982,Office Supplies,Labels,Smead Alpha-Z Color-Coded Name Labels First Letter Starter Set,30.0,8,0.0,14.4
3576,CA-2015-143532,3/19/2015,3/24/2015,Standard Class,DC-12850,Dan Campbell,Consumer,United States,North Miami,Florida,33161,South,OFF-PA-10001560,Office Supplies,Paper,"Adams Telephone Message Books, 5 1/4 x 11",14.496,3,0.2,4.8924
3579,CA-2016-104157,7/25/2016,7/29/2016,Standard Class,MT-17815,Meg Tillman,Consumer,United States,Jackson,Mississippi,39212,South,OFF-ST-10000321,Office Supplies,Storage,Akro Stacking Bins,7.89,1,0.0,0.3156
3580,CA-2016-104157,7/25/2016,7/29/2016,Standard Class,MT-17815,Meg Tillman,Consumer,United States,Jackson,Mississippi,39212,South,OFF-PA-10004665,Office Supplies,Paper,Advantus Motivational Note Cards,65.5,5,0.0,32.095
3581,CA-2016-104157,7/25/2016,7/29/2016,Standard Class,MT-17815,Meg Tillman,Consumer,United States,Jackson,Mississippi,39212,South,FUR-TA-10004915,Furniture,Tables,"Office Impressions End Table, 20-1/2""H x 24""W x 20""D",2430.08,8,0.0,388.8128
3589,CA-2017-158729,12/19/2017,12/21/2017,First Class,AC-10450,Amy Cox,Consumer,United States,Lafayette,Louisiana,70506,South,OFF-SU-10002881,Office Supplies,Supplies,Martin Yale Chadless Opener Electric Letter Opener,1665.62,2,0.0,33.3124
3590,CA-2017-146535,11/24/2017,11/30/2017,Standard Class,FM-14290,Frank Merwin,Home Office,United States,Richmond,Kentucky,40475,South,OFF-BI-10000546,Office Supplies,Binders,Avery Durable Binders,2.88,1,0.0,1.4112
3591,CA-2017-146535,11/24/2017,11/30/2017,Standard Class,FM-14290,Frank Merwin,Home Office,United States,Richmond,Kentucky,40475,South,OFF-ST-10001526,Office Supplies,Storage,Iceberg Mobile Mega Data/Printer Cart ,1443.96,12,0.0,375.4296
3621,CA-2016-109743,9/22/2016,9/29/2016,Standard Class,SH-19975,Sally Hughsby,Corporate,United States,Smyrna,Tennessee,37167,South,OFF-AR-10003727,Office Supplies,Art,Berol Giant Pencil Sharpener,40.776,3,0.2,4.5873
3622,CA-2016-109743,9/22/2016,9/29/2016,Standard Class,SH-19975,Sally Hughsby,Corporate,United States,Smyrna,Tennessee,37167,South,TEC-PH-10004071,Technology,Phones,PayAnywhere Card Reader,63.936,8,0.2,5.5944
3623,CA-2014-159184,9/14/2014,9/19/2014,Standard Class,JC-15775,John Castell,Consumer,United States,Macon,Georgia,31204,South,FUR-FU-10002878,Furniture,Furnishings,"Seth Thomas 14"" Day/Date Wall Clock",142.4,5,0.0,52.688
3624,CA-2014-159184,9/14/2014,9/19/2014,Standard Class,JC-15775,John Castell,Consumer,United States,Macon,Georgia,31204,South,OFF-BI-10001890,Office Supplies,Binders,Avery Poly Binder Pockets,7.16,2,0.0,3.4368
3649,CA-2015-168459,11/22/2015,11/27/2015,Standard Class,MC-17275,Marc Crier,Consumer,United States,Memphis,Tennessee,38109,South,OFF-BI-10003712,Office Supplies,Binders,"Acco Pressboard Covers with Storage Hooks, 14 7/8"" x 11"", Light Blue",2.946,2,0.7,-2.0622
3650,CA-2015-168459,11/22/2015,11/27/2015,Standard Class,MC-17275,Marc Crier,Consumer,United States,Memphis,Tennessee,38109,South,OFF-FA-10004854,Office Supplies,Fasteners,"Vinyl Coated Wire Paper Clips in Organizer Box, 800/Box",55.104,6,0.2,18.5976
3656,CA-2017-168102,4/24/2017,4/30/2017,Standard Class,CP-12340,Christine Phan,Corporate,United States,Jacksonville,Florida,32216,South,OFF-ST-10001370,Office Supplies,Storage,Sensible Storage WireTech Storage Systems,113.568,2,0.2,-21.294
3658,CA-2015-128083,3/12/2015,3/17/2015,Standard Class,EB-13750,Edward Becker,Corporate,United States,Plantation,Florida,33317,South,OFF-EN-10004030,Office Supplies,Envelopes,Convenience Packs of Business Envelopes,8.688,3,0.2,2.9322
3659,CA-2015-128083,3/12/2015,3/17/2015,Standard Class,EB-13750,Edward Becker,Corporate,United States,Plantation,Florida,33317,South,FUR-FU-10003194,Furniture,Furnishings,"Eldon Expressions Desk Accessory, Wood Pencil Holder, Oak",30.88,4,0.2,3.86
3660,CA-2015-128083,3/12/2015,3/17/2015,Standard Class,EB-13750,Edward Becker,Corporate,United States,Plantation,Florida,33317,South,FUR-FU-10001731,Furniture,Furnishings,Acrylic Self-Standing Desk Frames,6.408,3,0.2,1.4418
3688,CA-2016-108567,5/20/2016,5/24/2016,Standard Class,DB-13210,Dean Braden,Consumer,United States,Port Saint Lucie,Florida,34952,South,OFF-BI-10004140,Office Supplies,Binders,Avery Non-Stick Binders,2.694,2,0.7,-2.245
3695,CA-2016-142097,10/15/2016,10/20/2016,Standard Class,QJ-19255,Quincy Jones,Corporate,United States,Springfield,Virginia,22153,South,OFF-BI-10002082,Office Supplies,Binders,GBC Twin Loop Wire Binding Elements,232.96,7,0.0,116.48
3696,CA-2016-142097,10/15/2016,10/20/2016,Standard Class,QJ-19255,Quincy Jones,Corporate,United States,Springfield,Virginia,22153,South,OFF-EN-10002312,Office Supplies,Envelopes,#10 Self-Seal White Envelopes,66.54,6,0.0,32.6046
3697,CA-2016-142097,10/15/2016,10/20/2016,Standard Class,QJ-19255,Quincy Jones,Corporate,United States,Springfield,Virginia,22153,South,OFF-AP-10000696,Office Supplies,Appliances,Holmes Odor Grabber,43.26,3,0.0,14.2758
3703,CA-2015-104941,6/13/2015,6/19/2015,Standard Class,DH-13075,Dave Hallsten,Corporate,United States,Decatur,Alabama,35601,South,OFF-AR-10004269,Office Supplies,Art,Newell 31,24.78,6,0.0,6.9384
3704,CA-2015-104941,6/13/2015,6/19/2015,Standard Class,DH-13075,Dave Hallsten,Corporate,United States,Decatur,Alabama,35601,South,OFF-BI-10001249,Office Supplies,Binders,Avery Heavy-Duty EZD View Binder with Locking Rings,19.14,3,0.0,8.8044
3705,CA-2015-104941,6/13/2015,6/19/2015,Standard Class,DH-13075,Dave Hallsten,Corporate,United States,Decatur,Alabama,35601,South,TEC-CO-10004202,Technology,Copiers,Brother DCP1000 Digital 3 in 1 Multifunction Machine,899.97,3,0.0,314.9895
3706,CA-2015-104941,6/13/2015,6/19/2015,Standard Class,DH-13075,Dave Hallsten,Corporate,United States,Decatur,Alabama,35601,South,OFF-PA-10003363,Office Supplies,Paper,Xerox 204,32.4,5,0.0,15.552
3718,CA-2016-142370,9/19/2016,9/23/2016,Standard Class,TP-21130,Theone Pippenger,Consumer,United States,Columbus,Georgia,31907,South,OFF-SU-10003002,Office Supplies,Supplies,Letter Slitter,5.04,2,0.0,0.1512
3719,CA-2016-142370,9/19/2016,9/23/2016,Standard Class,TP-21130,Theone Pippenger,Consumer,United States,Columbus,Georgia,31907,South,TEC-AC-10002926,Technology,Accessories,Logitech Wireless Marathon Mouse M705,249.95,5,0.0,107.4785
3721,CA-2016-151155,12/20/2016,12/24/2016,Standard Class,AB-10255,Alejandro Ballentine,Home Office,United States,Jackson,Mississippi,39212,South,FUR-FU-10001918,Furniture,Furnishings,C-Line Cubicle Keepers Polyproplyene Holder With Velcro Backings,18.92,4,0.0,7.3788
3722,CA-2016-151155,12/20/2016,12/24/2016,Standard Class,AB-10255,Alejandro Ballentine,Home Office,United States,Jackson,Mississippi,39212,South,OFF-BI-10003910,Office Supplies,Binders,DXL Angle-View Binders with Locking Rings by Samsill,15.42,2,0.0,6.939
3745,CA-2014-113047,10/24/2014,10/24/2014,Same Day,AP-10915,Arthur Prichep,Consumer,United States,Rock Hill,South Carolina,29730,South,OFF-FA-10002763,Office Supplies,Fasteners,Advantus Map Pennant Flags and Round Head Tacks,11.85,3,0.0,3.792
3746,CA-2016-149979,9/23/2016,9/28/2016,Second Class,RA-19915,Russell Applegate,Consumer,United States,Columbus,Georgia,31907,South,OFF-ST-10003058,Office Supplies,Storage,Eldon Mobile Mega Data Cart  Mega Stackable  Add-On Trays,118.25,5,0.0,34.2925
3747,CA-2016-149979,9/23/2016,9/28/2016,Second Class,RA-19915,Russell Applegate,Consumer,United States,Columbus,Georgia,31907,South,FUR-CH-10002084,Furniture,Chairs,Hon Mobius Operator's Chair,368.97,3,0.0,81.1734
3769,CA-2014-153913,12/16/2014,12/20/2014,Second Class,KB-16585,Ken Black,Corporate,United States,Hialeah,Florida,33012,South,FUR-CH-10000988,Furniture,Chairs,Hon Olson Stacker Stools,1013.832,9,0.2,101.3832
3770,CA-2014-153913,12/16/2014,12/20/2014,Second Class,KB-16585,Ken Black,Corporate,United States,Hialeah,Florida,33012,South,OFF-FA-10000490,Office Supplies,Fasteners,"OIC Binder Clips, Mini, 1/4"" Capacity, Black",1.984,2,0.2,0.6696
3773,CA-2014-115357,8/6/2014,8/11/2014,Second Class,RF-19735,Roland Fjeld,Consumer,United States,Columbia,South Carolina,29203,South,TEC-AC-10000023,Technology,Accessories,"Maxell 74 Minute CD-R Spindle, 50/Pack",62.91,3,0.0,22.6476
3774,US-2014-102715,4/11/2014,4/13/2014,Second Class,JK-15370,Jay Kimmel,Consumer,United States,Miami,Florida,33180,South,OFF-FA-10001332,Office Supplies,Fasteners,"Acco Banker's Clasps, 5 3/4""-Long",6.912,3,0.2,2.3328
3775,US-2014-102715,4/11/2014,4/13/2014,Second Class,JK-15370,Jay Kimmel,Consumer,United States,Miami,Florida,33180,South,TEC-AC-10002001,Technology,Accessories,Logitech Wireless Gaming Headset G930,383.976,3,0.2,81.5949
3776,US-2014-102715,4/11/2014,4/13/2014,Second Class,JK-15370,Jay Kimmel,Consumer,United States,Miami,Florida,33180,South,OFF-PA-10000029,Office Supplies,Paper,Xerox 224,10.368,2,0.2,3.6288
3777,US-2014-102715,4/11/2014,4/13/2014,Second Class,JK-15370,Jay Kimmel,Consumer,United States,Miami,Florida,33180,South,TEC-AC-10001874,Technology,Accessories,Logitech Wireless Anywhere Mouse MX for PC and Mac,335.944,7,0.2,41.993
3779,US-2017-148768,11/30/2017,12/2/2017,Second Class,PN-18775,Parhena Norris,Home Office,United States,Miami,Florida,33180,South,TEC-PH-10002564,Technology,Phones,OtterBox Defender Series Case - Samsung Galaxy S4,71.976,3,0.2,8.997
3783,CA-2017-165204,11/13/2017,11/16/2017,Second Class,MN-17935,Michael Nguyen,Consumer,United States,Memphis,Tennessee,38109,South,OFF-PA-10003424,Office Supplies,Paper,"""While you Were Out"" Message Book, One Form per Page",8.904,3,0.2,3.339
3784,CA-2017-165204,11/13/2017,11/16/2017,Second Class,MN-17935,Michael Nguyen,Consumer,United States,Memphis,Tennessee,38109,South,OFF-ST-10003716,Office Supplies,Storage,Tennsco Double-Tier Lockers,720.064,4,0.2,-63.0056
3785,CA-2017-125752,7/31/2017,8/4/2017,Standard Class,EH-14125,Eugene Hildebrand,Home Office,United States,Fort Lauderdale,Florida,33311,South,TEC-AC-10003590,Technology,Accessories,"TRENDnet 56K USB 2.0 Phone, Internet and Fax Modem",41.424,2,0.2,8.2848
3798,CA-2017-121314,9/23/2017,9/26/2017,First Class,BE-11410,Bobby Elias,Consumer,United States,Miami,Florida,33178,South,OFF-PA-10003395,Office Supplies,Paper,Xerox 1941,251.64,3,0.2,88.074
3799,CA-2017-147760,11/4/2017,11/5/2017,First Class,KL-16555,Kelly Lampkin,Corporate,United States,Greensboro,North Carolina,27405,South,FUR-TA-10004575,Furniture,Tables,Hon 5100 Series Wood Tables,523.764,3,0.4,-192.0468
3800,CA-2017-147760,11/4/2017,11/5/2017,First Class,KL-16555,Kelly Lampkin,Corporate,United States,Greensboro,North Carolina,27405,South,TEC-PH-10002483,Technology,Phones,Motorola Moto X,1359.96,5,0.2,118.9965
3801,CA-2016-156503,10/14/2016,10/20/2016,Standard Class,NC-18415,Nathan Cano,Consumer,United States,Jacksonville,North Carolina,28540,South,FUR-CH-10003606,Furniture,Chairs,SAFCO Folding Chair Trolley,102.592,1,0.2,10.2592
3802,CA-2016-156503,10/14/2016,10/20/2016,Standard Class,NC-18415,Nathan Cano,Consumer,United States,Jacksonville,North Carolina,28540,South,TEC-AC-10002473,Technology,Accessories,Maxell 4.7GB DVD-R,22.704,1,0.2,5.9598
3803,CA-2016-156503,10/14/2016,10/20/2016,Standard Class,NC-18415,Nathan Cano,Consumer,United States,Jacksonville,North Carolina,28540,South,OFF-PA-10002319,Office Supplies,Paper,Xerox 1944,93.024,3,0.2,33.7212
3804,CA-2016-156503,10/14/2016,10/20/2016,Standard Class,NC-18415,Nathan Cano,Consumer,United States,Jacksonville,North Carolina,28540,South,OFF-SU-10000946,Office Supplies,Supplies,Staple remover,12.768,2,0.2,1.4364
3805,CA-2016-156503,10/14/2016,10/20/2016,Standard Class,NC-18415,Nathan Cano,Consumer,United States,Jacksonville,North Carolina,28540,South,OFF-EN-10001335,Office Supplies,Envelopes,"White Business Envelopes with Contemporary Seam, Recycled White Business Envelopes",35.008,4,0.2,13.128
3806,CA-2016-156503,10/14/2016,10/20/2016,Standard Class,NC-18415,Nathan Cano,Consumer,United States,Jacksonville,North Carolina,28540,South,OFF-PA-10002377,Office Supplies,Paper,Xerox 1916,39.152,1,0.2,14.682
3807,CA-2015-113628,11/12/2015,11/19/2015,Standard Class,AH-10690,Anna Häberlin,Corporate,United States,Plantation,Florida,33317,South,OFF-AR-10001246,Office Supplies,Art,Newell 317,11.76,5,0.2,1.323
3808,CA-2015-113628,11/12/2015,11/19/2015,Standard Class,AH-10690,Anna Häberlin,Corporate,United States,Plantation,Florida,33317,South,OFF-BI-10003291,Office Supplies,Binders,Wilson Jones Leather-Like Binders with DublLock Round Rings,5.238,2,0.7,-4.0158
3809,CA-2015-113628,11/12/2015,11/19/2015,Standard Class,AH-10690,Anna Häberlin,Corporate,United States,Plantation,Florida,33317,South,OFF-BI-10002799,Office Supplies,Binders,"SlimView Poly Binder, 3/8""",4.662,3,0.7,-3.7296
3810,CA-2015-113628,11/12/2015,11/19/2015,Standard Class,AH-10690,Anna Häberlin,Corporate,United States,Plantation,Florida,33317,South,FUR-CH-10003298,Furniture,Chairs,"Office Star - Contemporary Task Swivel chair with Loop Arms, Charcoal",523.92,5,0.2,-72.039
3811,CA-2015-113628,11/12/2015,11/19/2015,Standard Class,AH-10690,Anna Häberlin,Corporate,United States,Plantation,Florida,33317,South,TEC-PH-10000441,Technology,Phones,VTech DS6151,100.792,1,0.2,10.0792
3812,CA-2015-113628,11/12/2015,11/19/2015,Standard Class,AH-10690,Anna Häberlin,Corporate,United States,Plantation,Florida,33317,South,FUR-CH-10004477,Furniture,Chairs,"Global Push Button Manager's Chair, Indigo",146.136,3,0.2,16.4403
3815,CA-2016-152471,7/8/2016,7/8/2016,Same Day,ZD-21925,Zuschuss Donatelli,Consumer,United States,Jacksonville,Florida,32216,South,TEC-PH-10002824,Technology,Phones,Jabra SPEAK 410 Multidevice Speakerphone,823.96,5,0.2,51.4975
3816,CA-2016-152471,7/8/2016,7/8/2016,Same Day,ZD-21925,Zuschuss Donatelli,Consumer,United States,Jacksonville,Florida,32216,South,OFF-PA-10004965,Office Supplies,Paper,Xerox 1921,15.984,2,0.2,4.995
3817,CA-2015-102582,9/15/2015,9/19/2015,Standard Class,NW-18400,Natalie Webber,Consumer,United States,Mobile,Alabama,36608,South,FUR-TA-10003569,Furniture,Tables,Bretford CR8500 Series Meeting Room Furniture,801.96,2,0.0,200.49
3818,CA-2015-102582,9/15/2015,9/19/2015,Standard Class,NW-18400,Natalie Webber,Consumer,United States,Mobile,Alabama,36608,South,TEC-PH-10003187,Technology,Phones,Anker Astro Mini 3000mAh Ultra-Compact Portable Charger,59.97,3,0.0,0.0
3819,CA-2015-102582,9/15/2015,9/19/2015,Standard Class,NW-18400,Natalie Webber,Consumer,United States,Mobile,Alabama,36608,South,FUR-CH-10004853,Furniture,Chairs,"Global Manager's Adjustable Task Chair, Storm",1056.86,7,0.0,306.4894
3842,US-2014-109162,6/8/2014,6/12/2014,Standard Class,KE-16420,Katrina Edelman,Corporate,United States,Bristol,Tennessee,37620,South,FUR-CH-10002647,Furniture,Chairs,"Situations Contoured Folding Chairs, 4/Set",170.352,3,0.2,10.647
3849,CA-2017-161053,9/22/2017,9/23/2017,First Class,JE-15745,Joel Eaton,Consumer,United States,Fayetteville,Arkansas,72701,South,OFF-BI-10004318,Office Supplies,Binders,Ibico EB-19 Dual Function Manual Binding System,691.96,4,0.0,318.3016
3850,CA-2017-161053,9/22/2017,9/23/2017,First Class,JE-15745,Joel Eaton,Consumer,United States,Fayetteville,Arkansas,72701,South,TEC-AC-10004633,Technology,Accessories,"Verbatim 25 GB 6x Blu-ray Single Layer Recordable Disc, 3/Pack",34.95,5,0.0,15.378
3874,CA-2016-136231,9/5/2016,9/7/2016,Second Class,DM-13015,Darrin Martin,Consumer,United States,Johnson City,Tennessee,37604,South,OFF-EN-10001099,Office Supplies,Envelopes,Staple envelope,23.472,3,0.2,7.6284
3875,CA-2016-136231,9/5/2016,9/7/2016,Second Class,DM-13015,Darrin Martin,Consumer,United States,Johnson City,Tennessee,37604,South,OFF-BI-10001597,Office Supplies,Binders,"Wilson Jones Ledger-Size, Piano-Hinge Binder, 2"", Blue",86.058,7,0.7,-63.1092
3876,CA-2016-136231,9/5/2016,9/7/2016,Second Class,DM-13015,Darrin Martin,Consumer,United States,Johnson City,Tennessee,37604,South,TEC-PH-10002660,Technology,Phones,Nortel Networks T7316 E Nt8 B27,108.784,2,0.2,6.799
3877,CA-2016-136231,9/5/2016,9/7/2016,Second Class,DM-13015,Darrin Martin,Consumer,United States,Johnson City,Tennessee,37604,South,OFF-PA-10000327,Office Supplies,Paper,Xerox 1971,10.272,3,0.2,3.21
3878,CA-2016-140641,10/28/2016,11/2/2016,Standard Class,EP-13915,Emily Phan,Consumer,United States,Tampa,Florida,33614,South,OFF-BI-10001191,Office Supplies,Binders,Canvas Sectional Post Binders,38.19,5,0.7,-26.733
3885,CA-2014-152849,7/5/2014,7/12/2014,Standard Class,DW-13195,David Wiener,Corporate,United States,Knoxville,Tennessee,37918,South,OFF-AR-10002833,Office Supplies,Art,Newell 322,4.368,3,0.2,0.3822
3888,CA-2014-100895,6/2/2014,6/6/2014,Standard Class,SV-20785,Stewart Visinsky,Consumer,United States,Roswell,Georgia,30076,South,OFF-AR-10004511,Office Supplies,Art,"Sanford Colorific Scented Colored Pencils, 12/Pack",8.56,2,0.0,2.6536
3889,CA-2014-100895,6/2/2014,6/6/2014,Standard Class,SV-20785,Stewart Visinsky,Consumer,United States,Roswell,Georgia,30076,South,TEC-PH-10001425,Technology,Phones,Mophie Juice Pack Helium for iPhone,239.97,3,0.0,67.1916
3890,CA-2014-100895,6/2/2014,6/6/2014,Standard Class,SV-20785,Stewart Visinsky,Consumer,United States,Roswell,Georgia,30076,South,OFF-ST-10001490,Office Supplies,Storage,"Hot File 7-Pocket, Floor Stand",356.94,2,0.0,107.082
3896,CA-2017-110212,5/1/2017,5/5/2017,Standard Class,SJ-20125,Sanjit Jacobs,Home Office,United States,Texarkana,Arkansas,71854,South,TEC-AC-10002331,Technology,Accessories,"Maxell 74 Minute CDR, 10/Pack",48.9,5,0.0,18.093
3920,US-2015-148817,12/1/2015,12/7/2015,Standard Class,KD-16495,Keith Dawkins,Corporate,United States,Chesapeake,Virginia,23320,South,OFF-ST-10001321,Office Supplies,Storage,"Decoflex Hanging Personal Folder File, Blue",61.68,4,0.0,16.6536
3921,US-2015-148817,12/1/2015,12/7/2015,Standard Class,KD-16495,Keith Dawkins,Corporate,United States,Chesapeake,Virginia,23320,South,OFF-BI-10004233,Office Supplies,Binders,"GBC Pre-Punched Binding Paper, Plastic, White, 8-1/2"" x 11""",63.96,4,0.0,30.7008
3943,CA-2017-160458,5/27/2017,5/29/2017,Second Class,EH-13945,Eric Hoffmann,Consumer,United States,Memphis,Tennessee,38109,South,OFF-PA-10001166,Office Supplies,Paper,Xerox 2,25.92,5,0.2,9.072
3946,CA-2017-167871,11/18/2017,11/23/2017,Standard Class,AF-10870,Art Ferguson,Consumer,United States,Homestead,Florida,33030,South,OFF-PA-10001977,Office Supplies,Paper,Xerox 194,44.384,1,0.2,15.5344
3947,CA-2017-167871,11/18/2017,11/23/2017,Standard Class,AF-10870,Art Ferguson,Consumer,United States,Homestead,Florida,33030,South,OFF-SU-10001225,Office Supplies,Supplies,Staple remover,2.944,1,0.2,-0.6624
3958,CA-2016-156573,5/29/2016,6/2/2016,Standard Class,RB-19360,Raymond Buch,Consumer,United States,Nashville,Tennessee,37211,South,OFF-BI-10002414,Office Supplies,Binders,GBC ProClick Spines for 32-Hole Punch,11.277,3,0.7,-8.6457
3959,CA-2016-156573,5/29/2016,6/2/2016,Standard Class,RB-19360,Raymond Buch,Consumer,United States,Nashville,Tennessee,37211,South,OFF-AR-10003732,Office Supplies,Art,Newell 333,4.448,2,0.2,0.3336
3960,CA-2016-156573,5/29/2016,6/2/2016,Standard Class,RB-19360,Raymond Buch,Consumer,United States,Nashville,Tennessee,37211,South,FUR-FU-10001085,Furniture,Furnishings,3M Polarizing Light Filter Sleeves,44.76,3,0.2,14.547
3966,CA-2014-164910,11/12/2014,11/17/2014,Second Class,DM-13345,Denise Monton,Corporate,United States,Asheville,North Carolina,28806,South,OFF-AR-10003651,Office Supplies,Art,Newell 350,7.872,3,0.2,0.8856
3977,US-2016-116400,10/22/2016,10/24/2016,First Class,EB-13930,Eric Barreto,Consumer,United States,Richmond,Virginia,23223,South,FUR-FU-10003731,Furniture,Furnishings,"Eldon Expressions Wood and Plastic Desk Accessories, Oak",39.92,4,0.0,11.1776
3989,US-2016-159415,4/17/2016,4/22/2016,Standard Class,CS-12175,Charles Sheldon,Corporate,United States,Columbia,Tennessee,38401,South,FUR-FU-10003798,Furniture,Furnishings,"Ultra Door Kickplate, 8""H x 34""W",79.12,5,0.2,13.846
3992,CA-2015-161998,5/1/2015,5/5/2015,Standard Class,DB-13120,David Bremer,Corporate,United States,Tampa,Florida,33614,South,FUR-FU-10001095,Furniture,Furnishings,DAX Black Cherry Wood-Tone Poster Frame,63.552,3,0.2,14.2992
3993,CA-2015-161998,5/1/2015,5/5/2015,Standard Class,DB-13120,David Bremer,Corporate,United States,Tampa,Florida,33614,South,OFF-SU-10004261,Office Supplies,Supplies,"Fiskars 8"" Scissors, 2/Pack",41.376,3,0.2,4.6548
3994,CA-2015-161998,5/1/2015,5/5/2015,Standard Class,DB-13120,David Bremer,Corporate,United States,Tampa,Florida,33614,South,OFF-AR-10004022,Office Supplies,Art,Panasonic KP-380BK Classic Electric Pencil Sharpener,172.704,6,0.2,10.794
4000,US-2015-149629,7/17/2015,7/20/2015,Second Class,MP-17965,Michael Paige,Corporate,United States,Port Saint Lucie,Florida,34952,South,FUR-BO-10004709,Furniture,Bookcases,"Bush Westfield Collection Bookcases, Medium Cherry Finish",231.92,5,0.2,5.798
4006,US-2015-168732,12/10/2015,12/16/2015,Standard Class,KM-16660,Khloe Miller,Consumer,United States,Roswell,Georgia,30076,South,OFF-AR-10003087,Office Supplies,Art,Staples in misc. colors,1.78,1,0.0,0.4984
4007,US-2015-168732,12/10/2015,12/16/2015,Standard Class,KM-16660,Khloe Miller,Consumer,United States,Roswell,Georgia,30076,South,OFF-PA-10000520,Office Supplies,Paper,Xerox 201,25.92,4,0.0,12.4416
4008,US-2015-168732,12/10/2015,12/16/2015,Standard Class,KM-16660,Khloe Miller,Consumer,United States,Roswell,Georgia,30076,South,TEC-AC-10001553,Technology,Accessories,"Memorex 25GB 6X Branded Blu-Ray Recordable Disc, 15/Pack",101.94,6,0.0,21.4074
4014,CA-2015-165624,8/23/2015,8/28/2015,Standard Class,FH-14350,Fred Harton,Consumer,United States,Atlanta,Georgia,30318,South,OFF-AP-10000828,Office Supplies,Appliances,Avanti 4.4 Cu. Ft. Refrigerator,542.94,3,0.0,152.0232
4015,CA-2015-165624,8/23/2015,8/28/2015,Standard Class,FH-14350,Fred Harton,Consumer,United States,Atlanta,Georgia,30318,South,OFF-LA-10003190,Office Supplies,Labels,Avery 474,8.64,3,0.0,4.2336
4016,CA-2015-165624,8/23/2015,8/28/2015,Standard Class,FH-14350,Fred Harton,Consumer,United States,Atlanta,Georgia,30318,South,OFF-PA-10002319,Office Supplies,Paper,Xerox 1944,193.8,5,0.0,94.962
4017,CA-2015-165624,8/23/2015,8/28/2015,Standard Class,FH-14350,Fred Harton,Consumer,United States,Atlanta,Georgia,30318,South,OFF-PA-10003893,Office Supplies,Paper,Xerox 1962,21.4,5,0.0,9.63
4018,CA-2015-165624,8/23/2015,8/28/2015,Standard Class,FH-14350,Fred Harton,Consumer,United States,Atlanta,Georgia,30318,South,OFF-PA-10002499,Office Supplies,Paper,Xerox 1890,97.88,2,0.0,48.94
4019,CA-2015-165624,8/23/2015,8/28/2015,Standard Class,FH-14350,Fred Harton,Consumer,United States,Atlanta,Georgia,30318,South,TEC-AC-10004568,Technology,Accessories,Maxell LTO Ultrium - 800 GB,251.91,9,0.0,47.8629
4020,CA-2015-165624,8/23/2015,8/28/2015,Standard Class,FH-14350,Fred Harton,Consumer,United States,Atlanta,Georgia,30318,South,OFF-AP-10001492,Office Supplies,Appliances,"Acco Six-Outlet Power Strip, 4' Cord Length",25.86,3,0.0,6.7236
4030,CA-2017-124296,12/24/2017,12/28/2017,Standard Class,CS-12355,Christine Sundaresam,Consumer,United States,Lafayette,Louisiana,70506,South,TEC-MA-10003183,Technology,Machines,DYMO CardScan Personal V9 Business Card Scanner,479.97,3,0.0,239.985
4031,CA-2017-124296,12/24/2017,12/28/2017,Standard Class,CS-12355,Christine Sundaresam,Consumer,United States,Lafayette,Louisiana,70506,South,FUR-CH-10002439,Furniture,Chairs,"Iceberg Nesting Folding Chair, 19w x 6d x 43h",232.88,4,0.0,60.5488
4064,US-2014-130358,6/23/2014,6/26/2014,First Class,DL-13330,Denise Leinenbach,Consumer,United States,Concord,North Carolina,28027,South,OFF-AR-10002766,Office Supplies,Art,Prang Drawing Pencil Set,20.016,9,0.2,1.7514
4065,US-2014-130358,6/23/2014,6/26/2014,First Class,DL-13330,Denise Leinenbach,Consumer,United States,Concord,North Carolina,28027,South,OFF-SU-10002522,Office Supplies,Supplies,Acme Kleen Earth Office Shears,3.104,1,0.2,0.3492
4066,CA-2014-102673,11/1/2014,11/5/2014,Standard Class,KH-16630,Ken Heidel,Corporate,United States,Charlotte,North Carolina,28205,South,OFF-FA-10003021,Office Supplies,Fasteners,Staples,7.52,5,0.2,1.41
4067,CA-2014-102673,11/1/2014,11/5/2014,Standard Class,KH-16630,Ken Heidel,Corporate,United States,Charlotte,North Carolina,28205,South,OFF-AR-10000634,Office Supplies,Art,Newell 320,10.272,3,0.2,0.8988
4068,CA-2014-102673,11/1/2014,11/5/2014,Standard Class,KH-16630,Ken Heidel,Corporate,United States,Charlotte,North Carolina,28205,South,OFF-LA-10001771,Office Supplies,Labels,Avery 513,47.808,12,0.2,15.5376
4069,CA-2014-102673,11/1/2014,11/5/2014,Standard Class,KH-16630,Ken Heidel,Corporate,United States,Charlotte,North Carolina,28205,South,TEC-PH-10004434,Technology,Phones,Cisco IP Phone 7961G VoIP phone - Dark gray,978.84,9,0.2,110.1195
4075,CA-2017-108112,11/15/2017,11/20/2017,Standard Class,DK-12895,Dana Kaydos,Consumer,United States,Miramar,Florida,33023,South,FUR-FU-10003553,Furniture,Furnishings,"Howard Miller 13-1/2"" Diameter Rosebrook Wall Clock",220.064,4,0.2,55.016
4076,CA-2017-108112,11/15/2017,11/20/2017,Standard Class,DK-12895,Dana Kaydos,Consumer,United States,Miramar,Florida,33023,South,FUR-FU-10001488,Furniture,Furnishings,"Tenex 46"" x 60"" Computer Anti-Static Chairmat, Rectangular Shaped",339.136,4,0.2,0.0
4080,CA-2015-165414,12/21/2015,12/24/2015,First Class,LS-17245,Lynn Smith,Consumer,United States,Jacksonville,North Carolina,28540,South,TEC-PH-10002293,Technology,Phones,Anker 36W 4-Port USB Wall Charger Travel Power Adapter for iPhone 5s 5c 5,47.976,3,0.2,4.7976
4089,US-2014-156559,8/19/2014,8/26/2014,Standard Class,LH-16900,Lena Hernandez,Consumer,United States,Jonesboro,Arkansas,72401,South,FUR-BO-10000711,Furniture,Bookcases,"Hon Metal Bookcases, Gray",638.82,9,0.0,172.4814
4094,CA-2015-102491,8/24/2015,8/28/2015,Standard Class,KW-16435,Katrina Willman,Consumer,United States,Florence,Kentucky,41042,South,TEC-MA-10000864,Technology,Machines,Cisco 9971 IP Video Phone Charcoal,3080.0,7,0.0,1416.8
4095,CA-2015-102491,8/24/2015,8/28/2015,Standard Class,KW-16435,Katrina Willman,Consumer,United States,Florence,Kentucky,41042,South,TEC-AC-10003289,Technology,Accessories,Anker Ultra-Slim Mini Bluetooth 3.0 Wireless Keyboard,79.96,4,0.0,18.3908
4096,CA-2015-102491,8/24/2015,8/28/2015,Standard Class,KW-16435,Katrina Willman,Consumer,United States,Florence,Kentucky,41042,South,TEC-PH-10001619,Technology,Phones,LG G3,587.97,3,0.0,170.5113
4126,CA-2017-123239,7/27/2017,7/31/2017,Second Class,MG-18145,Mike Gockenbach,Consumer,United States,Jacksonville,Florida,32216,South,FUR-FU-10001602,Furniture,Furnishings,"Eldon Delta Triangular Chair Mat, 52"" x 58"", Clear",91.032,3,0.2,-2.2758
4127,CA-2017-156769,5/6/2017,5/9/2017,First Class,GZ-14470,Gary Zandusky,Consumer,United States,Arlington,Virginia,22204,South,OFF-AR-10003179,Office Supplies,Art,Dixon Ticonderoga Core-Lock Colored Pencils,54.66,6,0.0,18.0378
4128,CA-2014-127299,9/19/2014,9/24/2014,Standard Class,JL-15835,John Lee,Consumer,United States,Charlotte,North Carolina,28205,South,OFF-ST-10003722,Office Supplies,Storage,Project Tote Personal File,67.344,6,0.2,7.5762
4129,CA-2014-127299,9/19/2014,9/24/2014,Standard Class,JL-15835,John Lee,Consumer,United States,Charlotte,North Carolina,28205,South,TEC-MA-10001127,Technology,Machines,"HP Designjet T520 Inkjet Large Format Printer - 24"" Color",2624.985,3,0.5,-944.9946
4132,CA-2015-111703,7/2/2015,7/9/2015,Standard Class,KB-16315,Karl Braun,Consumer,United States,Hollywood,Florida,33021,South,OFF-PA-10000349,Office Supplies,Paper,Easy-staple paper,11.952,3,0.2,4.0338
4133,CA-2015-111703,7/2/2015,7/9/2015,Standard Class,KB-16315,Karl Braun,Consumer,United States,Hollywood,Florida,33021,South,OFF-PA-10003349,Office Supplies,Paper,Xerox 1957,15.552,3,0.2,5.6376
4134,CA-2014-128839,9/8/2014,9/13/2014,Standard Class,TT-21070,Ted Trevino,Consumer,United States,Chesapeake,Virginia,23320,South,OFF-FA-10002280,Office Supplies,Fasteners,Advantus Plastic Paper Clips,45.0,9,0.0,21.6
4135,CA-2014-128839,9/8/2014,9/13/2014,Standard Class,TT-21070,Ted Trevino,Consumer,United States,Chesapeake,Virginia,23320,South,TEC-MA-10000029,Technology,Machines,"Epson WorkForce WF-2530 All-in-One Printer, Copier Scanner",209.97,3,0.0,90.2871
4138,CA-2017-110926,11/19/2017,11/23/2017,Standard Class,DD-13570,Dorothy Dickinson,Consumer,United States,Alexandria,Virginia,22304,South,OFF-FA-10000624,Office Supplies,Fasteners,OIC Binder Clips,25.06,7,0.0,12.53
4155,CA-2016-139689,12/29/2016,1/3/2017,Standard Class,MP-17965,Michael Paige,Corporate,United States,Bristol,Tennessee,37620,South,OFF-BI-10004781,Office Supplies,Binders,GBC Wire Binding Strips,38.088,4,0.7,-27.9312
4156,CA-2016-139689,12/29/2016,1/3/2017,Standard Class,MP-17965,Michael Paige,Corporate,United States,Bristol,Tennessee,37620,South,OFF-BI-10000145,Office Supplies,Binders,Zipper Ring Binder Pockets,2.808,3,0.7,-1.9656
4160,US-2016-164588,4/16/2016,4/23/2016,Standard Class,AP-10915,Arthur Prichep,Consumer,United States,Columbus,Georgia,31907,South,OFF-AR-10003056,Office Supplies,Art,Newell 341,12.84,3,0.0,3.7236
4173,CA-2016-152163,7/1/2016,7/1/2016,Same Day,JF-15355,Jay Fein,Consumer,United States,Columbia,South Carolina,29203,South,OFF-BI-10002215,Office Supplies,Binders,"Wilson Jones Hanging View Binder, White, 1""",14.2,2,0.0,6.532
4174,CA-2016-152163,7/1/2016,7/1/2016,Same Day,JF-15355,Jay Fein,Consumer,United States,Columbia,South Carolina,29203,South,OFF-PA-10000788,Office Supplies,Paper,Xerox 210,12.96,2,0.0,6.2208
4175,CA-2016-152163,7/1/2016,7/1/2016,Same Day,JF-15355,Jay Fein,Consumer,United States,Columbia,South Carolina,29203,South,OFF-BI-10003364,Office Supplies,Binders,Binding Machine Supplies,58.34,2,0.0,28.0032
4177,CA-2014-128846,4/7/2014,4/12/2014,Standard Class,RS-19765,Roland Schwarz,Corporate,United States,Columbia,South Carolina,29203,South,TEC-PH-10003273,Technology,Phones,AT&T TR1909W,629.95,5,0.0,163.787
4178,CA-2014-128846,4/7/2014,4/12/2014,Standard Class,RS-19765,Roland Schwarz,Corporate,United States,Columbia,South Carolina,29203,South,OFF-PA-10000100,Office Supplies,Paper,Xerox 1945,122.97,3,0.0,60.2553
4212,CA-2014-166457,5/5/2014,5/9/2014,Second Class,PF-19120,Peter Fuller,Consumer,United States,Richmond,Kentucky,40475,South,OFF-PA-10003016,Office Supplies,Paper,"Adams ""While You Were Out"" Message Pads",9.42,3,0.0,4.239
4213,CA-2014-166457,5/5/2014,5/9/2014,Second Class,PF-19120,Peter Fuller,Consumer,United States,Richmond,Kentucky,40475,South,OFF-AR-10003651,Office Supplies,Art,Newell 350,6.56,2,0.0,1.9024
4214,CA-2014-166457,5/5/2014,5/9/2014,Second Class,PF-19120,Peter Fuller,Consumer,United States,Richmond,Kentucky,40475,South,OFF-PA-10001363,Office Supplies,Paper,Xerox 1933,24.56,2,0.0,11.5432
4243,CA-2016-159142,4/4/2016,4/5/2016,First Class,ME-17320,Maria Etezadi,Home Office,United States,Springfield,Virginia,22153,South,TEC-PH-10001448,Technology,Phones,Anker Astro 15000mAh USB Portable Charger,149.97,3,0.0,5.9988
4244,CA-2016-159142,4/4/2016,4/5/2016,First Class,ME-17320,Maria Etezadi,Home Office,United States,Springfield,Virginia,22153,South,OFF-PA-10001776,Office Supplies,Paper,"Wirebound Message Books, Four 2 3/4"" x 5"" Forms per Page, 600 Sets per Book",27.81,3,0.0,13.0707
4252,CA-2015-155068,10/23/2015,10/23/2015,Same Day,RA-19285,Ralph Arnett,Consumer,United States,Lakeland,Florida,33801,South,TEC-PH-10004897,Technology,Phones,Mediabridge Sport Armband iPhone 5s,55.944,7,0.2,-13.2867
4253,CA-2015-155068,10/23/2015,10/23/2015,Same Day,RA-19285,Ralph Arnett,Consumer,United States,Lakeland,Florida,33801,South,OFF-AR-10002656,Office Supplies,Art,Sanford Liquid Accent Highlighters,10.688,2,0.2,2.2712
4254,CA-2015-155068,10/23/2015,10/23/2015,Same Day,RA-19285,Ralph Arnett,Consumer,United States,Lakeland,Florida,33801,South,TEC-PH-10004924,Technology,Phones,"SKILCRAFT Telephone Shoulder Rest, 2"" x 6.5"" x 2.5"", Black",11.824,2,0.2,1.0346
4263,CA-2017-123351,9/21/2017,9/25/2017,Standard Class,KT-16480,Kean Thornton,Consumer,United States,Columbus,Georgia,31907,South,OFF-AP-10001242,Office Supplies,Appliances,APC 7 Outlet Network SurgeArrest Surge Protector,80.48,1,0.0,24.144
4271,CA-2015-166975,11/26/2015,11/30/2015,Standard Class,SH-20635,Stefanie Holloman,Corporate,United States,Jackson,Tennessee,38301,South,FUR-FU-10003930,Furniture,Furnishings,Howard Miller 12-3/4 Diameter Accuwave DS  Wall Clock,692.472,11,0.2,190.4298
4288,CA-2017-127516,12/28/2017,1/3/2018,Standard Class,EH-14005,Erica Hernandez,Home Office,United States,Nashville,Tennessee,37211,South,OFF-ST-10000736,Office Supplies,Storage,Carina Double Wide Media Storage Towers in Natural & Black,64.784,1,0.2,-12.9568
4298,CA-2017-129021,8/23/2017,8/26/2017,Second Class,PO-18850,Patrick O'Brill,Consumer,United States,Tallahassee,Florida,32303,South,TEC-PH-10001459,Technology,Phones,Samsung Galaxy Mega 6.3,4367.896,13,0.2,327.5922
4299,CA-2017-129021,8/23/2017,8/26/2017,Second Class,PO-18850,Patrick O'Brill,Consumer,United States,Tallahassee,Florida,32303,South,OFF-PA-10000241,Office Supplies,Paper,"IBM Multi-Purpose Copy Paper, 8 1/2 x 11"", Case",49.568,2,0.2,15.49
4300,CA-2017-129021,8/23/2017,8/26/2017,Second Class,PO-18850,Patrick O'Brill,Consumer,United States,Tallahassee,Florida,32303,South,OFF-AP-10003040,Office Supplies,Appliances,Fellowes 8 Outlet Superior Workstation Surge Protector w/o Phone/Fax/Modem Protection,161.376,6,0.2,12.1032
4301,CA-2017-129021,8/23/2017,8/26/2017,Second Class,PO-18850,Patrick O'Brill,Consumer,United States,Tallahassee,Florida,32303,South,FUR-FU-10001852,Furniture,Furnishings,"Eldon Regeneration Recycled Desk Accessories, Smoke",2.784,2,0.2,0.4176
4302,CA-2017-129021,8/23/2017,8/26/2017,Second Class,PO-18850,Patrick O'Brill,Consumer,United States,Tallahassee,Florida,32303,South,OFF-PA-10000141,Office Supplies,Paper,"Ampad Evidence Wirebond Steno Books, 6"" x 9""",8.72,5,0.2,2.943
4319,US-2017-136189,12/7/2017,12/11/2017,Standard Class,DC-13285,Debra Catini,Consumer,United States,Richmond,Virginia,23223,South,FUR-FU-10000175,Furniture,Furnishings,DAX Wood Document Frame.,82.38,6,0.0,25.5378
4330,CA-2017-149853,10/3/2017,10/9/2017,Standard Class,PO-18850,Patrick O'Brill,Consumer,United States,Hialeah,Florida,33012,South,OFF-PA-10000556,Office Supplies,Paper,Xerox 208,15.552,3,0.2,5.4432
4331,CA-2017-149853,10/3/2017,10/9/2017,Standard Class,PO-18850,Patrick O'Brill,Consumer,United States,Hialeah,Florida,33012,South,OFF-AP-10000804,Office Supplies,Appliances,Hoover Portapower Portable Vacuum,17.92,5,0.2,1.12
4334,CA-2015-112375,12/21/2015,12/27/2015,Standard Class,RD-19720,Roger Demir,Consumer,United States,Daytona Beach,Florida,32114,South,TEC-AC-10003237,Technology,Accessories,Memorex Micro Travel Drive 4 GB,50.88,6,0.2,14.628
4335,CA-2015-112375,12/21/2015,12/27/2015,Standard Class,RD-19720,Roger Demir,Consumer,United States,Daytona Beach,Florida,32114,South,OFF-EN-10003798,Office Supplies,Envelopes,"Recycled Interoffice Envelopes with Re-Use-A-Seal Closure, 10 x 13",27.312,2,0.2,9.2178
4340,CA-2017-133501,8/27/2017,9/1/2017,Standard Class,DK-12895,Dana Kaydos,Consumer,United States,Franklin,Tennessee,37064,South,OFF-PA-10004888,Office Supplies,Paper,Xerox 217,5.184,1,0.2,1.8144
4342,CA-2017-130309,12/17/2017,12/21/2017,Standard Class,GB-14575,Giulietta Baptist,Consumer,United States,Arlington,Virginia,22204,South,OFF-ST-10003208,Office Supplies,Storage,Adjustable Depth Letter/Legal Cart,544.38,3,0.0,157.8702
4355,CA-2017-153654,11/24/2017,11/26/2017,Second Class,MD-17860,Michael Dominguez,Corporate,United States,Asheville,North Carolina,28806,South,OFF-BI-10004465,Office Supplies,Binders,Avery Durable Slant Ring Binders,19.008,8,0.7,-12.672
4356,CA-2015-155600,12/4/2015,12/7/2015,Second Class,RO-19780,Rose O'Brian,Consumer,United States,Clarksville,Tennessee,37042,South,OFF-BI-10000545,Office Supplies,Binders,GBC Ibimaster 500 Manual ProClick Binding System,1598.058,7,0.7,-1065.372
4357,CA-2015-155600,12/4/2015,12/7/2015,Second Class,RO-19780,Rose O'Brian,Consumer,United States,Clarksville,Tennessee,37042,South,OFF-AR-10003752,Office Supplies,Art,Deluxe Chalkboard Eraser Cleaner,36.96,4,0.2,12.012
4362,US-2017-163195,2/17/2017,2/21/2017,Second Class,LL-16840,Lauren Leatherbury,Consumer,United States,Lafayette,Louisiana,70506,South,TEC-PH-10003875,Technology,Phones,KLD Oscar II Style Snap-on Ultra Thin Side Flip Synthetic Leather Cover Case for HTC One HTC M7,29.16,3,0.0,8.4564
4379,CA-2015-140830,11/30/2015,12/2/2015,Second Class,PS-18970,Paul Stevenson,Home Office,United States,Henderson,Kentucky,42420,South,OFF-EN-10000461,Office Supplies,Envelopes,"#10- 4 1/8"" x 9 1/2"" Recycled Envelopes",17.48,2,0.0,8.2156
4380,CA-2015-140830,11/30/2015,12/2/2015,Second Class,PS-18970,Paul Stevenson,Home Office,United States,Henderson,Kentucky,42420,South,OFF-EN-10002831,Office Supplies,Envelopes,"Tyvek  Top-Opening Peel & Seel  Envelopes, Gray",71.88,2,0.0,32.346
4422,CA-2014-117016,3/4/2014,3/9/2014,Standard Class,SC-20095,Sanjit Chand,Consumer,United States,Margate,Florida,33063,South,OFF-AR-10001374,Office Supplies,Art,"BIC Brite Liner Highlighters, Chisel Tip",15.552,3,0.2,2.3328
4423,CA-2017-159464,5/18/2017,5/19/2017,First Class,TB-21355,Todd Boyes,Corporate,United States,Sandy Springs,Georgia,30328,South,OFF-AP-10001492,Office Supplies,Appliances,"Acco Six-Outlet Power Strip, 4' Cord Length",17.24,2,0.0,4.4824
4424,CA-2017-159464,5/18/2017,5/19/2017,First Class,TB-21355,Todd Boyes,Corporate,United States,Sandy Springs,Georgia,30328,South,FUR-BO-10003546,Furniture,Bookcases,Hon 4-Shelf Metal Bookcases,302.94,3,0.0,75.735
4425,CA-2017-159464,5/18/2017,5/19/2017,First Class,TB-21355,Todd Boyes,Corporate,United States,Sandy Springs,Georgia,30328,South,TEC-PH-10002185,Technology,Phones,QVS USB Car Charger 2-Port 2.1Amp for iPod/iPhone/iPad/iPad 2/iPad 3,34.75,5,0.0,15.6375
4426,CA-2017-159464,5/18/2017,5/19/2017,First Class,TB-21355,Todd Boyes,Corporate,United States,Sandy Springs,Georgia,30328,South,OFF-BI-10000315,Office Supplies,Binders,Poly Designer Cover & Back,113.94,6,0.0,54.6912
4427,CA-2017-159464,5/18/2017,5/19/2017,First Class,TB-21355,Todd Boyes,Corporate,United States,Sandy Springs,Georgia,30328,South,TEC-PH-10002350,Technology,Phones,Apple EarPods with Remote and Mic,55.98,2,0.0,15.6744
4431,CA-2016-168893,11/3/2016,11/8/2016,Second Class,AP-10915,Arthur Prichep,Consumer,United States,Henderson,Kentucky,42420,South,OFF-FA-10002280,Office Supplies,Fasteners,Advantus Plastic Paper Clips,20.0,4,0.0,9.6
4432,CA-2016-168893,11/3/2016,11/8/2016,Second Class,AP-10915,Arthur Prichep,Consumer,United States,Henderson,Kentucky,42420,South,OFF-AR-10001770,Office Supplies,Art,Economy #2 Pencils,7.98,3,0.0,2.0748
4433,CA-2016-168893,11/3/2016,11/8/2016,Second Class,AP-10915,Arthur Prichep,Consumer,United States,Henderson,Kentucky,42420,South,FUR-FU-10002885,Furniture,Furnishings,Magna Visual Magnetic Picture Hangers,24.1,5,0.0,9.158
4434,CA-2016-168893,11/3/2016,11/8/2016,Second Class,AP-10915,Arthur Prichep,Consumer,United States,Henderson,Kentucky,42420,South,OFF-AR-10003772,Office Supplies,Art,Boston 16750 Black Compact Battery Pencil Sharpener,8.75,1,0.0,2.625
4435,CA-2016-168893,11/3/2016,11/8/2016,Second Class,AP-10915,Arthur Prichep,Consumer,United States,Henderson,Kentucky,42420,South,FUR-TA-10003392,Furniture,Tables,Global Adaptabilities Conference Tables,842.94,3,0.0,160.1586
4515,CA-2016-120873,10/27/2016,11/1/2016,Second Class,BW-11200,Ben Wallace,Consumer,United States,Hampton,Virginia,23666,South,FUR-CH-10000847,Furniture,Chairs,Global Executive Mid-Back Manager's Chair,290.98,1,0.0,75.6548
4520,CA-2017-107167,6/10/2017,6/14/2017,Standard Class,ND-18460,Neil Ducich,Corporate,United States,Jacksonville,Florida,32216,South,OFF-ST-10003805,Office Supplies,Storage,"24 Capacity Maxi Data Binder Racks, Pearl",1347.52,8,0.2,84.22
4556,CA-2015-130218,3/23/2015,3/26/2015,First Class,SG-20470,Sheri Gordon,Consumer,United States,Florence,South Carolina,29501,South,OFF-FA-10003112,Office Supplies,Fasteners,Staples,31.56,4,0.0,14.202
4557,CA-2015-130218,3/23/2015,3/26/2015,First Class,SG-20470,Sheri Gordon,Consumer,United States,Florence,South Carolina,29501,South,OFF-ST-10002486,Office Supplies,Storage,Eldon Shelf Savers Cubes and Bins,27.92,4,0.0,0.5584
4564,CA-2017-129490,9/26/2017,9/30/2017,Standard Class,SJ-20125,Sanjit Jacobs,Home Office,United States,Miramar,Florida,33023,South,FUR-CH-10003298,Furniture,Chairs,"Office Star - Contemporary Task Swivel chair with Loop Arms, Charcoal",419.136,4,0.2,-57.6312
4566,US-2017-149510,12/3/2017,12/10/2017,Standard Class,MC-17575,Matt Collins,Consumer,United States,Fayetteville,North Carolina,28314,South,OFF-AP-10002350,Office Supplies,Appliances,Belkin F9H710-06 7 Outlet SurgeMaster Surge Protector,45.216,3,0.2,4.5216
4567,US-2017-149510,12/3/2017,12/10/2017,Standard Class,MC-17575,Matt Collins,Consumer,United States,Fayetteville,North Carolina,28314,South,OFF-BI-10004233,Office Supplies,Binders,"GBC Pre-Punched Binding Paper, Plastic, White, 8-1/2"" x 11""",28.782,6,0.7,-21.1068
4568,US-2017-149510,12/3/2017,12/10/2017,Standard Class,MC-17575,Matt Collins,Consumer,United States,Fayetteville,North Carolina,28314,South,OFF-PA-10001892,Office Supplies,Paper,"Rediform Wirebound ""Phone Memo"" Message Book, 11 x 5-3/4",24.448,4,0.2,8.8624
4579,CA-2015-110947,6/9/2015,6/15/2015,Standard Class,AG-10765,Anthony Garverick,Home Office,United States,Hampton,Virginia,23666,South,OFF-BI-10001670,Office Supplies,Binders,Vinyl Sectional Post Binders,113.1,3,0.0,56.55
4581,CA-2015-164427,7/31/2015,8/6/2015,Standard Class,AR-10405,Allen Rosenblatt,Corporate,United States,Hattiesburg,Mississippi,39401,South,TEC-AC-10004469,Technology,Accessories,Microsoft Sculpt Comfort Mouse,239.7,6,0.0,105.468
4603,US-2015-113327,5/26/2015,5/29/2015,Second Class,BF-11170,Ben Ferrer,Home Office,United States,Jacksonville,North Carolina,28540,South,OFF-PA-10003790,Office Supplies,Paper,Xerox 1991,18.272,1,0.2,5.9384
4604,US-2015-113327,5/26/2015,5/29/2015,Second Class,BF-11170,Ben Ferrer,Home Office,United States,Jacksonville,North Carolina,28540,South,OFF-PA-10003134,Office Supplies,Paper,Xerox 1937,153.728,4,0.2,53.8048
4605,US-2015-113327,5/26/2015,5/29/2015,Second Class,BF-11170,Ben Ferrer,Home Office,United States,Jacksonville,North Carolina,28540,South,OFF-EN-10004459,Office Supplies,Envelopes,Security-Tint Envelopes,12.224,2,0.2,4.4312
4606,US-2015-113327,5/26/2015,5/29/2015,Second Class,BF-11170,Ben Ferrer,Home Office,United States,Jacksonville,North Carolina,28540,South,TEC-AC-10003628,Technology,Accessories,Logitech 910-002974 M325 Wireless Mouse for Web Scrolling,167.944,7,0.2,50.3832
4612,CA-2016-109407,1/24/2016,1/26/2016,Second Class,HG-14965,Henry Goldwyn,Corporate,United States,Gulfport,Mississippi,39503,South,OFF-BI-10000285,Office Supplies,Binders,XtraLife ClearVue Slant-D Ring Binders by Cardinal,31.36,4,0.0,15.68
4613,US-2017-165953,12/31/2016,1/6/2017,Standard Class,EP-13915,Emily Phan,Consumer,United States,Jacksonville,Florida,32216,South,OFF-AR-10000588,Office Supplies,Art,Newell 345,47.616,3,0.2,3.5712
4614,US-2017-165953,12/31/2016,1/6/2017,Standard Class,EP-13915,Emily Phan,Consumer,United States,Jacksonville,Florida,32216,South,OFF-PA-10002250,Office Supplies,Paper,Things To Do Today Pad,23.48,5,0.2,8.218
4623,CA-2017-147228,9/9/2017,9/14/2017,Standard Class,SO-20335,Sean O'Donnell,Consumer,United States,Columbia,Tennessee,38401,South,OFF-SU-10001225,Office Supplies,Supplies,Staple remover,8.832,3,0.2,-1.9872
4624,CA-2017-147228,9/9/2017,9/14/2017,Standard Class,SO-20335,Sean O'Donnell,Consumer,United States,Columbia,Tennessee,38401,South,OFF-PA-10000357,Office Supplies,Paper,Xerox 1888,177.536,4,0.2,62.1376
4625,CA-2017-147228,9/9/2017,9/14/2017,Standard Class,SO-20335,Sean O'Donnell,Consumer,United States,Columbia,Tennessee,38401,South,OFF-ST-10000046,Office Supplies,Storage,Fellowes Super Stor/Drawer Files,258.48,2,0.2,-3.231
4626,CA-2017-147228,9/9/2017,9/14/2017,Standard Class,SO-20335,Sean O'Donnell,Consumer,United States,Columbia,Tennessee,38401,South,FUR-FU-10000023,Furniture,Furnishings,Eldon Wave Desk Accessories,14.136,3,0.2,4.2408
4640,CA-2016-102162,9/11/2016,9/16/2016,Standard Class,JF-15565,Jill Fjeld,Consumer,United States,Newport News,Virginia,23602,South,TEC-CO-10001943,Technology,Copiers,Canon PC-428 Personal Copier,1599.92,8,0.0,751.9624
4641,CA-2016-102162,9/11/2016,9/16/2016,Standard Class,JF-15565,Jill Fjeld,Consumer,United States,Newport News,Virginia,23602,South,OFF-EN-10002312,Office Supplies,Envelopes,#10 Self-Seal White Envelopes,11.09,1,0.0,5.4341
4647,CA-2014-146885,5/30/2014,6/5/2014,Standard Class,EB-13840,Ellis Ballard,Corporate,United States,Richmond,Virginia,23223,South,OFF-PA-10001622,Office Supplies,Paper,"Ampad Poly Cover Wirebound Steno Book, 6"" x 9"" Assorted Colors, Gregg Ruled",13.62,3,0.0,6.129
4664,CA-2016-111409,9/18/2016,9/22/2016,Standard Class,PO-18850,Patrick O'Brill,Consumer,United States,Jacksonville,Florida,32216,South,OFF-LA-10002787,Office Supplies,Labels,Avery 480,3.0,1,0.2,1.05
4665,CA-2016-116232,9/22/2016,9/26/2016,Standard Class,AC-10450,Amy Cox,Consumer,United States,Pembroke Pines,Florida,33024,South,OFF-BI-10004022,Office Supplies,Binders,Acco Suede Grain Vinyl Round Ring Binder,7.506,9,0.7,-6.0048
4666,CA-2016-116232,9/22/2016,9/26/2016,Standard Class,AC-10450,Amy Cox,Consumer,United States,Pembroke Pines,Florida,33024,South,OFF-LA-10001158,Office Supplies,Labels,"Avery Address/Shipping Labels for Typewriters, 4"" x 2""",16.56,2,0.2,5.796
4683,CA-2016-127698,12/1/2016,12/1/2016,Same Day,MV-18190,Mike Vittorini,Consumer,United States,Raleigh,North Carolina,27604,South,TEC-PH-10003811,Technology,Phones,Jabra Supreme Plus Driver Edition Headset,863.928,9,0.2,86.3928
4724,CA-2016-159653,5/22/2016,5/22/2016,Same Day,JF-15490,Jeremy Farry,Consumer,United States,Athens,Georgia,30605,South,OFF-LA-10004345,Office Supplies,Labels,Avery 493,14.73,3,0.0,7.2177
4725,CA-2016-131968,11/11/2016,11/15/2016,Standard Class,LB-16795,Laurel Beltran,Home Office,United States,Apopka,Florida,32712,South,OFF-BI-10002852,Office Supplies,Binders,Ibico Standard Transparent Covers,9.888,2,0.7,-6.9216
4726,CA-2016-131968,11/11/2016,11/15/2016,Standard Class,LB-16795,Laurel Beltran,Home Office,United States,Apopka,Florida,32712,South,OFF-AP-10001058,Office Supplies,Appliances,Sanyo 2.5 Cubic Foot Mid-Size Office Refrigerators,671.544,3,0.2,50.3658
4752,CA-2016-159989,12/9/2016,12/13/2016,Standard Class,EB-13870,Emily Burns,Consumer,United States,Franklin,Tennessee,37064,South,TEC-PH-10000169,Technology,Phones,ARKON Windshield Dashboard Air Vent Car Mount Holder,40.68,3,0.2,-9.153
4753,CA-2017-103499,11/20/2017,11/24/2017,Standard Class,ES-14020,Erica Smith,Consumer,United States,Jackson,Tennessee,38301,South,FUR-CH-10001482,Furniture,Chairs,Office Star - Mesh Screen back chair with Vinyl seat,209.568,2,0.2,-23.5764
4755,CA-2017-126354,2/3/2017,2/8/2017,Standard Class,SC-20380,Shahid Collister,Consumer,United States,Pembroke Pines,Florida,33024,South,OFF-BI-10000301,Office Supplies,Binders,GBC Instant Report Kit,3.882,2,0.7,-2.588
4756,CA-2017-126354,2/3/2017,2/8/2017,Standard Class,SC-20380,Shahid Collister,Consumer,United States,Pembroke Pines,Florida,33024,South,OFF-PA-10004381,Office Supplies,Paper,14-7/8 x 11 Blue Bar Computer Printout Paper,115.296,3,0.2,40.3536
4769,CA-2017-158883,6/2/2017,6/3/2017,Same Day,CS-11860,Cari Schnelling,Consumer,United States,Jacksonville,North Carolina,28540,South,OFF-PA-10004733,Office Supplies,Paper,Things To Do Today Spiral Book,25.344,4,0.2,9.1872
4796,CA-2015-120516,8/13/2015,8/17/2015,Standard Class,CK-12595,Clytie Kelty,Consumer,United States,Marietta,Georgia,30062,South,OFF-BI-10004187,Office Supplies,Binders,3-ring staple pack,5.64,3,0.0,2.7072
4797,US-2016-148901,5/14/2016,5/19/2016,Standard Class,MK-17905,Michael Kennedy,Corporate,United States,Jacksonville,Florida,32216,South,OFF-BI-10001718,Office Supplies,Binders,GBC DocuBind P50 Personal Binding Machine,57.582,3,0.7,-44.1462
4798,US-2016-148901,5/14/2016,5/19/2016,Standard Class,MK-17905,Michael Kennedy,Corporate,United States,Jacksonville,Florida,32216,South,OFF-PA-10004983,Office Supplies,Paper,Xerox 23,31.104,6,0.2,10.8864
4799,US-2016-148901,5/14/2016,5/19/2016,Standard Class,MK-17905,Michael Kennedy,Corporate,United States,Jacksonville,Florida,32216,South,FUR-FU-10002396,Furniture,Furnishings,"DAX Copper Panel Document Frame, 5 x 7 Size",30.192,3,0.2,8.3028
4800,US-2016-148901,5/14/2016,5/19/2016,Standard Class,MK-17905,Michael Kennedy,Corporate,United States,Jacksonville,Florida,32216,South,TEC-PH-10003988,Technology,Phones,"LF Elite 3D Dazzle Designer Hard Case Cover, Lf Stylus Pen and Wiper For Apple Iphone 5c Mini Lite",43.6,5,0.2,4.36
4801,US-2016-148901,5/14/2016,5/19/2016,Standard Class,MK-17905,Michael Kennedy,Corporate,United States,Jacksonville,Florida,32216,South,OFF-AR-10002467,Office Supplies,Art,Dixon Ticonderoga Pencils,4.768,2,0.2,0.4172
4802,US-2016-148901,5/14/2016,5/19/2016,Standard Class,MK-17905,Michael Kennedy,Corporate,United States,Jacksonville,Florida,32216,South,OFF-BI-10004002,Office Supplies,Binders,Wilson Jones International Size A4 Ring Binders,10.38,2,0.7,-7.612
4803,US-2016-148901,5/14/2016,5/19/2016,Standard Class,MK-17905,Michael Kennedy,Corporate,United States,Jacksonville,Florida,32216,South,OFF-BI-10002309,Office Supplies,Binders,Avery Heavy-Duty EZD  Binder With Locking Rings,13.392,8,0.7,-9.8208
4828,CA-2014-152562,11/1/2014,11/8/2014,Standard Class,JO-15145,Jack O'Briant,Corporate,United States,Richmond,Kentucky,40475,South,OFF-ST-10000464,Office Supplies,Storage,"Multi-Use Personal File Cart and Caster Set, Three Stacking Bins",69.52,2,0.0,19.4656
4829,CA-2014-152562,11/1/2014,11/8/2014,Standard Class,JO-15145,Jack O'Briant,Corporate,United States,Richmond,Kentucky,40475,South,OFF-AR-10001919,Office Supplies,Art,"OIC #2 Pencils, Medium Soft",5.64,3,0.0,1.6356
4841,CA-2017-154123,11/20/2017,11/25/2017,Standard Class,SC-20050,Sample Company A,Home Office,United States,Henderson,Kentucky,42420,South,FUR-FU-10000629,Furniture,Furnishings,9-3/4 Diameter Round Wall Clock,27.58,2,0.0,11.5836
4843,CA-2017-118402,9/29/2017,10/4/2017,Standard Class,JO-15280,Jas O'Carroll,Consumer,United States,Memphis,Tennessee,38109,South,OFF-ST-10001418,Office Supplies,Storage,Carina Media Storage Towers in Natural & Black,243.92,5,0.2,-54.882
4877,US-2014-155817,10/3/2014,10/9/2014,Standard Class,SL-20155,Sara Luxemburg,Home Office,United States,Durham,North Carolina,27707,South,OFF-ST-10000532,Office Supplies,Storage,Advantus Rolling Drawer Organizers,61.568,2,0.2,4.6176
4878,US-2014-155817,10/3/2014,10/9/2014,Standard Class,SL-20155,Sara Luxemburg,Home Office,United States,Durham,North Carolina,27707,South,OFF-AR-10002335,Office Supplies,Art,DIXON Oriole Pencils,6.192,3,0.2,0.4644
4879,US-2016-131891,7/29/2016,7/31/2016,First Class,PW-19240,Pierre Wener,Consumer,United States,Pensacola,Florida,32503,South,OFF-BI-10000201,Office Supplies,Binders,"Avery Triangle Shaped Sheet Lifters, Black, 2/Pack",2.214,3,0.7,-1.476
4880,CA-2017-143567,11/2/2017,11/5/2017,Second Class,TB-21175,Thomas Boland,Corporate,United States,Henderson,Kentucky,42420,South,OFF-EN-10004846,Office Supplies,Envelopes,Letter or Legal Size Expandable Poly String Tie Envelopes,5.32,2,0.0,2.6068
4881,CA-2017-143567,11/2/2017,11/5/2017,Second Class,TB-21175,Thomas Boland,Corporate,United States,Henderson,Kentucky,42420,South,FUR-CH-10000454,Furniture,Chairs,"Hon Deluxe Fabric Upholstered Stacking Chairs, Rounded Back",975.92,4,0.0,292.776
4882,CA-2017-143567,11/2/2017,11/5/2017,Second Class,TB-21175,Thomas Boland,Corporate,United States,Henderson,Kentucky,42420,South,TEC-AC-10004145,Technology,Accessories,Logitech diNovo Edge Keyboard,2249.91,9,0.0,517.4793
4883,CA-2017-143567,11/2/2017,11/5/2017,Second Class,TB-21175,Thomas Boland,Corporate,United States,Henderson,Kentucky,42420,South,OFF-ST-10001580,Office Supplies,Storage,Super Decoflex Portable Personal File,59.92,4,0.0,16.7776
4887,CA-2016-163167,11/28/2016,12/1/2016,Second Class,RF-19345,Randy Ferguson,Corporate,United States,Marietta,Georgia,30062,South,FUR-CH-10004477,Furniture,Chairs,"Global Push Button Manager's Chair, Indigo",182.67,3,0.0,52.9743
4888,CA-2016-163167,11/28/2016,12/1/2016,Second Class,RF-19345,Randy Ferguson,Corporate,United States,Marietta,Georgia,30062,South,TEC-AC-10003441,Technology,Accessories,Kingston Digital DataTraveler 32GB USB 2.0,101.7,6,0.0,6.102
4889,CA-2016-163167,11/28/2016,12/1/2016,Second Class,RF-19345,Randy Ferguson,Corporate,United States,Marietta,Georgia,30062,South,OFF-ST-10004459,Office Supplies,Storage,Tennsco Single-Tier Lockers,1126.02,3,0.0,56.301
4890,CA-2016-163167,11/28/2016,12/1/2016,Second Class,RF-19345,Randy Ferguson,Corporate,United States,Marietta,Georgia,30062,South,OFF-ST-10003805,Office Supplies,Storage,"24 Capacity Maxi Data Binder Racks, Pearl",1263.3,6,0.0,315.825
4910,CA-2017-127306,1/14/2017,1/18/2017,Standard Class,BH-11710,Brosina Hoffman,Consumer,United States,Johnson City,Tennessee,37604,South,OFF-EN-10001219,Office Supplies,Envelopes,"#10- 4 1/8"" x 9 1/2"" Security-Tint Envelopes",18.336,3,0.2,6.6468
4911,CA-2017-127306,1/14/2017,1/18/2017,Standard Class,BH-11710,Brosina Hoffman,Consumer,United States,Johnson City,Tennessee,37604,South,OFF-PA-10000019,Office Supplies,Paper,Xerox 1931,36.288,7,0.2,12.7008
4912,CA-2017-127306,1/14/2017,1/18/2017,Standard Class,BH-11710,Brosina Hoffman,Consumer,United States,Johnson City,Tennessee,37604,South,TEC-PH-10001924,Technology,Phones,iHome FM Clock Radio with Lightning Dock,111.984,2,0.2,6.999
4913,CA-2017-127306,1/14/2017,1/18/2017,Standard Class,BH-11710,Brosina Hoffman,Consumer,United States,Johnson City,Tennessee,37604,South,OFF-BI-10002003,Office Supplies,Binders,Ibico Presentation Index for Binding Systems,5.97,5,0.7,-4.577
4914,CA-2017-127306,1/14/2017,1/18/2017,Standard Class,BH-11710,Brosina Hoffman,Consumer,United States,Johnson City,Tennessee,37604,South,OFF-BI-10003727,Office Supplies,Binders,Avery Durable Slant Ring Binders With Label Holder,2.508,2,0.7,-1.8392
4922,CA-2017-114055,12/25/2017,12/29/2017,Second Class,MH-18115,Mick Hernandez,Home Office,United States,Huntsville,Alabama,35810,South,OFF-PA-10004381,Office Supplies,Paper,14-7/8 x 11 Blue Bar Computer Printout Paper,96.08,2,0.0,46.1184
4923,CA-2017-114055,12/25/2017,12/29/2017,Second Class,MH-18115,Mick Hernandez,Home Office,United States,Huntsville,Alabama,35810,South,OFF-FA-10003059,Office Supplies,Fasteners,Assorted Color Push Pins,3.62,2,0.0,1.1946
4924,CA-2017-114055,12/25/2017,12/29/2017,Second Class,MH-18115,Mick Hernandez,Home Office,United States,Huntsville,Alabama,35810,South,OFF-PA-10000994,Office Supplies,Paper,Xerox 1915,629.1,6,0.0,301.968
4925,CA-2017-114055,12/25/2017,12/29/2017,Second Class,MH-18115,Mick Hernandez,Home Office,United States,Huntsville,Alabama,35810,South,TEC-PH-10002890,Technology,Phones,AT&T 17929 Lendline Telephone,90.48,2,0.0,23.5248
4937,CA-2017-150931,1/6/2017,1/13/2017,Standard Class,DP-13390,Dennis Pardue,Home Office,United States,Tuscaloosa,Alabama,35401,South,OFF-BI-10004728,Office Supplies,Binders,Wilson Jones Turn Tabs Binder Tool for Ring Binders,33.74,7,0.0,15.5204
4965,CA-2016-141180,5/15/2016,5/19/2016,Second Class,DP-13000,Darren Powers,Consumer,United States,Fort Lauderdale,Florida,33311,South,OFF-BI-10000301,Office Supplies,Binders,GBC Instant Report Kit,7.764,4,0.7,-5.176
4966,CA-2015-109708,5/25/2015,5/28/2015,Second Class,CY-12745,Craig Yedwab,Corporate,United States,Columbia,Tennessee,38401,South,TEC-PH-10001944,Technology,Phones,Wi-Ex zBoost YX540 Cellular Phone Signal Booster,467.04,4,0.2,58.38
4971,US-2016-153815,11/6/2016,11/9/2016,First Class,KL-16555,Kelly Lampkin,Corporate,United States,Jacksonville,Florida,32216,South,FUR-CH-10000513,Furniture,Chairs,High-Back Leather Manager's Chair,207.984,2,0.2,-28.5978
4972,US-2016-153815,11/6/2016,11/9/2016,First Class,KL-16555,Kelly Lampkin,Corporate,United States,Jacksonville,Florida,32216,South,OFF-PA-10002421,Office Supplies,Paper,Embossed Ink Jet Note Cards,36.112,2,0.2,12.6392
4973,US-2016-153815,11/6/2016,11/9/2016,First Class,KL-16555,Kelly Lampkin,Corporate,United States,Jacksonville,Florida,32216,South,FUR-FU-10004090,Furniture,Furnishings,"Executive Impressions 14"" Contract Wall Clock",35.568,2,0.2,5.7798
4974,US-2016-153815,11/6/2016,11/9/2016,First Class,KL-16555,Kelly Lampkin,Corporate,United States,Jacksonville,Florida,32216,South,OFF-PA-10004071,Office Supplies,Paper,"Eaton Premium Continuous-Feed Paper, 25% Cotton, Letter Size, White, 1000 Shts/Box",88.768,2,0.2,31.0688
4976,CA-2015-142202,9/18/2015,9/23/2015,Second Class,JR-16210,Justin Ritter,Corporate,United States,Jacksonville,Florida,32216,South,TEC-AC-10003198,Technology,Accessories,Enermax Acrylux Wireless Keyboard,717.12,9,0.2,152.388
4985,CA-2015-160696,9/6/2015,9/10/2015,Standard Class,CK-12760,Cyma Kinney,Corporate,United States,Nashville,Tennessee,37211,South,OFF-FA-10003059,Office Supplies,Fasteners,Assorted Color Push Pins,7.24,5,0.2,1.1765
4993,CA-2015-153038,12/18/2015,12/25/2015,Standard Class,RB-19645,Robert Barroso,Corporate,United States,Memphis,Tennessee,38109,South,OFF-EN-10000461,Office Supplies,Envelopes,"#10- 4 1/8"" x 9 1/2"" Recycled Envelopes",55.936,8,0.2,18.8784
4994,CA-2015-153038,12/18/2015,12/25/2015,Standard Class,RB-19645,Robert Barroso,Corporate,United States,Memphis,Tennessee,38109,South,OFF-LA-10004008,Office Supplies,Labels,Avery 507,18.432,8,0.2,5.9904
4995,CA-2015-153038,12/18/2015,12/25/2015,Standard Class,RB-19645,Robert Barroso,Corporate,United States,Memphis,Tennessee,38109,South,FUR-FU-10000221,Furniture,Furnishings,"Master Caster Door Stop, Brown",20.32,5,0.2,3.556
4997,CA-2017-155824,3/10/2017,3/15/2017,Standard Class,KS-16300,Karen Seio,Corporate,United States,Raleigh,North Carolina,27604,South,OFF-AP-10000390,Office Supplies,Appliances,Euro Pro Shark Stick Mini Vacuum,48.784,1,0.2,3.6588
4998,CA-2017-155824,3/10/2017,3/15/2017,Standard Class,KS-16300,Karen Seio,Corporate,United States,Raleigh,North Carolina,27604,South,OFF-BI-10000014,Office Supplies,Binders,Heavy-Duty E-Z-D Binders,13.092,4,0.7,-10.0372
5002,CA-2016-136126,5/24/2016,5/24/2016,Same Day,EH-14125,Eugene Hildebrand,Home Office,United States,Newport News,Virginia,23602,South,OFF-SU-10000898,Office Supplies,Supplies,"Acme Hot Forged Carbon Steel Scissors with Nickel-Plated Handles, 3 7/8"" Cut, 8""L",69.5,5,0.0,20.155
5003,CA-2016-136126,5/24/2016,5/24/2016,Same Day,EH-14125,Eugene Hildebrand,Home Office,United States,Newport News,Virginia,23602,South,OFF-PA-10004327,Office Supplies,Paper,Xerox 1911,191.6,4,0.0,91.968
5005,CA-2014-156006,4/30/2014,5/2/2014,Second Class,TM-21010,Tamara Manning,Consumer,United States,Jackson,Mississippi,39212,South,TEC-AC-10002550,Technology,Accessories,Maxell 4.7GB DVD-RW 3/Pack,47.79,3,0.0,16.2486
5053,US-2017-120607,5/19/2017,5/19/2017,Same Day,JC-15775,John Castell,Consumer,United States,Atlanta,Georgia,30318,South,OFF-PA-10003129,Office Supplies,Paper,Tops White Computer Printout Paper,195.64,4,0.0,91.9508
5060,CA-2016-109722,12/5/2016,12/7/2016,Second Class,TP-21130,Theone Pippenger,Consumer,United States,Georgetown,Kentucky,40324,South,TEC-PH-10000560,Technology,Phones,Samsung Galaxy S III - 16GB - pebble blue (T-Mobile),699.98,2,0.0,195.9944
5061,CA-2016-109722,12/5/2016,12/7/2016,Second Class,TP-21130,Theone Pippenger,Consumer,United States,Georgetown,Kentucky,40324,South,OFF-ST-10000060,Office Supplies,Storage,Fellowes Bankers Box Staxonsteel Drawer File/Stacking System,584.82,9,0.0,70.1784
5066,CA-2017-142090,11/30/2017,12/7/2017,Standard Class,SC-20380,Shahid Collister,Consumer,United States,Burlington,North Carolina,27217,South,TEC-AC-10002001,Technology,Accessories,Logitech Wireless Gaming Headset G930,383.976,3,0.2,81.5949
5067,CA-2017-142090,11/30/2017,12/7/2017,Standard Class,SC-20380,Shahid Collister,Consumer,United States,Burlington,North Carolina,27217,South,FUR-TA-10001889,Furniture,Tables,Bush Advantage Collection Racetrack Conference Table,1781.682,7,0.4,-653.2834
5083,CA-2016-155138,9/8/2016,9/12/2016,Standard Class,JM-15580,Jill Matthias,Consumer,United States,Monroe,North Carolina,28110,South,TEC-AC-10004209,Technology,Accessories,Memorex Froggy Flash Drive 4 GB,35.168,4,0.2,8.3524
5084,CA-2016-155138,9/8/2016,9/12/2016,Standard Class,JM-15580,Jill Matthias,Consumer,United States,Monroe,North Carolina,28110,South,OFF-PA-10000501,Office Supplies,Paper,Petty Cash Envelope,64.704,3,0.2,23.4552
5106,CA-2014-116568,12/14/2014,12/20/2014,Standard Class,BM-11785,Bryan Mills,Consumer,United States,Deltona,Florida,32725,South,FUR-CH-10002439,Furniture,Chairs,"Iceberg Nesting Folding Chair, 19w x 6d x 43h",186.304,4,0.2,13.9728
5107,CA-2015-147102,9/19/2015,9/26/2015,Standard Class,NH-18610,Nicole Hansen,Corporate,United States,Columbus,Georgia,31907,South,TEC-AC-10000682,Technology,Accessories,Kensington K72356US Mouse-in-a-Box USB Desktop Mouse,66.36,4,0.0,23.226
5108,CA-2017-132213,4/25/2017,4/26/2017,First Class,PN-18775,Parhena Norris,Home Office,United States,Nashville,Tennessee,37211,South,OFF-AR-10004078,Office Supplies,Art,Newell 312,42.048,9,0.2,5.256
5109,CA-2017-132213,4/25/2017,4/26/2017,First Class,PN-18775,Parhena Norris,Home Office,United States,Nashville,Tennessee,37211,South,OFF-AR-10001958,Office Supplies,Art,Stanley Bostitch Contemporary Electric Pencil Sharpeners,67.92,5,0.2,6.792
5121,CA-2014-149538,4/4/2014,4/8/2014,Standard Class,KB-16585,Ken Black,Corporate,United States,Lafayette,Louisiana,70506,South,OFF-ST-10004180,Office Supplies,Storage,Safco Commercial Shelving,232.55,5,0.0,9.302
5122,CA-2014-149538,4/4/2014,4/8/2014,Standard Class,KB-16585,Ken Black,Corporate,United States,Lafayette,Louisiana,70506,South,TEC-AC-10002926,Technology,Accessories,Logitech Wireless Marathon Mouse M705,99.98,2,0.0,42.9914
5123,CA-2014-149538,4/4/2014,4/8/2014,Standard Class,KB-16585,Ken Black,Corporate,United States,Lafayette,Louisiana,70506,South,OFF-PA-10003797,Office Supplies,Paper,Xerox 209,19.44,3,0.0,9.3312
5124,CA-2014-149538,4/4/2014,4/8/2014,Standard Class,KB-16585,Ken Black,Corporate,United States,Lafayette,Louisiana,70506,South,OFF-PA-10002195,Office Supplies,Paper,Xerox 1966,12.96,2,0.0,6.3504
5133,CA-2015-123330,6/21/2015,6/27/2015,Standard Class,EP-13915,Emily Phan,Consumer,United States,Deltona,Florida,32725,South,TEC-PH-10001819,Technology,Phones,Innergie mMini Combo Duo USB Travel Charging Kit,107.976,3,0.2,37.7916
5184,CA-2017-163335,9/24/2017,9/27/2017,First Class,AG-10675,Anna Gayman,Consumer,United States,Columbus,Georgia,31907,South,OFF-ST-10000885,Office Supplies,Storage,Fellowes Desktop Hanging File Manager,40.29,3,0.0,10.0725
5185,CA-2017-163335,9/24/2017,9/27/2017,First Class,AG-10675,Anna Gayman,Consumer,United States,Columbus,Georgia,31907,South,OFF-BI-10002827,Office Supplies,Binders,Avery Durable Poly Binders,38.71,7,0.0,17.8066
5186,CA-2015-134719,10/10/2015,10/15/2015,Standard Class,JD-15790,John Dryer,Consumer,United States,Jacksonville,Florida,32216,South,OFF-ST-10004459,Office Supplies,Storage,Tennsco Single-Tier Lockers,1801.632,6,0.2,-337.806
5193,CA-2014-101560,11/28/2014,12/1/2014,Second Class,CS-12250,Chris Selesnick,Corporate,United States,Columbia,South Carolina,29203,South,FUR-FU-10003773,Furniture,Furnishings,Eldon Cleatmat Plus Chair Mats for High Pile Carpets,397.6,5,0.0,43.736
5194,CA-2014-101560,11/28/2014,12/1/2014,Second Class,CS-12250,Chris Selesnick,Corporate,United States,Columbia,South Carolina,29203,South,OFF-PA-10001363,Office Supplies,Paper,Xerox 1933,85.96,7,0.0,40.4012
5195,CA-2014-101560,11/28/2014,12/1/2014,Second Class,CS-12250,Chris Selesnick,Corporate,United States,Columbia,South Carolina,29203,South,OFF-AR-10004757,Office Supplies,Art,Crayola Colored Pencils,13.12,4,0.0,4.3296
5196,CA-2014-101560,11/28/2014,12/1/2014,Second Class,CS-12250,Chris Selesnick,Corporate,United States,Columbia,South Carolina,29203,South,OFF-BI-10000309,Office Supplies,Binders,"GBC Twin Loop Wire Binding Elements, 9/16"" Spine, Black",45.66,3,0.0,22.3734
5234,CA-2014-115084,10/18/2014,10/22/2014,Standard Class,LS-17200,Luke Schmidt,Corporate,United States,Texarkana,Arkansas,71854,South,FUR-CH-10004626,Furniture,Chairs,Office Star Flex Back Scooter Chair with Aluminum Finish Frame,605.34,6,0.0,145.2816
5244,CA-2016-149454,7/25/2016,7/26/2016,First Class,KM-16375,Katherine Murray,Home Office,United States,Arlington,Virginia,22204,South,OFF-BI-10003694,Office Supplies,Binders,"Avery 3 1/2"" Diskette Storage Pages, 10/Pack",10.44,1,0.0,4.8024
5251,US-2016-169369,12/12/2016,12/18/2016,Standard Class,EC-14050,Erin Creighton,Consumer,United States,Columbus,Georgia,31907,South,TEC-AC-10001314,Technology,Accessories,Case Logic 2.4GHz Wireless Keyboard,249.95,5,0.0,19.996
5252,US-2016-169369,12/12/2016,12/18/2016,Standard Class,EC-14050,Erin Creighton,Consumer,United States,Columbus,Georgia,31907,South,OFF-PA-10004438,Office Supplies,Paper,Xerox 1907,49.12,4,0.0,23.0864
5253,CA-2015-132318,10/30/2015,11/2/2015,First Class,TT-21220,Thomas Thornton,Consumer,United States,Virginia Beach,Virginia,23464,South,OFF-AP-10000026,Office Supplies,Appliances,Tripp Lite Isotel 6 Outlet Surge Protector with Fax/Modem Protection,182.91,3,0.0,53.0439
5274,US-2016-158309,11/26/2016,11/29/2016,First Class,PA-19060,Pete Armstrong,Home Office,United States,Miami,Florida,33142,South,OFF-BI-10000145,Office Supplies,Binders,Zipper Ring Binder Pockets,3.744,4,0.7,-2.6208
5276,CA-2017-147333,12/14/2017,12/20/2017,Standard Class,KL-16555,Kelly Lampkin,Corporate,United States,Fayetteville,Arkansas,72701,South,TEC-AC-10004469,Technology,Accessories,Microsoft Sculpt Comfort Mouse,159.8,4,0.0,70.312
5277,CA-2017-147333,12/14/2017,12/20/2017,Standard Class,KL-16555,Kelly Lampkin,Corporate,United States,Fayetteville,Arkansas,72701,South,TEC-AC-10003038,Technology,Accessories,Kingston Digital DataTraveler 16GB USB 2.0,44.75,5,0.0,8.5025
5279,CA-2014-159681,12/7/2014,12/13/2014,Standard Class,PO-18850,Patrick O'Brill,Consumer,United States,Virginia Beach,Virginia,23464,South,OFF-PA-10003641,Office Supplies,Paper,Xerox 1909,105.52,4,0.0,48.5392
5293,CA-2017-151218,6/20/2017,6/23/2017,First Class,PJ-19015,Pauline Johnson,Consumer,United States,Miami,Florida,33180,South,OFF-ST-10004835,Office Supplies,Storage,Plastic Stacking Crates & Casters,4.464,1,0.2,0.3348
5301,CA-2016-113831,5/30/2016,6/3/2016,Standard Class,AH-10690,Anna Häberlin,Corporate,United States,Springfield,Virginia,22153,South,FUR-TA-10002645,Furniture,Tables,Hon Rectangular Conference Tables,2275.5,10,0.0,386.835
5302,CA-2016-113831,5/30/2016,6/3/2016,Standard Class,AH-10690,Anna Häberlin,Corporate,United States,Springfield,Virginia,22153,South,TEC-AC-10003033,Technology,Accessories,Plantronics CS510 - Over-the-Head monaural Wireless Headset System,1979.7,6,0.0,653.301
5303,CA-2016-113831,5/30/2016,6/3/2016,Standard Class,AH-10690,Anna Häberlin,Corporate,United States,Springfield,Virginia,22153,South,OFF-LA-10001297,Office Supplies,Labels,Avery 473,62.1,6,0.0,29.808
5312,CA-2016-123414,8/21/2016,8/27/2016,Standard Class,SU-20665,Stephanie Ulpright,Home Office,United States,Greenville,North Carolina,27834,South,OFF-LA-10004559,Office Supplies,Labels,Avery 49,9.216,4,0.2,3.3408
5313,CA-2016-123414,8/21/2016,8/27/2016,Standard Class,SU-20665,Stephanie Ulpright,Home Office,United States,Greenville,North Carolina,27834,South,OFF-SU-10002573,Office Supplies,Supplies,"Acme 10"" Easy Grip Assistive Scissors",28.048,2,0.2,3.506
5316,CA-2016-154060,5/2/2016,5/8/2016,Standard Class,DL-12865,Dan Lawera,Consumer,United States,Greensboro,North Carolina,27405,South,FUR-CH-10002304,Furniture,Chairs,"Global Stack Chair without Arms, Black",187.056,9,0.2,11.691
5317,US-2017-162558,10/2/2017,10/5/2017,First Class,Dp-13240,Dean percer,Home Office,United States,Knoxville,Tennessee,37918,South,FUR-FU-10002364,Furniture,Furnishings,"Eldon Expressions Wood Desk Accessories, Oak",11.808,2,0.2,1.3284
5318,US-2017-162558,10/2/2017,10/5/2017,First Class,Dp-13240,Dean percer,Home Office,United States,Knoxville,Tennessee,37918,South,FUR-FU-10004864,Furniture,Furnishings,Eldon 500 Class Desk Accessories,9.656,1,0.2,1.5691
5319,US-2017-162558,10/2/2017,10/5/2017,First Class,Dp-13240,Dean percer,Home Office,United States,Knoxville,Tennessee,37918,South,OFF-PA-10003172,Office Supplies,Paper,Xerox 1996,20.736,4,0.2,7.2576
5320,US-2017-162558,10/2/2017,10/5/2017,First Class,Dp-13240,Dean percer,Home Office,United States,Knoxville,Tennessee,37918,South,OFF-BI-10000977,Office Supplies,Binders,Ibico Plastic Spiral Binding Combs,27.36,3,0.7,-21.888
5321,US-2017-162558,10/2/2017,10/5/2017,First Class,Dp-13240,Dean percer,Home Office,United States,Knoxville,Tennessee,37918,South,FUR-TA-10000198,Furniture,Tables,Chromcraft Bull-Nose Wood Oval Conference Tables & Bases,2314.116,7,0.4,-1002.7836
5322,US-2017-162558,10/2/2017,10/5/2017,First Class,Dp-13240,Dean percer,Home Office,United States,Knoxville,Tennessee,37918,South,OFF-BI-10003984,Office Supplies,Binders,Lock-Up Easel 'Spel-Binder',34.236,4,0.7,-26.2476
5323,US-2017-162558,10/2/2017,10/5/2017,First Class,Dp-13240,Dean percer,Home Office,United States,Knoxville,Tennessee,37918,South,FUR-FU-10003691,Furniture,Furnishings,"Eldon Image Series Desk Accessories, Ebony",19.76,2,0.2,5.928
5354,US-2016-101616,9/3/2016,9/6/2016,First Class,CY-12745,Craig Yedwab,Corporate,United States,Monroe,Louisiana,71203,South,OFF-BI-10000014,Office Supplies,Binders,Heavy-Duty E-Z-D Binders,87.28,8,0.0,41.0216
5361,US-2017-126060,4/14/2017,4/18/2017,Standard Class,DW-13585,Dorothy Wardle,Corporate,United States,Fayetteville,North Carolina,28314,South,FUR-BO-10003433,Furniture,Bookcases,Sauder Cornerstone Collection Library,198.272,8,0.2,-32.2192
5387,CA-2017-152786,3/12/2017,3/17/2017,Standard Class,GA-14725,Guy Armstrong,Consumer,United States,Rogers,Arkansas,72756,South,OFF-BI-10000829,Office Supplies,Binders,Avery Non-Stick Binders,40.41,9,0.0,18.5886
5424,CA-2017-103009,11/3/2017,11/5/2017,Second Class,PJ-18835,Patrick Jones,Corporate,United States,Richmond,Kentucky,40475,South,OFF-PA-10001215,Office Supplies,Paper,Xerox 1963,26.4,5,0.0,11.88
5430,CA-2014-136861,9/5/2014,9/7/2014,First Class,PR-18880,Patrick Ryan,Consumer,United States,Saint Petersburg,Florida,33710,South,FUR-FU-10001967,Furniture,Furnishings,Telescoping Adjustable Floor Lamp,31.984,2,0.2,1.999
5437,CA-2014-103317,7/5/2014,7/8/2014,First Class,DM-13525,Don Miller,Corporate,United States,Palm Coast,Florida,32137,South,FUR-FU-10001591,Furniture,Furnishings,Advantus Panel Wall Certificate Holder - 8.5x11,19.52,2,0.2,5.368
5438,CA-2014-103317,7/5/2014,7/8/2014,First Class,DM-13525,Don Miller,Corporate,United States,Palm Coast,Florida,32137,South,OFF-BI-10001787,Office Supplies,Binders,Wilson Jones Four-Pocket Poly Binders,9.81,5,0.7,-6.867
5439,CA-2014-103317,7/5/2014,7/8/2014,First Class,DM-13525,Don Miller,Corporate,United States,Palm Coast,Florida,32137,South,FUR-FU-10003192,Furniture,Furnishings,Luxo Adjustable Task Clamp Lamp,213.216,3,0.2,15.9912
5441,US-2017-153633,11/13/2017,11/18/2017,Second Class,TC-21295,Toby Carlisle,Consumer,United States,Jupiter,Florida,33458,South,OFF-AR-10002335,Office Supplies,Art,DIXON Oriole Pencils,2.064,1,0.2,0.1548
5461,US-2014-107405,3/21/2014,3/25/2014,Standard Class,TS-21205,Thomas Seio,Corporate,United States,Asheville,North Carolina,28806,South,OFF-ST-10002301,Office Supplies,Storage,Tennsco Commercial Shelving,16.272,1,0.2,-3.8646
5480,CA-2014-101770,3/31/2014,4/4/2014,Standard Class,KB-16240,Karen Bern,Corporate,United States,Miami,Florida,33180,South,OFF-BI-10001097,Office Supplies,Binders,Avery Hole Reinforcements,1.869,1,0.7,-1.3083
5485,CA-2017-148999,1/30/2017,2/4/2017,Standard Class,EB-13870,Emily Burns,Consumer,United States,Miami,Florida,33142,South,FUR-CH-10002044,Furniture,Chairs,"Office Star - Contemporary Task Swivel chair with 2-way adjustable arms, Plum",419.136,4,0.2,-68.1096
5486,CA-2014-107573,12/12/2014,12/17/2014,Standard Class,PB-19150,Philip Brown,Consumer,United States,Miami,Florida,33178,South,OFF-EN-10001099,Office Supplies,Envelopes,Staple envelope,23.472,3,0.2,7.6284
5488,CA-2017-134495,4/1/2017,4/4/2017,Second Class,BF-11020,Barry Französisch,Corporate,United States,Jacksonville,Florida,32216,South,TEC-PH-10004897,Technology,Phones,Mediabridge Sport Armband iPhone 5s,23.976,3,0.2,-5.6943
5489,CA-2017-134495,4/1/2017,4/4/2017,Second Class,BF-11020,Barry Französisch,Corporate,United States,Jacksonville,Florida,32216,South,OFF-LA-10000262,Office Supplies,Labels,Avery 494,6.264,3,0.2,2.0358
5490,CA-2017-134495,4/1/2017,4/4/2017,Second Class,BF-11020,Barry Französisch,Corporate,United States,Jacksonville,Florida,32216,South,OFF-AP-10002222,Office Supplies,Appliances,Staple holder,20.808,3,0.2,1.8207
5491,CA-2017-134495,4/1/2017,4/4/2017,Second Class,BF-11020,Barry Französisch,Corporate,United States,Jacksonville,Florida,32216,South,FUR-CH-10003774,Furniture,Chairs,"Global Wood Trimmed Manager's Task Chair, Khaki",218.352,3,0.2,-19.1058
5508,CA-2016-150000,4/8/2016,4/14/2016,Standard Class,PG-18820,Patrick Gardner,Consumer,United States,Smyrna,Georgia,30080,South,OFF-EN-10002973,Office Supplies,Envelopes,Ampad #10 Peel & Seel Holiday Envelopes,17.92,4,0.0,8.6016
5517,US-2016-138408,11/18/2016,11/21/2016,Second Class,KC-16255,Karen Carlisle,Corporate,United States,Huntsville,Alabama,35810,South,TEC-AC-10003870,Technology,Accessories,Logitech Z-906 Speaker sys - home theater - 5.1-CH,1319.96,4,0.0,527.984
5529,CA-2015-137106,3/31/2015,4/4/2015,Standard Class,SC-20260,Scott Cohen,Corporate,United States,Jacksonville,Florida,32216,South,TEC-PH-10000011,Technology,Phones,PureGear Roll-On Screen Protector,79.96,5,0.2,27.986
5532,US-2016-167472,6/6/2016,6/7/2016,First Class,CK-12595,Clytie Kelty,Consumer,United States,Little Rock,Arkansas,72209,South,TEC-AC-10001109,Technology,Accessories,Logitech Trackman Marble Mouse,179.94,6,0.0,75.5748
5533,US-2016-167472,6/6/2016,6/7/2016,First Class,CK-12595,Clytie Kelty,Consumer,United States,Little Rock,Arkansas,72209,South,TEC-AC-10003038,Technology,Accessories,Kingston Digital DataTraveler 16GB USB 2.0,26.85,3,0.0,5.1015
5534,US-2016-167472,6/6/2016,6/7/2016,First Class,CK-12595,Clytie Kelty,Consumer,United States,Little Rock,Arkansas,72209,South,TEC-AC-10003174,Technology,Accessories,Plantronics S12 Corded Telephone Headset System,323.37,3,0.0,129.348
5535,US-2016-167472,6/6/2016,6/7/2016,First Class,CK-12595,Clytie Kelty,Consumer,United States,Little Rock,Arkansas,72209,South,OFF-PA-10000157,Office Supplies,Paper,Xerox 191,59.94,3,0.0,28.1718
5536,US-2016-167472,6/6/2016,6/7/2016,First Class,CK-12595,Clytie Kelty,Consumer,United States,Little Rock,Arkansas,72209,South,OFF-BI-10001721,Office Supplies,Binders,Trimflex Flexible Post Binders,64.14,3,0.0,30.7872
5537,US-2016-167472,6/6/2016,6/7/2016,First Class,CK-12595,Clytie Kelty,Consumer,United States,Little Rock,Arkansas,72209,South,OFF-BI-10000591,Office Supplies,Binders,Avery Binder Labels,11.67,3,0.0,5.6016
5538,US-2016-167472,6/6/2016,6/7/2016,First Class,CK-12595,Clytie Kelty,Consumer,United States,Little Rock,Arkansas,72209,South,OFF-PA-10001534,Office Supplies,Paper,Xerox 230,12.96,2,0.0,6.2208
5556,CA-2017-116113,10/2/2017,10/6/2017,Second Class,JW-15220,Jane Waco,Corporate,United States,Montgomery,Alabama,36116,South,FUR-FU-10002963,Furniture,Furnishings,"Master Caster Door Stop, Gray",10.16,2,0.0,3.4544
5557,CA-2015-125066,12/14/2015,12/18/2015,Standard Class,KD-16495,Keith Dawkins,Corporate,United States,Jackson,Mississippi,39212,South,FUR-FU-10003829,Furniture,Furnishings,Stackable Trays,6.16,2,0.0,1.9712
5558,CA-2015-125066,12/14/2015,12/18/2015,Standard Class,KD-16495,Keith Dawkins,Corporate,United States,Jackson,Mississippi,39212,South,OFF-AR-10003582,Office Supplies,Art,"Boston Electric Pencil Sharpener, Model 1818, Charcoal Black",56.3,2,0.0,15.764
5562,CA-2017-133263,3/31/2017,4/2/2017,Second Class,JE-15610,Jim Epp,Corporate,United States,Atlanta,Georgia,30318,South,OFF-BI-10001153,Office Supplies,Binders,Ibico Recycled Grain-Textured Covers,34.54,1,0.0,17.27
5563,CA-2017-133263,3/31/2017,4/2/2017,Second Class,JE-15610,Jim Epp,Corporate,United States,Atlanta,Georgia,30318,South,TEC-CO-10001449,Technology,Copiers,Hewlett Packard LaserJet 3310 Copier,2999.95,5,0.0,1439.976
5564,CA-2017-133263,3/31/2017,4/2/2017,Second Class,JE-15610,Jim Epp,Corporate,United States,Atlanta,Georgia,30318,South,OFF-BI-10000474,Office Supplies,Binders,Avery Recycled Flexi-View Covers for Binding Systems,64.12,4,0.0,30.7776
5606,CA-2016-134516,9/20/2016,9/25/2016,Standard Class,FM-14215,Filia McAdams,Corporate,United States,Greensboro,North Carolina,27405,South,FUR-FU-10001546,Furniture,Furnishings,Dana Swing-Arm Lamps,17.088,2,0.2,1.068
5607,CA-2016-134516,9/20/2016,9/25/2016,Standard Class,FM-14215,Filia McAdams,Corporate,United States,Greensboro,North Carolina,27405,South,FUR-CH-10002880,Furniture,Chairs,"Global High-Back Leather Tilter, Burgundy",98.392,1,0.2,-11.0691
5610,CA-2017-117198,8/31/2017,9/5/2017,Standard Class,BG-11035,Barry Gonzalez,Consumer,United States,Monroe,Louisiana,71203,South,TEC-AC-10003033,Technology,Accessories,Plantronics CS510 - Over-the-Head monaural Wireless Headset System,659.9,2,0.0,217.767
5618,CA-2017-125745,6/30/2017,7/4/2017,Standard Class,DV-13045,Darrin Van Huff,Corporate,United States,Memphis,Tennessee,38109,South,FUR-FU-10001591,Furniture,Furnishings,Advantus Panel Wall Certificate Holder - 8.5x11,19.52,2,0.2,5.368
5628,CA-2017-148810,6/26/2017,7/1/2017,Standard Class,DR-12880,Dan Reichenbach,Corporate,United States,Miami,Florida,33180,South,OFF-LA-10004689,Office Supplies,Labels,Avery 512,13.872,6,0.2,4.6818
5629,CA-2017-148810,6/26/2017,7/1/2017,Standard Class,DR-12880,Dan Reichenbach,Corporate,United States,Miami,Florida,33180,South,FUR-CH-10001545,Furniture,Chairs,Hon Comfortask Task/Swivel Chairs,273.552,3,0.2,-13.6776
5631,CA-2014-127614,2/11/2014,2/15/2014,Standard Class,NF-18385,Natalie Fritzler,Consumer,United States,Chesapeake,Virginia,23320,South,TEC-AC-10001432,Technology,Accessories,Enermax Aurora Lite Keyboard,234.45,3,0.0,103.158
5632,CA-2014-127614,2/11/2014,2/15/2014,Standard Class,NF-18385,Natalie Fritzler,Consumer,United States,Chesapeake,Virginia,23320,South,FUR-TA-10003715,Furniture,Tables,Hon 2111 Invitation Series Corner Table,1256.22,6,0.0,75.3732
5633,CA-2014-127614,2/11/2014,2/15/2014,Standard Class,NF-18385,Natalie Fritzler,Consumer,United States,Chesapeake,Virginia,23320,South,OFF-BI-10003291,Office Supplies,Binders,Wilson Jones Leather-Like Binders with DublLock Round Rings,17.46,2,0.0,8.2062
5643,CA-2016-127985,4/1/2016,4/5/2016,Second Class,DB-12910,Daniel Byrd,Home Office,United States,Columbus,Georgia,31907,South,FUR-FU-10003274,Furniture,Furnishings,Regeneration Desk Collection,7.04,4,0.0,3.0976
5644,CA-2015-166604,5/15/2015,5/20/2015,Second Class,AH-10690,Anna Häberlin,Corporate,United States,Roswell,Georgia,30076,South,OFF-EN-10004147,Office Supplies,Envelopes,Wausau Papers Astrobrights Colored Envelopes,17.94,3,0.0,8.7906
5647,CA-2015-104241,1/4/2015,1/9/2015,Standard Class,AG-10495,Andrew Gjertsen,Corporate,United States,Alexandria,Virginia,22304,South,FUR-FU-10001473,Furniture,Furnishings,DAX Wood Document Frame,192.22,14,0.0,69.1992
5683,CA-2014-164315,4/2/2014,4/8/2014,Standard Class,RD-19585,Rob Dowd,Consumer,United States,Athens,Georgia,30605,South,OFF-PA-10004248,Office Supplies,Paper,Xerox 1990,15.84,3,0.0,7.128
5684,CA-2014-164315,4/2/2014,4/8/2014,Standard Class,RD-19585,Rob Dowd,Consumer,United States,Athens,Georgia,30605,South,TEC-PH-10001128,Technology,Phones,Motorola Droid Maxx,1049.93,7,0.0,293.9804
5685,CA-2014-164315,4/2/2014,4/8/2014,Standard Class,RD-19585,Rob Dowd,Consumer,United States,Athens,Georgia,30605,South,OFF-AP-10003842,Office Supplies,Appliances,Euro-Pro Shark Turbo Vacuum,154.9,5,0.0,40.274
5687,CA-2014-131541,7/28/2014,7/28/2014,Same Day,CK-12205,Chloris Kastensmidt,Consumer,United States,Apopka,Florida,32712,South,OFF-FA-10000621,Office Supplies,Fasteners,"OIC Colored Binder Clips, Assorted Sizes",14.32,5,0.2,5.191
5688,CA-2014-131541,7/28/2014,7/28/2014,Same Day,CK-12205,Chloris Kastensmidt,Consumer,United States,Apopka,Florida,32712,South,FUR-FU-10003623,Furniture,Furnishings,"DataProducts Ampli Magnifier Task Lamp, Black,",129.888,6,0.2,12.9888
5689,CA-2014-131541,7/28/2014,7/28/2014,Same Day,CK-12205,Chloris Kastensmidt,Consumer,United States,Apopka,Florida,32712,South,OFF-EN-10000781,Office Supplies,Envelopes,"#10- 4 1/8"" x 9 1/2"" Recycled Envelopes",48.944,7,0.2,16.5186
5715,CA-2017-116939,9/25/2017,9/29/2017,Standard Class,AG-10900,Arthur Gainer,Consumer,United States,Richmond,Virginia,23223,South,OFF-ST-10001476,Office Supplies,Storage,Steel Personal Filing/Posting Tote,177.55,5,0.0,47.9385
5747,CA-2016-113733,12/8/2016,12/12/2016,Standard Class,LH-16900,Lena Hernandez,Consumer,United States,Greenville,North Carolina,27834,South,TEC-PH-10002496,Technology,Phones,Cisco SPA301,249.584,2,0.2,31.198
5748,CA-2016-113733,12/8/2016,12/12/2016,Standard Class,LH-16900,Lena Hernandez,Consumer,United States,Greenville,North Carolina,27834,South,TEC-AC-10002473,Technology,Accessories,Maxell 4.7GB DVD-R,68.112,3,0.2,17.8794
5749,CA-2016-113733,12/8/2016,12/12/2016,Standard Class,LH-16900,Lena Hernandez,Consumer,United States,Greenville,North Carolina,27834,South,TEC-AC-10004877,Technology,Accessories,Imation 30456 USB Flash Drive 8GB,16.56,3,0.2,-2.484
5754,CA-2016-118514,2/3/2016,2/10/2016,Standard Class,LC-17050,Liz Carlisle,Consumer,United States,Richmond,Kentucky,40475,South,FUR-CH-10000015,Furniture,Chairs,Hon Multipurpose Stacking Arm Chairs,866.4,4,0.0,225.264
5755,CA-2015-150749,3/29/2015,4/3/2015,Second Class,AS-10240,Alan Shonely,Consumer,United States,Springfield,Virginia,22153,South,OFF-AR-10003732,Office Supplies,Art,Newell 333,5.56,2,0.0,1.4456
5758,CA-2015-119634,8/11/2015,8/16/2015,Standard Class,BW-11065,Barry Weirich,Consumer,United States,Raleigh,North Carolina,27604,South,FUR-FU-10004270,Furniture,Furnishings,"Executive Impressions 13"" Clairmont Wall Clock",46.152,3,0.2,12.1149
5759,CA-2015-149300,11/22/2015,11/23/2015,First Class,BH-11710,Brosina Hoffman,Consumer,United States,Hialeah,Florida,33012,South,TEC-MA-10000423,Technology,Machines,Texas Instruments TI-34 Scientific Calculator,32.985,3,0.5,-1.9791
5789,CA-2017-115070,4/10/2017,4/14/2017,Second Class,MG-18205,Mitch Gastineau,Corporate,United States,Jacksonville,Florida,32216,South,FUR-FU-10003829,Furniture,Furnishings,Stackable Trays,12.32,5,0.2,1.848
5790,CA-2017-115070,4/10/2017,4/14/2017,Second Class,MG-18205,Mitch Gastineau,Corporate,United States,Jacksonville,Florida,32216,South,OFF-BI-10003712,Office Supplies,Binders,"Acco Pressboard Covers with Storage Hooks, 14 7/8"" x 11"", Light Blue",4.419,3,0.7,-3.0933
5807,CA-2016-149783,9/4/2016,9/7/2016,Second Class,DL-13315,Delfina Latchford,Consumer,United States,Knoxville,Tennessee,37918,South,OFF-PA-10002195,Office Supplies,Paper,"RSVP Cards & Envelopes, Blank White, 8-1/2"" X 11"", 24 Cards/25 Envelopes/Set",12.192,3,0.2,4.1148
5808,CA-2016-149783,9/4/2016,9/7/2016,Second Class,DL-13315,Delfina Latchford,Consumer,United States,Knoxville,Tennessee,37918,South,OFF-AP-10001205,Office Supplies,Appliances,Belkin 5 Outlet SurgeMaster Power Centers,87.168,2,0.2,8.7168
5809,CA-2016-149783,9/4/2016,9/7/2016,Second Class,DL-13315,Delfina Latchford,Consumer,United States,Knoxville,Tennessee,37918,South,OFF-AR-10002987,Office Supplies,Art,Prismacolor Color Pencil Set,31.744,2,0.2,8.3328
5810,CA-2016-125017,2/6/2016,2/11/2016,Standard Class,KB-16240,Karen Bern,Corporate,United States,Chattanooga,Tennessee,37421,South,FUR-FU-10000723,Furniture,Furnishings,"Deflect-o EconoMat Studded, No Bevel Mat for Low Pile Carpeting",132.224,4,0.2,-18.1808
5815,US-2015-106495,6/15/2015,6/17/2015,First Class,AC-10450,Amy Cox,Consumer,United States,Tampa,Florida,33614,South,TEC-AC-10002718,Technology,Accessories,Belkin Standard 104 key USB Keyboard,11.672,1,0.2,-0.7295
5833,CA-2016-142895,7/21/2016,7/26/2016,Standard Class,BP-11290,Beth Paige,Consumer,United States,Concord,North Carolina,28027,South,OFF-LA-10000262,Office Supplies,Labels,Avery 494,6.264,3,0.2,2.0358
5834,CA-2016-142895,7/21/2016,7/26/2016,Standard Class,BP-11290,Beth Paige,Consumer,United States,Concord,North Carolina,28027,South,FUR-CH-10002961,Furniture,Chairs,"Leather Task Chair, Black",363.92,5,0.2,0.0
5835,CA-2015-101868,6/9/2015,6/16/2015,Standard Class,MJ-17740,Max Jones,Consumer,United States,Miami,Florida,33178,South,OFF-BI-10003876,Office Supplies,Binders,"Green Canvas Binder for 8-1/2"" x 14"" Sheets",64.2,5,0.7,-42.8
5836,CA-2015-101868,6/9/2015,6/16/2015,Standard Class,MJ-17740,Max Jones,Consumer,United States,Miami,Florida,33178,South,OFF-BI-10002133,Office Supplies,Binders,"Wilson Jones Elliptical Ring 3 1/2"" Capacity Binders, 800 sheets",38.52,3,0.7,-26.964
5837,CA-2015-101868,6/9/2015,6/16/2015,Standard Class,MJ-17740,Max Jones,Consumer,United States,Miami,Florida,33178,South,TEC-AC-10004396,Technology,Accessories,Logitech Keyboard K120,72.6,5,0.2,-8.1675
5840,CA-2015-134992,9/22/2015,9/26/2015,Second Class,MG-17875,Michael Grace,Home Office,United States,Arlington,Virginia,22204,South,OFF-PA-10001972,Office Supplies,Paper,Xerox 214,32.4,5,0.0,15.552
5841,CA-2015-134992,9/22/2015,9/26/2015,Second Class,MG-17875,Michael Grace,Home Office,United States,Arlington,Virginia,22204,South,FUR-FU-10002554,Furniture,Furnishings,"Westinghouse Floor Lamp with Metal Mesh Shade, Black",47.98,2,0.0,11.0354
5854,US-2014-138835,9/10/2014,9/14/2014,Standard Class,DA-13450,Dianna Arnett,Home Office,United States,Virginia Beach,Virginia,23464,South,OFF-BI-10003314,Office Supplies,Binders,Tuff Stuff Recycled Round Ring Binders,9.64,2,0.0,4.7236
5860,CA-2015-108119,11/1/2015,11/8/2015,Standard Class,MS-17530,MaryBeth Skach,Consumer,United States,Conway,Arkansas,72032,South,FUR-TA-10002530,Furniture,Tables,"Iceberg OfficeWorks 42"" Round Tables",301.96,2,0.0,45.294
5862,CA-2016-101525,5/1/2016,5/4/2016,Second Class,CM-12235,Chris McAfee,Consumer,United States,Little Rock,Arkansas,72209,South,OFF-PA-10001497,Office Supplies,Paper,Xerox 1914,109.92,2,0.0,53.8608
5863,CA-2016-101525,5/1/2016,5/4/2016,Second Class,CM-12235,Chris McAfee,Consumer,United States,Little Rock,Arkansas,72209,South,OFF-PA-10003936,Office Supplies,Paper,Xerox 1994,19.44,3,0.0,9.3312
5864,CA-2016-101525,5/1/2016,5/4/2016,Second Class,CM-12235,Chris McAfee,Consumer,United States,Little Rock,Arkansas,72209,South,OFF-AR-10000716,Office Supplies,Art,DIXON Ticonderoga Erasable Checking Pencils,11.16,2,0.0,4.3524
5873,CA-2017-129910,3/30/2017,4/3/2017,Standard Class,ME-17320,Maria Etezadi,Home Office,United States,Columbus,Georgia,31907,South,OFF-ST-10003282,Office Supplies,Storage,"Advantus 10-Drawer Portable Organizer, Chrome Metal Frame, Smoke Drawers",59.76,1,0.0,16.7328
5874,CA-2017-133095,6/4/2017,6/4/2017,Same Day,EH-14005,Erica Hernandez,Home Office,United States,Jonesboro,Arkansas,72401,South,OFF-BI-10002353,Office Supplies,Binders,GBC VeloBind Cover Sets,108.08,7,0.0,54.04
5875,CA-2017-133095,6/4/2017,6/4/2017,Same Day,EH-14005,Erica Hernandez,Home Office,United States,Jonesboro,Arkansas,72401,South,OFF-BI-10004141,Office Supplies,Binders,Insertable Tab Indexes For Data Binders,9.54,3,0.0,4.3884
5889,CA-2015-147879,5/7/2015,5/12/2015,Standard Class,CC-12220,Chris Cortes,Consumer,United States,Owensboro,Kentucky,42301,South,OFF-PA-10001952,Office Supplies,Paper,Xerox 1902,45.68,2,0.0,21.0128
5894,CA-2017-159954,9/10/2017,9/14/2017,Standard Class,SS-20410,Shahid Shariari,Consumer,United States,Atlanta,Georgia,30318,South,OFF-BI-10004876,Office Supplies,Binders,Wilson Jones Suede Grain Vinyl Binders,2.78,1,0.0,1.3622
5913,CA-2014-120432,8/24/2014,8/26/2014,Second Class,DW-13585,Dorothy Wardle,Corporate,United States,Owensboro,Kentucky,42301,South,OFF-SU-10004661,Office Supplies,Supplies,Acme Titanium Bonded Scissors,25.5,3,0.0,6.63
5925,CA-2017-146458,11/19/2017,11/22/2017,Second Class,RB-19435,Richard Bierner,Consumer,United States,Springfield,Virginia,22153,South,OFF-AR-10001177,Office Supplies,Art,Newell 349,22.96,7,0.0,6.6584
5927,US-2014-118997,4/8/2014,4/12/2014,Standard Class,RA-19885,Ruben Ausman,Corporate,United States,Decatur,Alabama,35601,South,FUR-TA-10001086,Furniture,Tables,"SAFCO PlanMaster Boards, 60w x 37-1/2d, White Melamine",1215.92,8,0.0,316.1392
5928,CA-2014-114314,10/11/2014,10/15/2014,Standard Class,DB-13555,Dorothy Badders,Corporate,United States,Fayetteville,Arkansas,72701,South,OFF-LA-10000240,Office Supplies,Labels,Self-Adhesive Address Labels for Typewriters by Universal,7.31,1,0.0,3.4357
5929,CA-2014-114314,10/11/2014,10/15/2014,Standard Class,DB-13555,Dorothy Badders,Corporate,United States,Fayetteville,Arkansas,72701,South,FUR-FU-10002107,Furniture,Furnishings,Eldon Pizzaz Desk Accessories,8.92,4,0.0,3.9248
5949,CA-2017-161046,3/5/2017,3/5/2017,Same Day,CB-12535,Claudia Bergmann,Corporate,United States,Southaven,Mississippi,38671,South,OFF-EN-10003862,Office Supplies,Envelopes,Laser & Ink Jet Business Envelopes,42.68,4,0.0,19.6328
5950,CA-2017-161046,3/5/2017,3/5/2017,Same Day,CB-12535,Claudia Bergmann,Corporate,United States,Southaven,Mississippi,38671,South,TEC-AC-10004571,Technology,Accessories,Logitech G700s Rechargeable Gaming Mouse,299.97,3,0.0,125.9874
5951,CA-2017-161046,3/5/2017,3/5/2017,Same Day,CB-12535,Claudia Bergmann,Corporate,United States,Southaven,Mississippi,38671,South,OFF-AP-10000891,Office Supplies,Appliances,Kensington 7 Outlet MasterPiece HOMEOFFICE Power Control Center,262.24,2,0.0,78.672
5952,CA-2017-161046,3/5/2017,3/5/2017,Same Day,CB-12535,Claudia Bergmann,Corporate,United States,Southaven,Mississippi,38671,South,OFF-BI-10002026,Office Supplies,Binders,Ibico Recycled Linen-Style Covers,234.36,6,0.0,112.4928
5975,CA-2016-135636,10/8/2016,10/13/2016,Standard Class,DB-13615,Doug Bickford,Consumer,United States,Charlotte,North Carolina,28205,South,OFF-ST-10000676,Office Supplies,Storage,Fellowes Econo/Stor Drawers,387.72,5,0.2,-67.851
5985,CA-2016-163776,7/19/2016,7/25/2016,Standard Class,JS-16030,Joy Smith,Consumer,United States,Hattiesburg,Mississippi,39401,South,FUR-FU-10001185,Furniture,Furnishings,"Advantus Employee of the Month Certificate Frame, 11 x 13-1/2",185.58,6,0.0,76.0878
5986,CA-2016-163776,7/19/2016,7/25/2016,Standard Class,JS-16030,Joy Smith,Consumer,United States,Hattiesburg,Mississippi,39401,South,OFF-BI-10003007,Office Supplies,Binders,"Premium Transparent Presentation Covers, No Pattern/Clear, 8 1/2"" x 11""",77.56,2,0.0,35.6776
5987,CA-2016-163776,7/19/2016,7/25/2016,Standard Class,JS-16030,Joy Smith,Consumer,United States,Hattiesburg,Mississippi,39401,South,OFF-ST-10002485,Office Supplies,Storage,Rogers Deluxe File Chest,87.92,4,0.0,0.8792
5988,CA-2016-163776,7/19/2016,7/25/2016,Standard Class,JS-16030,Joy Smith,Consumer,United States,Hattiesburg,Mississippi,39401,South,OFF-PA-10001033,Office Supplies,Paper,Xerox 1893,245.94,6,0.0,120.5106
5989,CA-2016-163776,7/19/2016,7/25/2016,Standard Class,JS-16030,Joy Smith,Consumer,United States,Hattiesburg,Mississippi,39401,South,OFF-BI-10000404,Office Supplies,Binders,Avery Printable Repositionable Plastic Tabs,8.6,1,0.0,4.042
5990,CA-2016-163776,7/19/2016,7/25/2016,Standard Class,JS-16030,Joy Smith,Consumer,United States,Hattiesburg,Mississippi,39401,South,FUR-BO-10003546,Furniture,Bookcases,Hon 4-Shelf Metal Bookcases,504.9,5,0.0,126.225
6004,US-2017-146878,9/21/2017,9/27/2017,Standard Class,DL-12865,Dan Lawera,Consumer,United States,Miami,Florida,33142,South,OFF-BI-10002794,Office Supplies,Binders,"Avery Trapezoid Ring Binder, 3"" Capacity, Black, 1040 sheets",12.294,1,0.7,-8.6058
6008,CA-2017-129028,4/1/2017,4/3/2017,First Class,GB-14530,George Bell,Corporate,United States,Florence,South Carolina,29501,South,FUR-FU-10004006,Furniture,Furnishings,"Deflect-o DuraMat Lighweight, Studded, Beveled Mat for Low Pile Carpeting",127.95,3,0.0,21.7515
6021,US-2016-156692,8/13/2016,8/13/2016,Same Day,HG-15025,Hunter Glantz,Consumer,United States,Kenner,Louisiana,70065,South,OFF-AP-10002222,Office Supplies,Appliances,Staple holder,17.34,2,0.0,4.6818
6022,US-2016-156692,8/13/2016,8/13/2016,Same Day,HG-15025,Hunter Glantz,Consumer,United States,Kenner,Louisiana,70065,South,TEC-AC-10000158,Technology,Accessories,Sony 64GB Class 10 Micro SDHC R40 Memory Card,71.98,2,0.0,15.1158
6029,CA-2016-157364,11/19/2016,11/21/2016,First Class,LT-17110,Liz Thompson,Consumer,United States,Jacksonville,North Carolina,28540,South,OFF-AR-10003752,Office Supplies,Art,Deluxe Chalkboard Eraser Cleaner,18.48,2,0.2,6.006
6031,US-2017-152492,7/6/2017,7/6/2017,Same Day,AH-10585,Angele Hood,Consumer,United States,Miami,Florida,33142,South,FUR-CH-10000155,Furniture,Chairs,Global Comet Stacking Armless Chair,239.24,1,0.2,23.924
6037,CA-2016-131205,9/4/2016,9/8/2016,Standard Class,AA-10645,Anna Andreadi,Consumer,United States,Georgetown,Kentucky,40324,South,FUR-FU-10003347,Furniture,Furnishings,Coloredge Poster Frame,42.6,3,0.0,16.614
6038,CA-2016-131205,9/4/2016,9/8/2016,Standard Class,AA-10645,Anna Andreadi,Consumer,United States,Georgetown,Kentucky,40324,South,OFF-BI-10000315,Office Supplies,Binders,Poly Designer Cover & Back,113.94,6,0.0,54.6912
6039,CA-2016-131205,9/4/2016,9/8/2016,Standard Class,AA-10645,Anna Andreadi,Consumer,United States,Georgetown,Kentucky,40324,South,OFF-ST-10002583,Office Supplies,Storage,Fellowes Neat Ideas Storage Cubes,129.92,4,0.0,5.1968
6040,CA-2016-131205,9/4/2016,9/8/2016,Standard Class,AA-10645,Anna Andreadi,Consumer,United States,Georgetown,Kentucky,40324,South,OFF-AR-10003469,Office Supplies,Art,Nontoxic Chalk,5.28,3,0.0,2.5344
6044,CA-2017-145702,5/19/2017,5/24/2017,Second Class,AH-10075,Adam Hart,Corporate,United States,Knoxville,Tennessee,37918,South,FUR-CH-10001482,Furniture,Chairs,Office Star - Mesh Screen back chair with Vinyl seat,314.352,3,0.2,-35.3646
6045,CA-2017-145702,5/19/2017,5/24/2017,Second Class,AH-10075,Adam Hart,Corporate,United States,Knoxville,Tennessee,37918,South,OFF-PA-10001526,Office Supplies,Paper,Xerox 1949,27.888,7,0.2,10.1094
6048,CA-2015-105571,11/7/2015,11/11/2015,Standard Class,CP-12340,Christine Phan,Corporate,United States,Miami,Florida,33142,South,OFF-BI-10003305,Office Supplies,Binders,Avery Hanging File Binders,16.146,9,0.7,-12.9168
6049,CA-2015-105571,11/7/2015,11/11/2015,Standard Class,CP-12340,Christine Phan,Corporate,United States,Miami,Florida,33142,South,OFF-BI-10001359,Office Supplies,Binders,GBC DocuBind TL300 Electric Binding System,1345.485,5,0.7,-1031.5385
6067,CA-2015-151547,1/17/2015,1/23/2015,Standard Class,AH-10465,Amy Hunt,Consumer,United States,Bartlett,Tennessee,38134,South,OFF-SU-10000898,Office Supplies,Supplies,"Acme Hot Forged Carbon Steel Scissors with Nickel-Plated Handles, 3 7/8"" Cut, 8""L",88.96,8,0.2,10.008
6089,CA-2015-137281,6/13/2015,6/17/2015,Standard Class,BF-10975,Barbara Fisher,Corporate,United States,Roswell,Georgia,30076,South,OFF-PA-10001870,Office Supplies,Paper,Xerox 202,6.48,1,0.0,3.1104
6106,CA-2015-147011,6/18/2015,6/22/2015,Standard Class,HR-14830,Harold Ryan,Corporate,United States,Miami,Florida,33178,South,OFF-AR-10002399,Office Supplies,Art,"Dixon Prang Watercolor Pencils, 10-Color Set with Brush",13.632,4,0.2,3.5784
6130,CA-2017-162033,3/26/2017,4/2/2017,Standard Class,EM-14200,Evan Minnotte,Home Office,United States,Virginia Beach,Virginia,23464,South,TEC-AC-10003116,Technology,Accessories,Memorex Froggy Flash Drive 8 GB,53.25,3,0.0,20.7675
6131,CA-2017-162033,3/26/2017,4/2/2017,Standard Class,EM-14200,Evan Minnotte,Home Office,United States,Virginia Beach,Virginia,23464,South,OFF-FA-10003021,Office Supplies,Fasteners,Staples,3.76,2,0.0,1.316
6133,CA-2017-145737,9/15/2017,9/20/2017,Standard Class,AB-10165,Alan Barnes,Consumer,United States,Lebanon,Tennessee,37087,South,OFF-PA-10001033,Office Supplies,Paper,Xerox 1893,163.96,5,0.2,59.4355
6138,US-2016-142251,10/31/2016,11/4/2016,Second Class,FO-14305,Frank Olsen,Consumer,United States,Hollywood,Florida,33021,South,OFF-PA-10002986,Office Supplies,Paper,Xerox 1898,32.064,6,0.2,11.2224
6151,US-2016-106600,4/8/2016,4/11/2016,First Class,RM-19375,Raymond Messe,Consumer,United States,Columbus,Georgia,31907,South,FUR-BO-10001608,Furniture,Bookcases,"Hon Metal Bookcases, Black",354.9,5,0.0,88.725
6161,CA-2014-103989,3/19/2014,3/21/2014,First Class,MC-17605,Matt Connell,Corporate,United States,Lakeland,Florida,33801,South,TEC-PH-10004667,Technology,Phones,Cisco 8x8 Inc. 6753i IP Business Phone System,323.976,3,0.2,28.3479
6162,CA-2014-103989,3/19/2014,3/21/2014,First Class,MC-17605,Matt Connell,Corporate,United States,Lakeland,Florida,33801,South,OFF-LA-10000443,Office Supplies,Labels,Avery 501,11.808,4,0.2,3.9852
6163,CA-2014-103989,3/19/2014,3/21/2014,First Class,MC-17605,Matt Connell,Corporate,United States,Lakeland,Florida,33801,South,OFF-ST-10000918,Office Supplies,Storage,Crate-A-Files,26.16,3,0.2,1.962
6164,CA-2014-103989,3/19/2014,3/21/2014,First Class,MC-17605,Matt Connell,Corporate,United States,Lakeland,Florida,33801,South,OFF-BI-10001196,Office Supplies,Binders,"Avery Flip-Chart Easel Binder, Black",33.57,5,0.7,-25.737
6165,CA-2014-103989,3/19/2014,3/21/2014,First Class,MC-17605,Matt Connell,Corporate,United States,Lakeland,Florida,33801,South,FUR-FU-10003981,Furniture,Furnishings,Eldon Wave Desk Accessories,4.992,3,0.2,1.3728
6166,CA-2014-103989,3/19/2014,3/21/2014,First Class,MC-17605,Matt Connell,Corporate,United States,Lakeland,Florida,33801,South,FUR-FU-10002508,Furniture,Furnishings,Document Clip Frames,20.016,3,0.2,5.5044
6167,CA-2014-103989,3/19/2014,3/21/2014,First Class,MC-17605,Matt Connell,Corporate,United States,Lakeland,Florida,33801,South,TEC-AC-10002647,Technology,Accessories,"Logitech Wireless Boombox Speaker - portable - wireless, wired",170.24,2,0.2,53.2
6170,CA-2014-101266,8/27/2014,8/30/2014,Second Class,MM-17920,Michael Moore,Consumer,United States,Springfield,Virginia,22153,South,OFF-PA-10002986,Office Supplies,Paper,Xerox 1898,13.36,2,0.0,6.4128
6176,CA-2015-158421,9/21/2015,9/26/2015,Standard Class,GB-14575,Giulietta Baptist,Consumer,United States,Columbia,South Carolina,29203,South,FUR-CH-10000309,Furniture,Chairs,Global Comet Stacking Arm Chair,1690.04,4,0.0,422.51
6177,CA-2015-158421,9/21/2015,9/26/2015,Standard Class,GB-14575,Giulietta Baptist,Consumer,United States,Columbia,South Carolina,29203,South,OFF-ST-10002444,Office Supplies,Storage,Recycled Eldon Regeneration Jumbo File,85.96,7,0.0,24.0688
6178,CA-2015-158421,9/21/2015,9/26/2015,Standard Class,GB-14575,Giulietta Baptist,Consumer,United States,Columbia,South Carolina,29203,South,OFF-EN-10001453,Office Supplies,Envelopes,"Tyvek Interoffice Envelopes, 9 1/2"" x 12 1/2"", 100/Box",121.96,2,0.0,57.3212
6179,CA-2015-158421,9/21/2015,9/26/2015,Standard Class,GB-14575,Giulietta Baptist,Consumer,United States,Columbia,South Carolina,29203,South,OFF-PA-10001801,Office Supplies,Paper,Xerox 193,23.92,4,0.0,11.7208
6180,CA-2015-158421,9/21/2015,9/26/2015,Standard Class,GB-14575,Giulietta Baptist,Consumer,United States,Columbia,South Carolina,29203,South,OFF-ST-10000563,Office Supplies,Storage,Fellowes Bankers Box Stor/Drawer Steel Plus,63.96,2,0.0,6.396
6181,CA-2015-158421,9/21/2015,9/26/2015,Standard Class,GB-14575,Giulietta Baptist,Consumer,United States,Columbia,South Carolina,29203,South,TEC-PH-10000369,Technology,Phones,HTC One Mini,629.95,5,0.0,176.386
6182,CA-2015-158421,9/21/2015,9/26/2015,Standard Class,GB-14575,Giulietta Baptist,Consumer,United States,Columbia,South Carolina,29203,South,TEC-PH-10002538,Technology,Phones,Grandstream GXP1160 VoIP phone,113.73,3,0.0,32.9817
6183,CA-2015-158421,9/21/2015,9/26/2015,Standard Class,GB-14575,Giulietta Baptist,Consumer,United States,Columbia,South Carolina,29203,South,OFF-BI-10000050,Office Supplies,Binders,"Angle-D Binders with Locking Rings, Label Holders",14.6,2,0.0,6.862
6184,CA-2015-158421,9/21/2015,9/26/2015,Standard Class,GB-14575,Giulietta Baptist,Consumer,United States,Columbia,South Carolina,29203,South,OFF-ST-10004186,Office Supplies,Storage,"Stur-D-Stor Shelving, Vertical 5-Shelf: 72""H x 36""W x 18 1/2""D",887.84,8,0.0,17.7568
6218,US-2015-129553,7/27/2015,8/2/2015,Standard Class,PG-18820,Patrick Gardner,Consumer,United States,Louisville,Kentucky,40214,South,TEC-PH-10004897,Technology,Phones,Mediabridge Sport Armband iPhone 5s,29.97,3,0.0,0.2997
6223,CA-2017-140627,12/23/2017,12/27/2017,Standard Class,DK-12985,Darren Koutras,Consumer,United States,Hendersonville,Tennessee,37075,South,FUR-FU-10000087,Furniture,Furnishings,"Executive Impressions 14"" Two-Color Numerals Wall Clock",72.704,4,0.2,19.0848
6224,CA-2017-140627,12/23/2017,12/27/2017,Standard Class,DK-12985,Darren Koutras,Consumer,United States,Hendersonville,Tennessee,37075,South,OFF-AR-10000422,Office Supplies,Art,Pencil and Crayon Sharpener,12.264,7,0.2,1.0731
6225,CA-2017-140627,12/23/2017,12/27/2017,Standard Class,DK-12985,Darren Koutras,Consumer,United States,Hendersonville,Tennessee,37075,South,OFF-ST-10004123,Office Supplies,Storage,Safco Industrial Wire Shelving System,218.352,3,0.2,-54.588
6243,CA-2014-134621,12/21/2014,12/28/2014,Standard Class,DP-13390,Dennis Pardue,Home Office,United States,Columbia,Tennessee,38401,South,OFF-BI-10000977,Office Supplies,Binders,Ibico Plastic Spiral Binding Combs,18.24,2,0.7,-14.592
6253,CA-2014-165806,4/7/2014,4/7/2014,Same Day,VM-21685,Valerie Mitchum,Home Office,United States,Marietta,Georgia,30062,South,OFF-PA-10003441,Office Supplies,Paper,Xerox 226,58.32,9,0.0,27.9936
6254,CA-2014-165806,4/7/2014,4/7/2014,Same Day,VM-21685,Valerie Mitchum,Home Office,United States,Marietta,Georgia,30062,South,TEC-PH-10004922,Technology,Phones,RCA Visys Integrated PBX 8-Line Router,200.97,3,0.0,50.2425
6255,CA-2015-151624,9/8/2015,9/14/2015,Standard Class,VW-21775,Victoria Wilson,Corporate,United States,Montgomery,Alabama,36116,South,FUR-FU-10001731,Furniture,Furnishings,Acrylic Self-Standing Desk Frames,21.36,8,0.0,8.1168
6257,CA-2015-133977,9/6/2015,9/8/2015,Second Class,AT-10435,Alyssa Tate,Home Office,United States,Tamarac,Florida,33319,South,OFF-BI-10003166,Office Supplies,Binders,GBC Plasticlear Binding Covers,3.444,1,0.7,-2.5256
6264,CA-2017-160724,5/5/2017,5/10/2017,Standard Class,YS-21880,Yana Sorensen,Corporate,United States,Columbus,Georgia,31907,South,OFF-BI-10004965,Office Supplies,Binders,Ibico Covers for Plastic or Wire Binding Elements,34.5,3,0.0,15.525
6266,CA-2014-146731,11/3/2014,11/8/2014,Standard Class,AT-10735,Annie Thurman,Consumer,United States,Nashville,Tennessee,37211,South,OFF-PA-10000141,Office Supplies,Paper,"Ampad Evidence Wirebond Steno Books, 6"" x 9""",3.488,2,0.2,1.1772
6267,CA-2014-146731,11/3/2014,11/8/2014,Standard Class,AT-10735,Annie Thurman,Consumer,United States,Nashville,Tennessee,37211,South,OFF-PA-10001019,Office Supplies,Paper,Xerox 1884,143.856,9,0.2,48.5514
6287,CA-2016-121020,10/24/2016,10/31/2016,Standard Class,CG-12040,Catherine Glotzbach,Home Office,United States,Lebanon,Tennessee,37087,South,TEC-PH-10001061,Technology,Phones,Apple iPhone 5C,239.976,3,0.2,17.9982
6292,CA-2017-143756,12/2/2017,12/5/2017,First Class,ME-17725,Max Engle,Consumer,United States,Salem,Virginia,24153,South,FUR-CH-10001854,Furniture,Chairs,Office Star - Professional Matrix Back Chair with 2-to-1 Synchro Tilt and Mesh Fabric Seat,701.96,2,0.0,168.4704
6321,CA-2017-160017,9/28/2017,10/2/2017,Standard Class,SP-20860,Sung Pak,Corporate,United States,Jacksonville,Florida,32216,South,OFF-PA-10001800,Office Supplies,Paper,Xerox 220,10.368,2,0.2,3.6288
6352,CA-2017-161130,11/3/2017,11/8/2017,Standard Class,BF-11275,Beth Fritzler,Corporate,United States,Miami,Florida,33178,South,TEC-PH-10002549,Technology,Phones,Polycom SoundPoint IP 450 VoIP phone,361.376,2,0.2,27.1032
6375,CA-2014-107811,4/29/2014,5/3/2014,Standard Class,LA-16780,Laura Armstrong,Corporate,United States,Memphis,Tennessee,38109,South,FUR-CH-10001394,Furniture,Chairs,Global Leather Executive Chair,561.584,2,0.2,70.198
6376,CA-2014-107811,4/29/2014,5/3/2014,Standard Class,LA-16780,Laura Armstrong,Corporate,United States,Memphis,Tennessee,38109,South,OFF-ST-10000798,Office Supplies,Storage,2300 Heavy-Duty Transfer File Systems by Perma,99.92,5,0.2,-1.249
6390,CA-2015-147529,2/7/2015,2/11/2015,Standard Class,DK-12835,Damala Kotsonis,Corporate,United States,Springfield,Virginia,22153,South,OFF-EN-10000056,Office Supplies,Envelopes,Cameo Buff Policy Envelopes,311.15,5,0.0,146.2405
6391,CA-2015-147529,2/7/2015,2/11/2015,Standard Class,DK-12835,Damala Kotsonis,Corporate,United States,Springfield,Virginia,22153,South,OFF-PA-10003349,Office Supplies,Paper,Xerox 1957,12.96,2,0.0,6.3504
6402,CA-2017-125472,5/30/2017,5/31/2017,First Class,BD-11725,Bruce Degenhardt,Consumer,United States,Lafayette,Louisiana,70506,South,FUR-BO-10000330,Furniture,Bookcases,"Sauder Camden County Barrister Bookcase, Planked Cherry Finish",241.96,2,0.0,33.8744
6403,CA-2017-125472,5/30/2017,5/31/2017,First Class,BD-11725,Bruce Degenhardt,Consumer,United States,Lafayette,Louisiana,70506,South,OFF-BI-10000591,Office Supplies,Binders,Avery Binder Labels,3.89,1,0.0,1.8672
6404,CA-2017-125472,5/30/2017,5/31/2017,First Class,BD-11725,Bruce Degenhardt,Consumer,United States,Lafayette,Louisiana,70506,South,FUR-FU-10001731,Furniture,Furnishings,Acrylic Self-Standing Desk Frames,8.01,3,0.0,3.0438
6405,CA-2015-156328,11/30/2015,12/5/2015,Standard Class,RM-19375,Raymond Messe,Consumer,United States,Raleigh,North Carolina,27604,South,TEC-PH-10001198,Technology,Phones,Avaya 4621SW VoIP phone,177.48,3,0.2,19.9665
6413,CA-2017-151211,8/17/2017,8/23/2017,Standard Class,AH-10120,Adrian Hane,Home Office,United States,Louisville,Kentucky,40214,South,OFF-BI-10002735,Office Supplies,Binders,GBC Prestige Therm-A-Bind Covers,102.93,3,0.0,48.3771
6414,CA-2017-151211,8/17/2017,8/23/2017,Standard Class,AH-10120,Adrian Hane,Home Office,United States,Louisville,Kentucky,40214,South,TEC-AC-10004510,Technology,Accessories,Logitech Desktop MK120 Mouse and keyboard Combo,98.16,6,0.0,9.816
6415,CA-2017-142671,11/10/2017,11/14/2017,Second Class,DR-12940,Daniel Raglin,Home Office,United States,Hollywood,Florida,33021,South,OFF-BI-10004099,Office Supplies,Binders,GBC VeloBinder Strips,11.52,5,0.7,-7.68
6430,CA-2014-165764,11/3/2014,11/7/2014,Standard Class,SH-20395,Shahid Hopkins,Consumer,United States,Jacksonville,North Carolina,28540,South,OFF-ST-10001558,Office Supplies,Storage,Acco Perma 4000 Stacking Storage Drawers,25.984,2,0.2,-1.624
6431,CA-2014-165764,11/3/2014,11/7/2014,Standard Class,SH-20395,Shahid Hopkins,Consumer,United States,Jacksonville,North Carolina,28540,South,FUR-TA-10001768,Furniture,Tables,Hon Racetrack Conference Tables,945.036,6,0.4,-299.2614
6432,CA-2014-165764,11/3/2014,11/7/2014,Standard Class,SH-20395,Shahid Hopkins,Consumer,United States,Jacksonville,North Carolina,28540,South,OFF-BI-10002982,Office Supplies,Binders,Avery Self-Adhesive Photo Pockets for Polaroid Photos,14.301,7,0.7,-10.4874
6433,CA-2014-165764,11/3/2014,11/7/2014,Standard Class,SH-20395,Shahid Hopkins,Consumer,United States,Jacksonville,North Carolina,28540,South,FUR-FU-10001468,Furniture,Furnishings,Tenex Antistatic Computer Chair Mats,410.352,3,0.2,-51.294
6465,US-2016-155404,9/22/2016,9/28/2016,Standard Class,AS-10630,Ann Steele,Home Office,United States,Louisville,Kentucky,40214,South,FUR-FU-10004586,Furniture,Furnishings,G.E. Longer-Life Indoor Recessed Floodlight Bulbs,13.28,2,0.0,6.3744
6466,CA-2015-114503,11/13/2015,11/17/2015,Standard Class,AA-10375,Allen Armold,Consumer,United States,Lebanon,Tennessee,37087,South,OFF-ST-10003572,Office Supplies,Storage,Portfile Personal File Boxes,84.96,6,0.2,6.372
6474,CA-2016-113292,3/18/2016,3/20/2016,Second Class,DB-13060,Dave Brooks,Consumer,United States,Columbia,Tennessee,38401,South,OFF-AP-10003590,Office Supplies,Appliances,Hoover WindTunnel Plus Canister Vacuum,871.8,3,0.2,87.18
6476,CA-2017-140872,6/3/2017,6/10/2017,Standard Class,NR-18550,Nick Radford,Consumer,United States,Pembroke Pines,Florida,33024,South,OFF-BI-10002432,Office Supplies,Binders,Wilson Jones Standard D-Ring Binders,4.554,3,0.7,-3.4914
6477,CA-2017-140872,6/3/2017,6/10/2017,Standard Class,NR-18550,Nick Radford,Consumer,United States,Pembroke Pines,Florida,33024,South,OFF-AP-10003622,Office Supplies,Appliances,"Bravo II Megaboss 12-Amp Hard Body Upright, Replacement Belts, 2 Belts per Pack",5.2,2,0.2,0.585
6478,CA-2017-140872,6/3/2017,6/10/2017,Standard Class,NR-18550,Nick Radford,Consumer,United States,Pembroke Pines,Florida,33024,South,TEC-AC-10003832,Technology,Accessories,Logitech P710e Mobile Speakerphone,205.992,1,0.2,-2.5749
6479,CA-2017-140872,6/3/2017,6/10/2017,Standard Class,NR-18550,Nick Radford,Consumer,United States,Pembroke Pines,Florida,33024,South,OFF-PA-10000809,Office Supplies,Paper,Xerox 206,15.552,3,0.2,5.4432
6480,CA-2017-140872,6/3/2017,6/10/2017,Standard Class,NR-18550,Nick Radford,Consumer,United States,Pembroke Pines,Florida,33024,South,TEC-PH-10000441,Technology,Phones,VTech DS6151,503.96,5,0.2,50.396
6481,CA-2017-140872,6/3/2017,6/10/2017,Standard Class,NR-18550,Nick Radford,Consumer,United States,Pembroke Pines,Florida,33024,South,OFF-AP-10002287,Office Supplies,Appliances,"Eureka Sanitaire  Multi-Pro Heavy-Duty Upright, Disposable Bags",24.472,7,0.2,1.8354
6482,CA-2017-140872,6/3/2017,6/10/2017,Standard Class,NR-18550,Nick Radford,Consumer,United States,Pembroke Pines,Florida,33024,South,FUR-BO-10002824,Furniture,Bookcases,Bush Mission Pointe Library,241.568,2,0.2,0.0
6483,CA-2017-140872,6/3/2017,6/10/2017,Standard Class,NR-18550,Nick Radford,Consumer,United States,Pembroke Pines,Florida,33024,South,TEC-AC-10002942,Technology,Accessories,WD My Passport Ultra 1TB Portable External Hard Drive,110.4,2,0.2,-4.14
6487,CA-2015-120621,3/21/2015,3/26/2015,Standard Class,JW-16075,Julia West,Consumer,United States,Jacksonville,North Carolina,28540,South,OFF-AP-10002945,Office Supplies,Appliances,Honeywell Enviracaire Portable HEPA Air Cleaner for 17' x 22' Room,962.08,4,0.2,156.338
6488,CA-2015-120621,3/21/2015,3/26/2015,Standard Class,JW-16075,Julia West,Consumer,United States,Jacksonville,North Carolina,28540,South,OFF-BI-10000948,Office Supplies,Binders,"GBC Laser Imprintable Binding System Covers, Desert Sand",12.843,3,0.7,-9.8463
6489,CA-2015-120621,3/21/2015,3/26/2015,Standard Class,JW-16075,Julia West,Consumer,United States,Jacksonville,North Carolina,28540,South,OFF-PA-10002254,Office Supplies,Paper,Xerox 1883,295.456,14,0.2,96.0232
6492,CA-2016-113845,11/20/2016,11/25/2016,Standard Class,FA-14230,Frank Atkinson,Corporate,United States,Orlando,Florida,32839,South,FUR-BO-10004695,Furniture,Bookcases,O'Sullivan 2-Door Barrister Bookcase in Odessa Pine,289.568,2,0.2,10.8588
6493,CA-2016-113845,11/20/2016,11/25/2016,Standard Class,FA-14230,Frank Atkinson,Corporate,United States,Orlando,Florida,32839,South,OFF-ST-10003327,Office Supplies,Storage,Akro-Mils 12-Gallon Tote,39.72,5,0.2,4.4685
6494,CA-2016-113845,11/20/2016,11/25/2016,Standard Class,FA-14230,Frank Atkinson,Corporate,United States,Orlando,Florida,32839,South,TEC-PH-10003357,Technology,Phones,Grandstream GXP2100 Mainstream Business Phone,244.768,4,0.2,24.4768
6498,CA-2015-103135,7/24/2015,7/28/2015,Standard Class,SS-20515,Shirley Schmidt,Home Office,United States,Louisville,Kentucky,40214,South,FUR-FU-10001487,Furniture,Furnishings,"Eldon Expressions Wood and Plastic Desk Accessories, Cherry Wood",20.94,3,0.0,6.0726
6499,CA-2015-103135,7/24/2015,7/28/2015,Standard Class,SS-20515,Shirley Schmidt,Home Office,United States,Louisville,Kentucky,40214,South,OFF-BI-10000069,Office Supplies,Binders,"GBC Prepunched Paper, 19-Hole, for Binding Systems, 24-lb",135.09,9,0.0,62.1414
6500,CA-2015-103135,7/24/2015,7/28/2015,Standard Class,SS-20515,Shirley Schmidt,Home Office,United States,Louisville,Kentucky,40214,South,TEC-AC-10003289,Technology,Accessories,Anker Ultra-Slim Mini Bluetooth 3.0 Wireless Keyboard,279.86,14,0.0,64.3678
6501,CA-2015-103135,7/24/2015,7/28/2015,Standard Class,SS-20515,Shirley Schmidt,Home Office,United States,Louisville,Kentucky,40214,South,OFF-BI-10000069,Office Supplies,Binders,"GBC Prepunched Paper, 19-Hole, for Binding Systems, 24-lb",90.06,6,0.0,41.4276
6537,CA-2014-169684,10/20/2014,10/23/2014,First Class,FH-14365,Fred Hopkins,Corporate,United States,Knoxville,Tennessee,37918,South,FUR-TA-10003008,Furniture,Tables,"Lesro Round Back Collection Coffee Table, End Table",328.59,3,0.4,-147.8655
6538,CA-2014-169684,10/20/2014,10/23/2014,First Class,FH-14365,Fred Hopkins,Corporate,United States,Knoxville,Tennessee,37918,South,OFF-ST-10000934,Office Supplies,Storage,"Contico 72""H Heavy-Duty Storage System",98.352,3,0.2,-24.588
6578,CA-2015-153752,12/6/2015,12/11/2015,Second Class,RO-19780,Rose O'Brian,Consumer,United States,Arlington,Virginia,22204,South,TEC-PH-10001615,Technology,Phones,AT&T CL82213,173.94,6,0.0,50.4426
6584,CA-2017-104731,7/21/2017,7/27/2017,Standard Class,AM-10705,Anne McFarland,Consumer,United States,Salem,Virginia,24153,South,OFF-AR-10003727,Office Supplies,Art,Berol Giant Pencil Sharpener,101.94,6,0.0,29.5626
6585,CA-2017-104731,7/21/2017,7/27/2017,Standard Class,AM-10705,Anne McFarland,Consumer,United States,Salem,Virginia,24153,South,TEC-PH-10002660,Technology,Phones,Nortel Networks T7316 E Nt8 B27,271.96,4,0.0,67.99
6586,CA-2017-104731,7/21/2017,7/27/2017,Standard Class,AM-10705,Anne McFarland,Consumer,United States,Salem,Virginia,24153,South,FUR-FU-10003274,Furniture,Furnishings,Regeneration Desk Collection,8.8,5,0.0,3.872
6587,CA-2017-104731,7/21/2017,7/27/2017,Standard Class,AM-10705,Anne McFarland,Consumer,United States,Salem,Virginia,24153,South,OFF-AR-10003829,Office Supplies,Art,Newell 35,19.68,6,0.0,5.7072
6588,CA-2017-104731,7/21/2017,7/27/2017,Standard Class,AM-10705,Anne McFarland,Consumer,United States,Salem,Virginia,24153,South,FUR-BO-10003441,Furniture,Bookcases,"Bush Westfield Collection Bookcases, Fully Assembled",302.94,3,0.0,69.6762
6589,CA-2017-104731,7/21/2017,7/27/2017,Standard Class,AM-10705,Anne McFarland,Consumer,United States,Salem,Virginia,24153,South,OFF-BI-10003355,Office Supplies,Binders,Cardinal Holdit Business Card Pockets,14.94,3,0.0,7.1712
6590,CA-2017-104731,7/21/2017,7/27/2017,Standard Class,AM-10705,Anne McFarland,Consumer,United States,Salem,Virginia,24153,South,OFF-SU-10003505,Office Supplies,Supplies,Premier Electric Letter Opener,231.72,2,0.0,11.586
6591,CA-2014-164749,3/23/2014,3/26/2014,First Class,BG-11740,Bruce Geld,Consumer,United States,Delray Beach,Florida,33445,South,OFF-LA-10004484,Office Supplies,Labels,Avery 476,9.912,3,0.2,3.2214
6598,CA-2014-169257,6/6/2014,6/12/2014,Standard Class,SV-20785,Stewart Visinsky,Consumer,United States,Jacksonville,Florida,32216,South,OFF-BI-10002557,Office Supplies,Binders,Presstex Flexible Ring Binders,1.365,1,0.7,-0.91
6599,CA-2014-169257,6/6/2014,6/12/2014,Standard Class,SV-20785,Stewart Visinsky,Consumer,United States,Jacksonville,Florida,32216,South,OFF-PA-10002319,Office Supplies,Paper,Xerox 1944,62.016,2,0.2,22.4808
6612,CA-2015-107678,4/21/2015,4/28/2015,Standard Class,JK-16090,Juliana Krohn,Consumer,United States,Louisville,Kentucky,40214,South,FUR-CH-10001891,Furniture,Chairs,Global Deluxe Office Fabric Chairs,191.96,2,0.0,51.8292
6613,CA-2015-107678,4/21/2015,4/28/2015,Standard Class,JK-16090,Juliana Krohn,Consumer,United States,Louisville,Kentucky,40214,South,OFF-BI-10002215,Office Supplies,Binders,"Wilson Jones Hanging View Binder, White, 1""",21.3,3,0.0,9.798
6614,CA-2015-107678,4/21/2015,4/28/2015,Standard Class,JK-16090,Juliana Krohn,Consumer,United States,Louisville,Kentucky,40214,South,TEC-PH-10002103,Technology,Phones,Jabra SPEAK 410,469.95,5,0.0,131.586
6615,CA-2015-107678,4/21/2015,4/28/2015,Standard Class,JK-16090,Juliana Krohn,Consumer,United States,Louisville,Kentucky,40214,South,FUR-FU-10003394,Furniture,Furnishings,"Tenex ""The Solids"" Textured Chair Mats",209.88,3,0.0,35.6796
6630,CA-2015-125696,10/2/2015,10/6/2015,Standard Class,NP-18685,Nora Pelletier,Home Office,United States,Wilson,North Carolina,27893,South,OFF-BI-10001757,Office Supplies,Binders,Pressboard Hanging Data Binders for Unburst Sheets,7.38,5,0.7,-5.412
6635,CA-2017-144498,5/6/2017,5/6/2017,Same Day,MB-18085,Mick Brown,Consumer,United States,Charlotte,North Carolina,28205,South,OFF-BI-10003982,Office Supplies,Binders,Wilson Jones Century Plastic Molded Ring Binders,68.541,11,0.7,-52.5481
6636,CA-2017-144498,5/6/2017,5/6/2017,Same Day,MB-18085,Mick Brown,Consumer,United States,Charlotte,North Carolina,28205,South,TEC-PH-10004977,Technology,Phones,GE 30524EE4,627.168,4,0.2,70.5564
6637,CA-2017-144498,5/6/2017,5/6/2017,Same Day,MB-18085,Mick Brown,Consumer,United States,Charlotte,North Carolina,28205,South,OFF-LA-10003510,Office Supplies,Labels,"Avery 4027 File Folder Labels for Dot Matrix Printers, 5000 Labels per Box, White",122.12,5,0.2,39.689
6664,CA-2017-162173,10/26/2017,11/1/2017,Standard Class,OT-18730,Olvera Toch,Consumer,United States,Virginia Beach,Virginia,23464,South,FUR-TA-10001520,Furniture,Tables,"Lesro Sheffield Collection Coffee Table, End Table, Center Table, Corner Table",356.85,5,0.0,60.6645
6665,CA-2017-162173,10/26/2017,11/1/2017,Standard Class,OT-18730,Olvera Toch,Consumer,United States,Virginia Beach,Virginia,23464,South,OFF-EN-10002831,Office Supplies,Envelopes,"Tyvek  Top-Opening Peel & Seel  Envelopes, Gray",251.58,7,0.0,113.211
6671,CA-2017-161088,5/25/2017,5/29/2017,Standard Class,MH-18115,Mick Hernandez,Home Office,United States,Columbus,Georgia,31907,South,OFF-BI-10002824,Office Supplies,Binders,Recycled Easel Ring Binders,29.84,2,0.0,13.428
6674,CA-2015-135510,9/5/2015,9/12/2015,Standard Class,TW-21025,Tamara Willingham,Home Office,United States,Charlottesville,Virginia,22901,South,FUR-FU-10000820,Furniture,Furnishings,Tensor Brushed Steel Torchiere Floor Lamp,67.96,4,0.0,12.2328
6693,CA-2017-160899,8/11/2017,8/13/2017,Second Class,DR-12940,Daniel Raglin,Home Office,United States,Lake Charles,Louisiana,70601,South,OFF-BI-10000632,Office Supplies,Binders,Satellite Sectional Post Binders,477.51,11,0.0,219.6546
6702,CA-2015-153535,5/20/2015,5/24/2015,Standard Class,SG-20470,Sheri Gordon,Consumer,United States,Wilson,North Carolina,27893,South,FUR-FU-10001986,Furniture,Furnishings,"Dana Fluorescent Magnifying Lamp, White, 36""",163.136,4,0.2,20.392
6703,CA-2015-153535,5/20/2015,5/24/2015,Standard Class,SG-20470,Sheri Gordon,Consumer,United States,Wilson,North Carolina,27893,South,OFF-BI-10001031,Office Supplies,Binders,Pressboard Data Binders by Wilson Jones,6.408,4,0.7,-4.9128
6707,CA-2016-112277,9/10/2016,9/15/2016,Standard Class,SC-20695,Steve Chapman,Corporate,United States,Fort Lauderdale,Florida,33311,South,TEC-PH-10003505,Technology,Phones,Geemarc AmpliPOWER60,519.68,7,0.2,58.464
6717,CA-2016-134789,4/8/2016,4/15/2016,Standard Class,CK-12325,Christine Kargatis,Home Office,United States,Hot Springs,Arkansas,71901,South,OFF-FA-10002280,Office Supplies,Fasteners,Advantus Plastic Paper Clips,30.0,6,0.0,14.4
6718,CA-2016-134789,4/8/2016,4/15/2016,Standard Class,CK-12325,Christine Kargatis,Home Office,United States,Hot Springs,Arkansas,71901,South,OFF-PA-10001934,Office Supplies,Paper,Xerox 1993,25.92,4,0.0,12.7008
6719,CA-2016-134789,4/8/2016,4/15/2016,Standard Class,CK-12325,Christine Kargatis,Home Office,United States,Hot Springs,Arkansas,71901,South,FUR-FU-10003268,Furniture,Furnishings,Eldon Radial Chair Mat for Low to Medium Pile Carpets,159.92,4,0.0,31.984
6720,CA-2016-130442,12/16/2016,12/19/2016,First Class,SF-20065,Sandra Flanagan,Consumer,United States,Goldsboro,North Carolina,27534,South,OFF-AP-10004859,Office Supplies,Appliances,Acco 6 Outlet Guardian Premium Surge Suppressor,34.944,3,0.2,3.0576
6729,CA-2016-165827,11/4/2016,11/9/2016,Standard Class,MF-17665,Maureen Fritzler,Corporate,United States,Miami,Florida,33180,South,FUR-FU-10001889,Furniture,Furnishings,Ultra Door Pull Handle,50.496,6,0.2,8.2056
6730,CA-2015-156734,6/18/2015,6/20/2015,First Class,BV-11245,Benjamin Venier,Corporate,United States,Smyrna,Tennessee,37167,South,OFF-BI-10002982,Office Supplies,Binders,Avery Self-Adhesive Photo Pockets for Polaroid Photos,6.129,3,0.7,-4.4946
6731,CA-2015-156734,6/18/2015,6/20/2015,First Class,BV-11245,Benjamin Venier,Corporate,United States,Smyrna,Tennessee,37167,South,FUR-CH-10002965,Furniture,Chairs,"Global Leather Highback Executive Chair with Pneumatic Height Adjustment, Black",643.136,4,0.2,56.2744
6732,CA-2015-156734,6/18/2015,6/20/2015,First Class,BV-11245,Benjamin Venier,Corporate,United States,Smyrna,Tennessee,37167,South,OFF-PA-10001937,Office Supplies,Paper,Xerox 21,20.736,4,0.2,7.2576
6735,CA-2015-141754,12/20/2015,12/25/2015,Standard Class,EM-14200,Evan Minnotte,Home Office,United States,Miami,Florida,33142,South,OFF-LA-10004093,Office Supplies,Labels,Avery 486,11.696,2,0.2,3.9474
6760,CA-2017-165715,12/2/2017,12/8/2017,Standard Class,BG-11035,Barry Gonzalez,Consumer,United States,Greensboro,North Carolina,27405,South,OFF-AR-10003903,Office Supplies,Art,Sanford 52201 APSCO Electric Pencil Sharpener,32.776,1,0.2,2.4582
6770,CA-2017-139787,9/19/2017,9/23/2017,Standard Class,JP-16135,Julie Prescott,Home Office,United States,Columbus,Georgia,31907,South,OFF-AR-10002445,Office Supplies,Art,SANFORD Major Accent Highlighters,35.4,5,0.0,13.452
6788,CA-2015-118843,9/13/2015,9/20/2015,Standard Class,JH-15910,Jonathan Howell,Consumer,United States,Atlanta,Georgia,30318,South,FUR-FU-10003975,Furniture,Furnishings,Eldon Advantage Chair Mats for Low to Medium Pile Carpets,129.93,3,0.0,12.993
6789,CA-2015-118843,9/13/2015,9/20/2015,Standard Class,JH-15910,Jonathan Howell,Consumer,United States,Atlanta,Georgia,30318,South,OFF-PA-10001712,Office Supplies,Paper,Xerox 1948,69.93,7,0.0,31.4685
6790,CA-2015-161445,9/7/2015,9/9/2015,Second Class,CC-12610,Corey Catlett,Corporate,United States,Durham,North Carolina,27707,South,OFF-AR-10001953,Office Supplies,Art,Boston 1645 Deluxe Heavier-Duty Electric Pencil Sharpener,140.736,4,0.2,12.3144
6806,CA-2014-125682,11/22/2014,11/25/2014,First Class,RB-19645,Robert Barroso,Corporate,United States,Atlanta,Georgia,30318,South,OFF-PA-10001752,Office Supplies,Paper,Hammermill CopyPlus Copy Paper (20Lb. and 84 Bright),9.96,2,0.0,4.8804
6824,CA-2015-154291,7/25/2015,7/29/2015,Standard Class,YS-21880,Yana Sorensen,Corporate,United States,Montgomery,Alabama,36116,South,OFF-EN-10001335,Office Supplies,Envelopes,"White Business Envelopes with Contemporary Seam, Recycled White Business Envelopes",98.46,9,0.0,49.23
6825,CA-2015-154291,7/25/2015,7/29/2015,Standard Class,YS-21880,Yana Sorensen,Corporate,United States,Montgomery,Alabama,36116,South,FUR-TA-10002041,Furniture,Tables,"Bevis Round Conference Table Top, X-Base",358.58,2,0.0,39.4438
6842,CA-2016-123946,9/12/2016,9/17/2016,Standard Class,AJ-10795,Anthony Johnson,Corporate,United States,Springfield,Virginia,22153,South,TEC-AC-10004877,Technology,Accessories,Imation 30456 USB Flash Drive 8GB,20.7,3,0.0,1.656
6843,CA-2016-123946,9/12/2016,9/17/2016,Standard Class,AJ-10795,Anthony Johnson,Corporate,United States,Springfield,Virginia,22153,South,OFF-FA-10002975,Office Supplies,Fasteners,Staples,11.34,3,0.0,5.2164
6844,CA-2016-123946,9/12/2016,9/17/2016,Standard Class,AJ-10795,Anthony Johnson,Corporate,United States,Springfield,Virginia,22153,South,OFF-ST-10000419,Office Supplies,Storage,"Rogers Jumbo File, Granite",67.9,5,0.0,0.679
6845,CA-2016-123946,9/12/2016,9/17/2016,Standard Class,AJ-10795,Anthony Johnson,Corporate,United States,Springfield,Virginia,22153,South,FUR-CH-10002073,Furniture,Chairs,Hon Olson Stacker Chairs,1059.12,4,0.0,307.1448
6853,US-2017-162670,12/23/2017,12/28/2017,Second Class,MF-18250,Monica Federle,Corporate,United States,Little Rock,Arkansas,72209,South,OFF-ST-10001328,Office Supplies,Storage,"Personal Filing Tote with Lid, Black/Gray",62.04,4,0.0,17.3712
6854,US-2017-162670,12/23/2017,12/28/2017,Second Class,MF-18250,Monica Federle,Corporate,United States,Little Rock,Arkansas,72209,South,TEC-PH-10003601,Technology,Phones,"Ativa D5772 2-Line 5.8GHz Digital Expandable Corded/Cordless Phone System with Answering & Caller ID/Call Waiting, Black/Silver",494.97,3,0.0,148.491
6855,US-2017-162670,12/23/2017,12/28/2017,Second Class,MF-18250,Monica Federle,Corporate,United States,Little Rock,Arkansas,72209,South,OFF-ST-10001522,Office Supplies,Storage,"Gould Plastics 18-Pocket Panel Bin, 34w x 5-1/4d x 20-1/2h",367.96,4,0.0,14.7184
6856,US-2017-162670,12/23/2017,12/28/2017,Second Class,MF-18250,Monica Federle,Corporate,United States,Little Rock,Arkansas,72209,South,OFF-PA-10001994,Office Supplies,Paper,"Ink Jet Note and Greeting Cards, 8-1/2"" x 5-1/2"" Card Size",44.96,2,0.0,20.6816
6857,US-2017-162670,12/23/2017,12/28/2017,Second Class,MF-18250,Monica Federle,Corporate,United States,Little Rock,Arkansas,72209,South,OFF-EN-10001453,Office Supplies,Envelopes,"Tyvek Interoffice Envelopes, 9 1/2"" x 12 1/2"", 100/Box",182.94,3,0.0,85.9818
6876,US-2016-121013,9/5/2016,9/10/2016,Standard Class,MM-17920,Michael Moore,Consumer,United States,Chesapeake,Virginia,23320,South,OFF-LA-10004545,Office Supplies,Labels,Avery 50,25.06,2,0.0,11.7782
6877,US-2016-121013,9/5/2016,9/10/2016,Standard Class,MM-17920,Michael Moore,Consumer,United States,Chesapeake,Virginia,23320,South,FUR-TA-10003238,Furniture,Tables,"Chromcraft Bull-Nose Wood 48"" x 96"" Rectangular Conference Tables",1652.94,3,0.0,314.0586
6890,CA-2017-164756,9/18/2017,9/22/2017,Standard Class,SS-20140,Saphhira Shifley,Corporate,United States,Columbus,Georgia,31907,South,TEC-PH-10001552,Technology,Phones,I Need's 3d Hello Kitty Hybrid Silicone Case Cover for HTC One X 4g with 3d Hello Kitty Stylus Pen Green/pink,95.68,8,0.0,26.7904
6891,CA-2017-164756,9/18/2017,9/22/2017,Standard Class,SS-20140,Saphhira Shifley,Corporate,United States,Columbus,Georgia,31907,South,OFF-PA-10000673,Office Supplies,Paper,"Post-it Important Message Note Pad, Neon Colors, 50 Sheets/Pad",50.96,7,0.0,24.4608
6892,CA-2017-164756,9/18/2017,9/22/2017,Standard Class,SS-20140,Saphhira Shifley,Corporate,United States,Columbus,Georgia,31907,South,OFF-AR-10000380,Office Supplies,Art,"Hunt PowerHouse Electric Pencil Sharpener, Blue",113.94,3,0.0,34.182
6893,CA-2017-164756,9/18/2017,9/22/2017,Standard Class,SS-20140,Saphhira Shifley,Corporate,United States,Columbus,Georgia,31907,South,OFF-PA-10003848,Office Supplies,Paper,Xerox 1997,25.92,4,0.0,12.4416
6894,CA-2017-164756,9/18/2017,9/22/2017,Standard Class,SS-20140,Saphhira Shifley,Corporate,United States,Columbus,Georgia,31907,South,FUR-FU-10002963,Furniture,Furnishings,"Master Caster Door Stop, Gray",20.32,4,0.0,6.9088
6895,CA-2017-164756,9/18/2017,9/22/2017,Standard Class,SS-20140,Saphhira Shifley,Corporate,United States,Columbus,Georgia,31907,South,TEC-PH-10002447,Technology,Phones,AT&T CL83451 4-Handset Telephone,411.98,2,0.0,119.4742
6896,CA-2017-164756,9/18/2017,9/22/2017,Standard Class,SS-20140,Saphhira Shifley,Corporate,United States,Columbus,Georgia,31907,South,OFF-SU-10004261,Office Supplies,Supplies,"Fiskars 8"" Scissors, 2/Pack",34.48,2,0.0,9.9992
6897,CA-2017-164756,9/18/2017,9/22/2017,Standard Class,SS-20140,Saphhira Shifley,Corporate,United States,Columbus,Georgia,31907,South,OFF-PA-10003228,Office Supplies,Paper,Xerox 1917,244.55,5,0.0,114.9385
6909,US-2017-135503,12/10/2017,12/15/2017,Standard Class,JE-16165,Justin Ellison,Corporate,United States,North Charleston,South Carolina,29406,South,FUR-FU-10002364,Furniture,Furnishings,"Eldon Expressions Wood Desk Accessories, Oak",14.76,2,0.0,4.2804
6914,CA-2015-104115,6/12/2015,6/16/2015,Standard Class,JH-15910,Jonathan Howell,Consumer,United States,West Palm Beach,Florida,33407,South,TEC-PH-10002844,Technology,Phones,Speck Products Candyshell Flip Case,55.984,2,0.2,4.1988
6923,CA-2015-134257,3/16/2015,3/19/2015,Second Class,MS-17710,Maurice Satty,Consumer,United States,Auburn,Alabama,36830,South,OFF-LA-10003930,Office Supplies,Labels,"Dot Matrix Printer Tape Reel Labels, White, 5000/Box",491.55,5,0.0,240.8595
6924,CA-2015-134257,3/16/2015,3/19/2015,Second Class,MS-17710,Maurice Satty,Consumer,United States,Auburn,Alabama,36830,South,OFF-EN-10003845,Office Supplies,Envelopes,Colored Envelopes,7.38,2,0.0,3.3948
6957,CA-2016-157588,7/14/2016,7/19/2016,Standard Class,AR-10570,Anemone Ratner,Consumer,United States,Columbus,Georgia,31907,South,OFF-BI-10003963,Office Supplies,Binders,Cardinal Holdit Data Disk Pockets,36.4,5,0.0,17.108
6958,CA-2016-157588,7/14/2016,7/19/2016,Standard Class,AR-10570,Anemone Ratner,Consumer,United States,Columbus,Georgia,31907,South,FUR-FU-10004848,Furniture,Furnishings,"Howard Miller 13-3/4"" Diameter Brushed Chrome Round Wall Clock",51.75,1,0.0,15.525
6963,CA-2016-157161,7/16/2016,7/20/2016,Second Class,JD-15895,Jonathan Doherty,Corporate,United States,Columbia,South Carolina,29203,South,OFF-EN-10001509,Office Supplies,Envelopes,Poly String Tie Envelopes,10.2,5,0.0,4.794
6964,CA-2016-157161,7/16/2016,7/20/2016,Second Class,JD-15895,Jonathan Doherty,Corporate,United States,Columbia,South Carolina,29203,South,OFF-AR-10003338,Office Supplies,Art,"Eberhard Faber 3 1/2"" Golf Pencils",22.32,3,0.0,5.58
6965,CA-2016-157161,7/16/2016,7/20/2016,Second Class,JD-15895,Jonathan Doherty,Corporate,United States,Columbia,South Carolina,29203,South,OFF-BI-10004728,Office Supplies,Binders,Wilson Jones Turn Tabs Binder Tool for Ring Binders,24.1,5,0.0,11.086
6966,CA-2016-157161,7/16/2016,7/20/2016,Second Class,JD-15895,Jonathan Doherty,Corporate,United States,Columbia,South Carolina,29203,South,TEC-AC-10000358,Technology,Accessories,Imation Secure Drive + Hardware Encrypted USB flash drive - 16 GB,75.98,2,0.0,18.2352
6967,CA-2016-157161,7/16/2016,7/20/2016,Second Class,JD-15895,Jonathan Doherty,Corporate,United States,Columbia,South Carolina,29203,South,OFF-BI-10002764,Office Supplies,Binders,Recycled Pressboard Report Cover with Reinforced Top Hinge,6.46,2,0.0,3.1654
6968,CA-2016-157161,7/16/2016,7/20/2016,Second Class,JD-15895,Jonathan Doherty,Corporate,United States,Columbia,South Carolina,29203,South,OFF-PA-10001461,Office Supplies,Paper,HP Office Paper (20Lb. and 87 Bright),60.12,9,0.0,28.8576
6978,US-2016-119298,11/25/2016,11/28/2016,First Class,EP-13915,Emily Phan,Consumer,United States,Jonesboro,Arkansas,72401,South,TEC-PH-10002564,Technology,Phones,OtterBox Defender Series Case - Samsung Galaxy S4,59.98,2,0.0,17.994
6979,CA-2017-155159,11/25/2017,11/29/2017,Second Class,DL-13315,Delfina Latchford,Consumer,United States,Atlanta,Georgia,30318,South,OFF-PA-10003724,Office Supplies,Paper,"Wirebound Message Book, 4 per Page",48.87,9,0.0,23.9463
6989,CA-2017-158561,11/11/2017,11/16/2017,Second Class,BB-11545,Brenda Bowman,Corporate,United States,Fort Lauderdale,Florida,33311,South,OFF-AP-10002651,Office Supplies,Appliances,Hoover Upright Vacuum With Dirt Cup,1158.12,5,0.2,130.2885
6991,CA-2015-109386,11/8/2015,11/13/2015,Second Class,RH-19600,Rob Haberlin,Consumer,United States,Hampton,Virginia,23666,South,OFF-AP-10003266,Office Supplies,Appliances,"Holmes Replacement Filter for HEPA Air Cleaner, Large Room",44.43,3,0.0,18.6606
6992,CA-2015-109386,11/8/2015,11/13/2015,Second Class,RH-19600,Rob Haberlin,Consumer,United States,Hampton,Virginia,23666,South,TEC-PH-10002890,Technology,Phones,AT&T 17929 Lendline Telephone,226.2,5,0.0,58.812
6993,CA-2015-109386,11/8/2015,11/13/2015,Second Class,RH-19600,Rob Haberlin,Consumer,United States,Hampton,Virginia,23666,South,FUR-FU-10000308,Furniture,Furnishings,Deflect-o Glass Clear Studded Chair Mats,186.54,3,0.0,41.0388
6994,CA-2015-109386,11/8/2015,11/13/2015,Second Class,RH-19600,Rob Haberlin,Consumer,United States,Hampton,Virginia,23666,South,OFF-AR-10000380,Office Supplies,Art,"Hunt PowerHouse Electric Pencil Sharpener, Blue",265.86,7,0.0,79.758
6995,CA-2015-109386,11/8/2015,11/13/2015,Second Class,RH-19600,Rob Haberlin,Consumer,United States,Hampton,Virginia,23666,South,OFF-AR-10000122,Office Supplies,Art,Newell 314,27.9,5,0.0,6.975
7000,CA-2017-123687,5/26/2017,5/29/2017,First Class,KC-16675,Kimberly Carter,Corporate,United States,Louisville,Kentucky,40214,South,OFF-AP-10002670,Office Supplies,Appliances,Belkin 8-Outlet Premiere SurgeMaster II Surge Protectors,208.44,3,0.0,62.532
7001,CA-2017-123687,5/26/2017,5/29/2017,First Class,KC-16675,Kimberly Carter,Corporate,United States,Louisville,Kentucky,40214,South,OFF-SU-10004498,Office Supplies,Supplies,Martin-Yale Premier Letter Opener,25.76,2,0.0,0.7728
7015,CA-2014-114790,3/11/2014,3/13/2014,Second Class,FM-14215,Filia McAdams,Corporate,United States,Richmond,Kentucky,40475,South,OFF-AP-10002578,Office Supplies,Appliances,"Fellowes Premier Superior Surge Suppressor, 10-Outlet, With Phone and Remote",146.76,3,0.0,38.1576
7016,CA-2014-114790,3/11/2014,3/13/2014,Second Class,FM-14215,Filia McAdams,Corporate,United States,Richmond,Kentucky,40475,South,TEC-AC-10000710,Technology,Accessories,Maxell DVD-RAM Discs,32.96,2,0.0,14.1728
7017,CA-2014-114790,3/11/2014,3/13/2014,Second Class,FM-14215,Filia McAdams,Corporate,United States,Richmond,Kentucky,40475,South,TEC-PH-10000984,Technology,Phones,Panasonic KX-TG9471B,587.97,3,0.0,164.6316
7018,CA-2014-114790,3/11/2014,3/13/2014,Second Class,FM-14215,Filia McAdams,Corporate,United States,Richmond,Kentucky,40475,South,OFF-PA-10000213,Office Supplies,Paper,Xerox 198,14.94,3,0.0,7.0218
7037,CA-2014-124618,5/2/2014,5/4/2014,Second Class,CS-11860,Cari Schnelling,Consumer,United States,Lakeland,Florida,33801,South,TEC-CO-10004202,Technology,Copiers,Brother DCP1000 Digital 3 in 1 Multifunction Machine,479.984,2,0.2,89.997
7038,CA-2017-161970,9/22/2017,9/27/2017,Standard Class,PB-19105,Peter Bühler,Consumer,United States,Smyrna,Georgia,30080,South,OFF-PA-10004255,Office Supplies,Paper,Xerox 219,12.96,2,0.0,6.2208
7039,CA-2017-161970,9/22/2017,9/27/2017,Standard Class,PB-19105,Peter Bühler,Consumer,United States,Smyrna,Georgia,30080,South,OFF-AR-10003896,Office Supplies,Art,"Stride Job 150 Highlighters, Chisel Tip, Assorted Colors",17.94,3,0.0,6.4584
7049,CA-2016-119515,8/14/2016,8/16/2016,First Class,TR-21325,Toby Ritter,Consumer,United States,Nashville,Tennessee,37211,South,OFF-PA-10000552,Office Supplies,Paper,Xerox 200,15.552,3,0.2,5.4432
7078,CA-2016-106950,9/2/2016,9/6/2016,Standard Class,JE-15715,Joe Elijah,Consumer,United States,Charlotte,North Carolina,28205,South,OFF-BI-10000014,Office Supplies,Binders,Heavy-Duty E-Z-D Binders,22.911,7,0.7,-17.5651
7079,CA-2016-106950,9/2/2016,9/6/2016,Standard Class,JE-15715,Joe Elijah,Consumer,United States,Charlotte,North Carolina,28205,South,OFF-AP-10000159,Office Supplies,Appliances,Belkin F9M820V08 8 Outlet Surge,309.456,9,0.2,34.8138
7080,CA-2016-106950,9/2/2016,9/6/2016,Standard Class,JE-15715,Joe Elijah,Consumer,United States,Charlotte,North Carolina,28205,South,OFF-AR-10003560,Office Supplies,Art,Zebra Zazzle Fluorescent Highlighters,19.456,4,0.2,3.4048
7081,CA-2016-106950,9/2/2016,9/6/2016,Standard Class,JE-15715,Joe Elijah,Consumer,United States,Charlotte,North Carolina,28205,South,FUR-TA-10001768,Furniture,Tables,Hon Racetrack Conference Tables,472.518,3,0.4,-149.6307
7082,CA-2016-106950,9/2/2016,9/6/2016,Standard Class,JE-15715,Joe Elijah,Consumer,United States,Charlotte,North Carolina,28205,South,TEC-AC-10002049,Technology,Accessories,Plantronics Savi W720 Multi-Device Wireless Headset System,1012.68,3,0.2,303.804
7083,CA-2016-106950,9/2/2016,9/6/2016,Standard Class,JE-15715,Joe Elijah,Consumer,United States,Charlotte,North Carolina,28205,South,OFF-BI-10003166,Office Supplies,Binders,GBC Plasticlear Binding Covers,17.22,5,0.7,-12.628
7091,CA-2015-119480,1/9/2015,1/13/2015,Standard Class,CC-12685,Craig Carroll,Consumer,United States,Henderson,Kentucky,42420,South,OFF-PA-10000474,Office Supplies,Paper,Easy-staple paper,106.32,3,0.0,49.9704
7092,CA-2015-119480,1/9/2015,1/13/2015,Standard Class,CC-12685,Craig Carroll,Consumer,United States,Henderson,Kentucky,42420,South,OFF-AP-10001205,Office Supplies,Appliances,Belkin 5 Outlet SurgeMaster Power Centers,163.44,3,0.0,45.7632
7093,CA-2015-119480,1/9/2015,1/13/2015,Standard Class,CC-12685,Craig Carroll,Consumer,United States,Henderson,Kentucky,42420,South,OFF-AR-10004691,Office Supplies,Art,Boston 1730 StandUp Electric Pencil Sharpener,42.76,2,0.0,11.1176
7094,CA-2015-119480,1/9/2015,1/13/2015,Standard Class,CC-12685,Craig Carroll,Consumer,United States,Henderson,Kentucky,42420,South,OFF-PA-10004996,Office Supplies,Paper,"Speediset Carbonless Redi-Letter 7"" x 8 1/2""",51.55,5,0.0,24.2285
7121,US-2014-147774,1/20/2014,1/26/2014,Standard Class,MM-18280,Muhammed MacIntyre,Corporate,United States,Smyrna,Tennessee,37167,South,OFF-BI-10003091,Office Supplies,Binders,GBC DocuBind TL200 Manual Binding Machine,67.194,1,0.7,-51.5154
7126,CA-2016-123176,9/27/2016,9/29/2016,Second Class,JG-15160,James Galang,Consumer,United States,Atlanta,Georgia,30318,South,OFF-PA-10003971,Office Supplies,Paper,Xerox 1965,17.94,3,0.0,8.7906
7127,CA-2016-123176,9/27/2016,9/29/2016,Second Class,JG-15160,James Galang,Consumer,United States,Atlanta,Georgia,30318,South,OFF-AR-10004685,Office Supplies,Art,"Binney & Smith Crayola Metallic Colored Pencils, 8-Color Set",13.89,3,0.0,4.5837
7130,CA-2016-166282,4/16/2016,4/22/2016,Standard Class,PK-19075,Pete Kriz,Consumer,United States,Nashville,Tennessee,37211,South,TEC-AC-10004209,Technology,Accessories,Memorex Froggy Flash Drive 4 GB,35.168,4,0.2,8.3524
7131,CA-2016-166282,4/16/2016,4/22/2016,Standard Class,PK-19075,Pete Kriz,Consumer,United States,Nashville,Tennessee,37211,South,OFF-PA-10003022,Office Supplies,Paper,Standard Line While You Were Out Hardbound Telephone Message Book,123.088,7,0.2,40.0036
7137,CA-2015-163965,11/20/2015,11/27/2015,Standard Class,SS-20875,Sung Shariari,Consumer,United States,Miami,Florida,33180,South,OFF-BI-10004728,Office Supplies,Binders,Wilson Jones Turn Tabs Binder Tool for Ring Binders,7.23,5,0.7,-5.784
7138,CA-2015-163965,11/20/2015,11/27/2015,Standard Class,SS-20875,Sung Shariari,Consumer,United States,Miami,Florida,33180,South,OFF-ST-10000918,Office Supplies,Storage,Crate-A-Files,17.44,2,0.2,1.308
7139,CA-2015-163965,11/20/2015,11/27/2015,Standard Class,SS-20875,Sung Shariari,Consumer,United States,Miami,Florida,33180,South,OFF-BI-10004593,Office Supplies,Binders,Ibico Laser Imprintable Binding System Covers,62.88,4,0.7,-50.304
7140,CA-2015-163965,11/20/2015,11/27/2015,Standard Class,SS-20875,Sung Shariari,Consumer,United States,Miami,Florida,33180,South,FUR-BO-10001337,Furniture,Bookcases,O'Sullivan Living Dimensions 2-Shelf Bookcases,290.352,3,0.2,-36.294
7143,CA-2014-122217,11/24/2014,11/29/2014,Standard Class,HP-14815,Harold Pawlan,Home Office,United States,Virginia Beach,Virginia,23464,South,FUR-FU-10002045,Furniture,Furnishings,"Executive Impressions 14""",111.15,5,0.0,48.906
7151,CA-2017-100412,12/22/2017,12/26/2017,Standard Class,SR-20425,Sharelle Roach,Home Office,United States,Tuscaloosa,Alabama,35401,South,FUR-CH-10002647,Furniture,Chairs,"Situations Contoured Folding Chairs, 4/Set",141.96,2,0.0,35.49
7153,CA-2014-137911,10/9/2014,10/15/2014,Standard Class,BP-11095,Bart Pistole,Corporate,United States,Jacksonville,North Carolina,28540,South,OFF-PA-10004071,Office Supplies,Paper,"Eaton Premium Continuous-Feed Paper, 25% Cotton, Letter Size, White, 1000 Shts/Box",88.768,2,0.2,31.0688
7155,US-2015-136749,12/25/2015,12/27/2015,Second Class,LH-16900,Lena Hernandez,Consumer,United States,Columbus,Georgia,31907,South,FUR-FU-10000747,Furniture,Furnishings,Tenex B1-RE Series Chair Mats for Low Pile Carpets,275.88,6,0.0,46.8996
7156,US-2015-136749,12/25/2015,12/27/2015,Second Class,LH-16900,Lena Hernandez,Consumer,United States,Columbus,Georgia,31907,South,OFF-BI-10004492,Office Supplies,Binders,Tuf-Vin Binders,157.9,5,0.0,74.213
7162,CA-2014-138709,7/4/2014,7/9/2014,Standard Class,MS-17770,Maxwell Schwartz,Consumer,United States,Richmond,Virginia,23223,South,OFF-PA-10004734,Office Supplies,Paper,Southworth Structures Collection,21.84,3,0.0,10.92
7163,CA-2014-138709,7/4/2014,7/9/2014,Standard Class,MS-17770,Maxwell Schwartz,Consumer,United States,Richmond,Virginia,23223,South,OFF-BI-10000145,Office Supplies,Binders,Zipper Ring Binder Pockets,15.6,5,0.0,7.644
7181,CA-2014-106054,1/6/2014,1/7/2014,First Class,JO-15145,Jack O'Briant,Corporate,United States,Athens,Georgia,30605,South,OFF-AR-10002399,Office Supplies,Art,"Dixon Prang Watercolor Pencils, 10-Color Set with Brush",12.78,3,0.0,5.2398
7192,CA-2016-116918,10/1/2016,10/6/2016,Second Class,JK-15205,Jamie Kunitz,Consumer,United States,Hialeah,Florida,33012,South,OFF-BI-10004140,Office Supplies,Binders,Avery Non-Stick Binders,5.388,4,0.7,-4.49
7193,CA-2016-116918,10/1/2016,10/6/2016,Second Class,JK-15205,Jamie Kunitz,Consumer,United States,Hialeah,Florida,33012,South,OFF-AR-10003631,Office Supplies,Art,Staples in misc. colors,30.976,8,0.2,5.0336
7194,CA-2016-110492,2/12/2016,2/14/2016,First Class,JS-15880,John Stevenson,Consumer,United States,Atlanta,Georgia,30318,South,OFF-ST-10003716,Office Supplies,Storage,Tennsco Double-Tier Lockers,1350.12,6,0.0,175.5156
7195,CA-2016-110492,2/12/2016,2/14/2016,First Class,JS-15880,John Stevenson,Consumer,United States,Atlanta,Georgia,30318,South,OFF-BI-10003274,Office Supplies,Binders,"Avery Durable Slant Ring Binders, No Labels",15.92,4,0.0,7.4824
7201,CA-2016-104276,11/27/2016,12/3/2016,Standard Class,HF-14995,Herbert Flentye,Consumer,United States,Fort Lauderdale,Florida,33311,South,TEC-PH-10001944,Technology,Phones,Wi-Ex zBoost YX540 Cellular Phone Signal Booster,116.76,1,0.2,14.595
7202,CA-2016-104276,11/27/2016,12/3/2016,Standard Class,HF-14995,Herbert Flentye,Consumer,United States,Fort Lauderdale,Florida,33311,South,FUR-TA-10001039,Furniture,Tables,KI Adjustable-Height Table,331.023,7,0.45,-114.3534
7252,CA-2016-116764,8/27/2016,9/2/2016,Standard Class,EM-13825,Elizabeth Moffitt,Corporate,United States,Hollywood,Florida,33021,South,OFF-LA-10002473,Office Supplies,Labels,Avery 484,9.216,4,0.2,3.3408
7265,CA-2017-122056,6/13/2017,6/17/2017,Standard Class,PG-18895,Paul Gonzalez,Consumer,United States,Springfield,Virginia,22153,South,OFF-AR-10004260,Office Supplies,Art,Boston 1799 Powerhouse Electric Pencil Sharpener,181.86,7,0.0,50.9208
7267,CA-2017-122987,8/16/2017,8/16/2017,Same Day,SJ-20215,Sarah Jordon,Consumer,United States,Columbia,Tennessee,38401,South,OFF-BI-10002824,Office Supplies,Binders,Recycled Easel Ring Binders,13.428,3,0.7,-11.19
7268,CA-2017-122987,8/16/2017,8/16/2017,Same Day,SJ-20215,Sarah Jordon,Consumer,United States,Columbia,Tennessee,38401,South,OFF-ST-10004950,Office Supplies,Storage,Acco Perma 3000 Stacking Storage Drawers,67.136,4,0.2,-0.8392
7269,CA-2016-133368,1/14/2016,1/20/2016,Standard Class,AG-10675,Anna Gayman,Consumer,United States,Concord,North Carolina,28027,South,OFF-PA-10004039,Office Supplies,Paper,Xerox 1882,89.568,2,0.2,32.4684
7270,CA-2016-133368,1/14/2016,1/20/2016,Standard Class,AG-10675,Anna Gayman,Consumer,United States,Concord,North Carolina,28027,South,FUR-FU-10003374,Furniture,Furnishings,Electrix Fluorescent Magnifier Lamps & Weighted Base,315.776,8,0.2,31.5776
7273,US-2016-150357,10/10/2016,10/14/2016,Standard Class,EB-13975,Erica Bern,Corporate,United States,Greensboro,North Carolina,27405,South,OFF-SU-10004498,Office Supplies,Supplies,Martin-Yale Premier Letter Opener,20.608,2,0.2,-4.3792
7274,US-2016-150357,10/10/2016,10/14/2016,Standard Class,EB-13975,Erica Bern,Corporate,United States,Greensboro,North Carolina,27405,South,OFF-BI-10002557,Office Supplies,Binders,Presstex Flexible Ring Binders,4.095,3,0.7,-2.73
7277,CA-2014-120670,11/2/2014,11/6/2014,Standard Class,JK-16120,Julie Kriz,Home Office,United States,Fort Lauderdale,Florida,33311,South,TEC-AC-10004171,Technology,Accessories,Razer Kraken 7.1 Surround Sound Over Ear USB Gaming Headset,799.92,10,0.2,239.976
7293,CA-2017-109183,12/4/2017,12/9/2017,Standard Class,LR-16915,Lena Radford,Consumer,United States,Nashville,Tennessee,37211,South,TEC-MA-10001856,Technology,Machines,Okidata C610n Printer,649.0,2,0.5,-272.58
7304,US-2017-117450,9/4/2017,9/8/2017,Standard Class,DO-13645,Doug O'Connell,Consumer,United States,Boynton Beach,Florida,33437,South,FUR-CH-10003817,Furniture,Chairs,"Global Value Steno Chair, Gray",97.184,2,0.2,6.074
7305,US-2017-117450,9/4/2017,9/8/2017,Standard Class,DO-13645,Doug O'Connell,Consumer,United States,Boynton Beach,Florida,33437,South,OFF-PA-10000289,Office Supplies,Paper,Xerox 213,10.368,2,0.2,3.6288
7312,CA-2015-162761,10/9/2015,10/13/2015,Standard Class,SC-20575,Sonia Cooley,Consumer,United States,Miami,Florida,33178,South,OFF-BI-10000145,Office Supplies,Binders,Zipper Ring Binder Pockets,1.872,2,0.7,-1.3104
7313,CA-2015-162761,10/9/2015,10/13/2015,Standard Class,SC-20575,Sonia Cooley,Consumer,United States,Miami,Florida,33178,South,OFF-BI-10002498,Office Supplies,Binders,Clear Mylar Reinforcing Strips,11.214,2,0.7,-8.5974
7314,CA-2015-162761,10/9/2015,10/13/2015,Standard Class,SC-20575,Sonia Cooley,Consumer,United States,Miami,Florida,33178,South,OFF-AR-10001761,Office Supplies,Art,Avery Hi-Liter Smear-Safe Highlighters,37.376,8,0.2,7.4752
7334,CA-2015-125563,4/11/2015,4/17/2015,Standard Class,PR-18880,Patrick Ryan,Consumer,United States,Tampa,Florida,33614,South,FUR-FU-10001290,Furniture,Furnishings,Executive Impressions Supervisor Wall Clock,67.36,2,0.2,10.104
7335,CA-2015-125563,4/11/2015,4/17/2015,Standard Class,PR-18880,Patrick Ryan,Consumer,United States,Tampa,Florida,33614,South,FUR-FU-10000087,Furniture,Furnishings,"Executive Impressions 14"" Two-Color Numerals Wall Clock",54.528,3,0.2,14.3136
7341,CA-2014-116190,7/26/2014,8/1/2014,Standard Class,SG-20470,Sheri Gordon,Consumer,United States,Atlanta,Georgia,30318,South,FUR-CH-10000553,Furniture,Chairs,"Metal Folding Chairs, Beige, 4/Carton",67.88,2,0.0,18.3276
7342,CA-2014-116190,7/26/2014,8/1/2014,Standard Class,SG-20470,Sheri Gordon,Consumer,United States,Atlanta,Georgia,30318,South,OFF-LA-10002762,Office Supplies,Labels,Avery 485,162.89,13,0.0,76.5583
7343,CA-2014-116190,7/26/2014,8/1/2014,Standard Class,SG-20470,Sheri Gordon,Consumer,United States,Atlanta,Georgia,30318,South,FUR-FU-10000719,Furniture,Furnishings,"DAX Cubicle Frames, 8-1/2 x 11",25.71,3,0.0,9.2556
7345,CA-2017-168389,12/11/2017,12/17/2017,Standard Class,DV-13045,Darrin Van Huff,Corporate,United States,Jacksonville,Florida,32216,South,FUR-TA-10004289,Furniture,Tables,BoxOffice By Design Rectangular and Half-Moon Meeting Room Tables,721.875,6,0.45,-420.0
7346,CA-2017-168389,12/11/2017,12/17/2017,Standard Class,DV-13045,Darrin Van Huff,Corporate,United States,Jacksonville,Florida,32216,South,TEC-PH-10003555,Technology,Phones,Motorola HK250 Universal Bluetooth Headset,73.568,4,0.2,-16.5528
7347,CA-2017-168389,12/11/2017,12/17/2017,Standard Class,DV-13045,Darrin Van Huff,Corporate,United States,Jacksonville,Florida,32216,South,OFF-AR-10001958,Office Supplies,Art,Stanley Bostitch Contemporary Electric Pencil Sharpeners,13.584,1,0.2,1.3584
7348,CA-2017-168389,12/11/2017,12/17/2017,Standard Class,DV-13045,Darrin Van Huff,Corporate,United States,Jacksonville,Florida,32216,South,FUR-CH-10000225,Furniture,Chairs,"Global Geo Office Task Chair, Gray",64.784,1,0.2,-12.147
7369,CA-2017-161851,4/15/2017,4/17/2017,First Class,BP-11095,Bart Pistole,Corporate,United States,Miami,Florida,33180,South,OFF-BI-10004654,Office Supplies,Binders,VariCap6 Expandable Binder,15.57,3,0.7,-11.937
7370,CA-2015-110345,3/9/2015,3/11/2015,Second Class,TG-21310,Toby Gnade,Consumer,United States,Raleigh,North Carolina,27604,South,OFF-LA-10001175,Office Supplies,Labels,Avery 514,4.608,2,0.2,1.6704
7379,CA-2015-136224,5/31/2015,5/31/2015,Same Day,ML-18265,Muhammed Lee,Consumer,United States,Fayetteville,North Carolina,28314,South,OFF-AR-10003504,Office Supplies,Art,Newell 347,10.272,3,0.2,1.1556
7390,CA-2017-108035,11/29/2017,12/3/2017,Standard Class,TT-21070,Ted Trevino,Consumer,United States,Chattanooga,Tennessee,37421,South,FUR-CH-10000454,Furniture,Chairs,"Hon Deluxe Fabric Upholstered Stacking Chairs, Rounded Back",390.368,2,0.2,48.796
7391,CA-2017-108035,11/29/2017,12/3/2017,Standard Class,TT-21070,Ted Trevino,Consumer,United States,Chattanooga,Tennessee,37421,South,FUR-FU-10004017,Furniture,Furnishings,"Executive Impressions 13"" Chairman Wall Clock",101.52,5,0.2,19.035
7428,US-2014-164763,3/17/2014,3/21/2014,Standard Class,MH-17440,Mark Haberlin,Corporate,United States,Jackson,Mississippi,39212,South,OFF-BI-10000605,Office Supplies,Binders,"Acco Pressboard Covers with Storage Hooks, 9 1/2"" x 11"", Executive Red",11.43,3,0.0,5.3721
7429,US-2014-164763,3/17/2014,3/21/2014,Standard Class,MH-17440,Mark Haberlin,Corporate,United States,Jackson,Mississippi,39212,South,OFF-BI-10000309,Office Supplies,Binders,"GBC Twin Loop Wire Binding Elements, 9/16"" Spine, Black",30.44,2,0.0,14.9156
7430,US-2014-164763,3/17/2014,3/21/2014,Standard Class,MH-17440,Mark Haberlin,Corporate,United States,Jackson,Mississippi,39212,South,OFF-PA-10003349,Office Supplies,Paper,Xerox 1957,12.96,2,0.0,6.3504
7431,US-2014-164763,3/17/2014,3/21/2014,Standard Class,MH-17440,Mark Haberlin,Corporate,United States,Jackson,Mississippi,39212,South,OFF-PA-10003063,Office Supplies,Paper,EcoTones Memo Sheets,16.0,4,0.0,7.68
7432,US-2014-164763,3/17/2014,3/21/2014,Standard Class,MH-17440,Mark Haberlin,Corporate,United States,Jackson,Mississippi,39212,South,OFF-AP-10003971,Office Supplies,Appliances,Belkin 6 Outlet Metallic Surge Strip,32.67,3,0.0,8.4942
7449,CA-2017-115448,11/11/2017,11/14/2017,First Class,MH-18025,Michelle Huthwaite,Consumer,United States,Knoxville,Tennessee,37918,South,FUR-FU-10004090,Furniture,Furnishings,"Executive Impressions 14"" Contract Wall Clock",88.92,5,0.2,14.4495
7457,CA-2015-137974,4/16/2015,4/18/2015,First Class,LL-16840,Lauren Leatherbury,Consumer,United States,Waynesboro,Virginia,22980,South,TEC-PH-10002033,Technology,Phones,Konftel 250 Conference phone - Charcoal black,569.64,2,0.0,148.1064
7458,CA-2015-137974,4/16/2015,4/18/2015,First Class,LL-16840,Lauren Leatherbury,Consumer,United States,Waynesboro,Virginia,22980,South,OFF-BI-10001036,Office Supplies,Binders,Cardinal EasyOpen D-Ring Binders,9.14,1,0.0,4.57
7459,CA-2015-137974,4/16/2015,4/18/2015,First Class,LL-16840,Lauren Leatherbury,Consumer,United States,Waynesboro,Virginia,22980,South,FUR-FU-10001468,Furniture,Furnishings,Tenex Antistatic Computer Chair Mats,1196.86,7,0.0,119.686
7460,CA-2015-137974,4/16/2015,4/18/2015,First Class,LL-16840,Lauren Leatherbury,Consumer,United States,Waynesboro,Virginia,22980,South,FUR-BO-10001519,Furniture,Bookcases,O'Sullivan 3-Shelf Heavy-Duty Bookcases,523.26,9,0.0,125.5824
7475,CA-2014-167199,1/6/2014,1/10/2014,Standard Class,ME-17320,Maria Etezadi,Home Office,United States,Henderson,Kentucky,42420,South,FUR-CH-10004063,Furniture,Chairs,Global Deluxe High-Back Manager's Chair,2573.82,9,0.0,746.4078
7476,CA-2014-167199,1/6/2014,1/10/2014,Standard Class,ME-17320,Maria Etezadi,Home Office,United States,Henderson,Kentucky,42420,South,OFF-BI-10004632,Office Supplies,Binders,Ibico Hi-Tech Manual Binding System,609.98,2,0.0,274.491
7477,CA-2014-167199,1/6/2014,1/10/2014,Standard Class,ME-17320,Maria Etezadi,Home Office,United States,Henderson,Kentucky,42420,South,OFF-AR-10001662,Office Supplies,Art,Rogers Handheld Barrel Pencil Sharpener,5.48,2,0.0,1.4796
7478,CA-2014-167199,1/6/2014,1/10/2014,Standard Class,ME-17320,Maria Etezadi,Home Office,United States,Henderson,Kentucky,42420,South,TEC-PH-10004977,Technology,Phones,GE 30524EE4,391.98,2,0.0,113.6742
7479,CA-2014-167199,1/6/2014,1/10/2014,Standard Class,ME-17320,Maria Etezadi,Home Office,United States,Henderson,Kentucky,42420,South,TEC-PH-10004539,Technology,Phones,Wireless Extenders zBoost YX545 SOHO Signal Booster,755.96,4,0.0,204.1092
7480,CA-2014-167199,1/6/2014,1/10/2014,Standard Class,ME-17320,Maria Etezadi,Home Office,United States,Henderson,Kentucky,42420,South,OFF-FA-10001883,Office Supplies,Fasteners,"Alliance Super-Size Bands, Assorted Sizes",31.12,4,0.0,0.3112
7481,CA-2014-167199,1/6/2014,1/10/2014,Standard Class,ME-17320,Maria Etezadi,Home Office,United States,Henderson,Kentucky,42420,South,OFF-PA-10000955,Office Supplies,Paper,Southworth 25% Cotton Granite Paper & Envelopes,6.54,1,0.0,3.0084
7515,US-2017-167920,12/9/2017,12/12/2017,Second Class,JL-15835,John Lee,Consumer,United States,Richmond,Kentucky,40475,South,OFF-BI-10004236,Office Supplies,Binders,"XtraLife ClearVue Slant-D Ring Binder, White, 3""",29.36,2,0.0,13.5056
7516,US-2017-167920,12/9/2017,12/12/2017,Second Class,JL-15835,John Lee,Consumer,United States,Richmond,Kentucky,40475,South,OFF-AP-10000159,Office Supplies,Appliances,Belkin F9M820V08 8 Outlet Surge,214.9,5,0.0,62.321
7517,US-2017-167920,12/9/2017,12/12/2017,Second Class,JL-15835,John Lee,Consumer,United States,Richmond,Kentucky,40475,South,OFF-BI-10003274,Office Supplies,Binders,"Avery Durable Slant Ring Binders, No Labels",15.92,4,0.0,7.4824
7518,US-2017-167920,12/9/2017,12/12/2017,Second Class,JL-15835,John Lee,Consumer,United States,Richmond,Kentucky,40475,South,TEC-AC-10001013,Technology,Accessories,Logitech ClearChat Comfort/USB Headset H390,146.45,5,0.0,48.3285
7519,US-2017-167920,12/9/2017,12/12/2017,Second Class,JL-15835,John Lee,Consumer,United States,Richmond,Kentucky,40475,South,OFF-ST-10004963,Office Supplies,Storage,Eldon Gobal File Keepers,15.14,1,0.0,0.6056
7520,US-2017-167920,12/9/2017,12/12/2017,Second Class,JL-15835,John Lee,Consumer,United States,Richmond,Kentucky,40475,South,OFF-LA-10004409,Office Supplies,Labels,Avery 492,5.76,2,0.0,2.6496
7521,US-2017-167920,12/9/2017,12/12/2017,Second Class,JL-15835,John Lee,Consumer,United States,Richmond,Kentucky,40475,South,TEC-CO-10001046,Technology,Copiers,Canon Imageclass D680 Copier / Fax,1399.98,2,0.0,629.991
7534,US-2017-134642,2/25/2017,3/1/2017,Standard Class,SW-20245,Scot Wooten,Consumer,United States,Greenville,North Carolina,27834,South,FUR-CH-10002880,Furniture,Chairs,"Global High-Back Leather Tilter, Burgundy",196.784,2,0.2,-22.1382
7535,US-2017-134642,2/25/2017,3/1/2017,Standard Class,SW-20245,Scot Wooten,Consumer,United States,Greenville,North Carolina,27834,South,FUR-BO-10004709,Furniture,Bookcases,"Bush Westfield Collection Bookcases, Medium Cherry Finish",231.92,5,0.2,5.798
7572,CA-2014-100916,10/21/2014,10/26/2014,Standard Class,FH-14275,Frank Hawley,Corporate,United States,Newport News,Virginia,23602,South,OFF-ST-10003479,Office Supplies,Storage,"Eldon Base for stackable storage shelf, platinum",194.7,5,0.0,9.735
7573,CA-2014-100916,10/21/2014,10/26/2014,Standard Class,FH-14275,Frank Hawley,Corporate,United States,Newport News,Virginia,23602,South,FUR-TA-10004607,Furniture,Tables,Hon 2111 Invitation Series Straight Table,591.32,4,0.0,112.3508
7574,CA-2014-100916,10/21/2014,10/26/2014,Standard Class,FH-14275,Frank Hawley,Corporate,United States,Newport News,Virginia,23602,South,OFF-AR-10001022,Office Supplies,Art,SANFORD Liquid Accent Tank-Style Highlighters,2.84,1,0.0,0.8804
7584,CA-2014-163223,3/21/2014,3/25/2014,Standard Class,KH-16690,Kristen Hastings,Corporate,United States,Springfield,Virginia,22153,South,TEC-PH-10000730,Technology,Phones,Samsung Galaxy S4 Active,3499.93,7,0.0,909.9818
7585,CA-2014-163223,3/21/2014,3/25/2014,Standard Class,KH-16690,Kristen Hastings,Corporate,United States,Springfield,Virginia,22153,South,OFF-LA-10004409,Office Supplies,Labels,Avery 492,14.4,5,0.0,6.624
7586,CA-2014-163223,3/21/2014,3/25/2014,Standard Class,KH-16690,Kristen Hastings,Corporate,United States,Springfield,Virginia,22153,South,OFF-PA-10000675,Office Supplies,Paper,Xerox 1919,122.97,3,0.0,60.2553
7587,CA-2014-163223,3/21/2014,3/25/2014,Standard Class,KH-16690,Kristen Hastings,Corporate,United States,Springfield,Virginia,22153,South,OFF-AR-10001573,Office Supplies,Art,American Pencil,9.32,4,0.0,2.7028
7588,CA-2014-163223,3/21/2014,3/25/2014,Standard Class,KH-16690,Kristen Hastings,Corporate,United States,Springfield,Virginia,22153,South,OFF-BI-10001597,Office Supplies,Binders,"Wilson Jones Ledger-Size, Piano-Hinge Binder, 2"", Blue",122.94,3,0.0,59.0112
7616,CA-2014-148425,11/30/2014,12/4/2014,Standard Class,RF-19345,Randy Ferguson,Corporate,United States,Orlando,Florida,32839,South,OFF-BI-10000201,Office Supplies,Binders,"Avery Triangle Shaped Sheet Lifters, Black, 2/Pack",6.642,9,0.7,-4.428
7633,US-2017-158526,12/29/2017,1/1/2018,Second Class,KH-16360,Katherine Hughes,Consumer,United States,Louisville,Kentucky,40214,South,FUR-CH-10002602,Furniture,Chairs,DMI Arturo Collection Mission-style Design Wood Chair,1207.84,8,0.0,314.0384
7634,US-2017-158526,12/29/2017,1/1/2018,Second Class,KH-16360,Katherine Hughes,Consumer,United States,Louisville,Kentucky,40214,South,OFF-BI-10002414,Office Supplies,Binders,GBC ProClick Spines for 32-Hole Punch,12.53,1,0.0,5.8891
7635,US-2017-158526,12/29/2017,1/1/2018,Second Class,KH-16360,Katherine Hughes,Consumer,United States,Louisville,Kentucky,40214,South,OFF-AR-10003696,Office Supplies,Art,Panasonic KP-350BK Electric Pencil Sharpener with Auto Stop,34.58,1,0.0,10.0282
7636,US-2017-158526,12/29/2017,1/1/2018,Second Class,KH-16360,Katherine Hughes,Consumer,United States,Louisville,Kentucky,40214,South,FUR-CH-10004495,Furniture,Chairs,"Global Leather and Oak Executive Chair, Black",300.98,1,0.0,87.2842
7637,US-2017-158526,12/29/2017,1/1/2018,Second Class,KH-16360,Katherine Hughes,Consumer,United States,Louisville,Kentucky,40214,South,FUR-CH-10001270,Furniture,Chairs,Harbour Creations Steel Folding Chair,258.75,3,0.0,77.625
7647,US-2014-115196,9/9/2014,9/13/2014,Standard Class,DL-12925,Daniel Lacy,Consumer,United States,Greenville,North Carolina,27834,South,TEC-MA-10002073,Technology,Machines,"3D Systems Cube Printer, 2nd Generation, White",1299.99,2,0.5,-571.9956
7654,CA-2015-121552,3/22/2015,3/27/2015,Standard Class,FW-14395,Fred Wasserman,Corporate,United States,Huntsville,Alabama,35810,South,OFF-AR-10003217,Office Supplies,Art,Newell 316,19.56,4,0.0,5.4768
7664,CA-2017-139493,9/13/2017,9/19/2017,Standard Class,SG-20605,Speros Goranitis,Consumer,United States,Asheville,North Carolina,28806,South,OFF-AR-10003158,Office Supplies,Art,Fluorescent Highlighters by Dixon,15.92,5,0.2,2.786
7665,CA-2014-151967,10/22/2014,10/26/2014,Standard Class,NB-18580,Nicole Brennan,Corporate,United States,Bossier City,Louisiana,71111,South,FUR-FU-10000193,Furniture,Furnishings,Tenex Chairmats For Use with Hard Floors,129.92,4,0.0,10.3936
7677,CA-2014-142951,10/8/2014,10/8/2014,Same Day,JG-15115,Jack Garza,Consumer,United States,Charlotte,North Carolina,28205,South,TEC-AC-10002331,Technology,Accessories,"Maxell 74 Minute CDR, 10/Pack",23.472,3,0.2,4.9878
7690,US-2017-128951,7/15/2017,7/17/2017,First Class,RS-19420,Ricardo Sperren,Corporate,United States,Suffolk,Virginia,23434,South,OFF-AP-10002191,Office Supplies,Appliances,Belkin 8 Outlet SurgeMaster II Gold Surge Protector,179.94,3,0.0,50.3832
7691,US-2017-128951,7/15/2017,7/17/2017,First Class,RS-19420,Ricardo Sperren,Corporate,United States,Suffolk,Virginia,23434,South,FUR-TA-10004575,Furniture,Tables,Hon 5100 Series Wood Tables,872.94,3,0.0,157.1292
7692,US-2017-128951,7/15/2017,7/17/2017,First Class,RS-19420,Ricardo Sperren,Corporate,United States,Suffolk,Virginia,23434,South,OFF-PA-10003177,Office Supplies,Paper,Xerox 1999,12.96,2,0.0,6.2208
7712,CA-2017-139353,10/28/2017,10/30/2017,Second Class,JM-15250,Janet Martin,Consumer,United States,Fayetteville,North Carolina,28314,South,FUR-FU-10001876,Furniture,Furnishings,"Computer Room Manger, 14""",77.952,3,0.2,15.5904
7713,CA-2017-139353,10/28/2017,10/30/2017,Second Class,JM-15250,Janet Martin,Consumer,United States,Fayetteville,North Carolina,28314,South,OFF-ST-10001522,Office Supplies,Storage,"Gould Plastics 18-Pocket Panel Bin, 34w x 5-1/4d x 20-1/2h",147.184,2,0.2,-29.4368
7714,CA-2017-139353,10/28/2017,10/30/2017,Second Class,JM-15250,Janet Martin,Consumer,United States,Fayetteville,North Carolina,28314,South,OFF-PA-10000300,Office Supplies,Paper,Xerox 1936,47.952,3,0.2,16.1838
7730,US-2016-109260,9/26/2016,10/1/2016,Standard Class,TN-21040,Tanja Norvell,Home Office,United States,Tallahassee,Florida,32303,South,TEC-AC-10002637,Technology,Accessories,Logitech VX Revolution Cordless Laser Mouse for Notebooks (Black),431.976,3,0.2,-75.5958
7738,CA-2017-108287,12/18/2017,12/20/2017,First Class,AG-10330,Alex Grayson,Consumer,United States,Charlotte,North Carolina,28205,South,OFF-AR-10001315,Office Supplies,Art,Newell 310,12.672,9,0.2,1.4256
7749,CA-2015-133242,6/18/2015,6/24/2015,Standard Class,KH-16510,Keith Herrera,Consumer,United States,Arlington,Virginia,22204,South,FUR-FU-10003464,Furniture,Furnishings,"Seth Thomas 8 1/2"" Cubicle Clock",60.84,3,0.0,19.4688
7750,CA-2015-133242,6/18/2015,6/24/2015,Standard Class,KH-16510,Keith Herrera,Consumer,United States,Arlington,Virginia,22204,South,OFF-ST-10003716,Office Supplies,Storage,Tennsco Double-Tier Lockers,450.04,2,0.0,58.5052
7751,CA-2015-133242,6/18/2015,6/24/2015,Standard Class,KH-16510,Keith Herrera,Consumer,United States,Arlington,Virginia,22204,South,OFF-BI-10004002,Office Supplies,Binders,Wilson Jones International Size A4 Ring Binders,34.6,2,0.0,16.608
7752,CA-2015-133242,6/18/2015,6/24/2015,Standard Class,KH-16510,Keith Herrera,Consumer,United States,Arlington,Virginia,22204,South,TEC-PH-10002496,Technology,Phones,Cisco SPA301,467.97,3,0.0,140.391
7753,CA-2015-133242,6/18/2015,6/24/2015,Standard Class,KH-16510,Keith Herrera,Consumer,United States,Arlington,Virginia,22204,South,OFF-BI-10004826,Office Supplies,Binders,JM Magazine Binder,33.02,2,0.0,15.8496
7754,CA-2015-158323,11/30/2015,12/3/2015,First Class,AB-10600,Ann Blume,Corporate,United States,Jacksonville,North Carolina,28540,South,FUR-FU-10001546,Furniture,Furnishings,Dana Swing-Arm Lamps,17.088,2,0.2,1.068
7756,CA-2017-100902,11/17/2017,11/21/2017,Standard Class,CK-12595,Clytie Kelty,Consumer,United States,Charlotte,North Carolina,28205,South,OFF-PA-10002558,Office Supplies,Paper,Xerox 1938,268.24,7,0.2,93.884
7757,CA-2017-100902,11/17/2017,11/21/2017,Standard Class,CK-12595,Clytie Kelty,Consumer,United States,Charlotte,North Carolina,28205,South,TEC-AC-10003174,Technology,Accessories,Plantronics S12 Corded Telephone Headset System,431.16,5,0.2,107.79
7761,CA-2014-155390,12/6/2014,12/11/2014,Standard Class,BG-11035,Barry Gonzalez,Consumer,United States,Memphis,Tennessee,38109,South,OFF-PA-10003641,Office Supplies,Paper,Xerox 1909,42.208,2,0.2,13.7176
7764,CA-2015-103093,2/3/2015,2/7/2015,Standard Class,FO-14305,Frank Olsen,Consumer,United States,Columbus,Georgia,31907,South,OFF-EN-10003286,Office Supplies,Envelopes,Staple envelope,74.52,9,0.0,35.0244
7769,CA-2017-154088,11/12/2017,11/17/2017,Standard Class,LB-16735,Larry Blacks,Consumer,United States,Tallahassee,Florida,32303,South,OFF-PA-10003651,Office Supplies,Paper,Xerox 1968,26.72,5,0.2,9.352
7780,CA-2016-139381,4/18/2016,4/22/2016,Standard Class,RF-19840,Roy Französisch,Consumer,United States,Chesapeake,Virginia,23320,South,OFF-AP-10001271,Office Supplies,Appliances,Eureka The Boss Cordless Rechargeable Stick Vac,203.92,4,0.0,55.0584
7781,CA-2016-139381,4/18/2016,4/22/2016,Standard Class,RF-19840,Roy Französisch,Consumer,United States,Chesapeake,Virginia,23320,South,TEC-PH-10004924,Technology,Phones,"SKILCRAFT Telephone Shoulder Rest, 2"" x 6.5"" x 2.5"", Black",29.56,4,0.0,7.9812
7783,CA-2016-162236,11/4/2016,11/6/2016,Second Class,ER-13855,Elpida Rittenbach,Corporate,United States,Charlotte,North Carolina,28205,South,OFF-ST-10003442,Office Supplies,Storage,Eldon Portable Mobile Manager,45.248,2,0.2,3.9592
7784,CA-2016-162236,11/4/2016,11/6/2016,Second Class,ER-13855,Elpida Rittenbach,Corporate,United States,Charlotte,North Carolina,28205,South,FUR-TA-10002533,Furniture,Tables,BPI Conference Tables,876.3,10,0.4,-292.1
7785,CA-2016-162236,11/4/2016,11/6/2016,Second Class,ER-13855,Elpida Rittenbach,Corporate,United States,Charlotte,North Carolina,28205,South,OFF-SU-10003505,Office Supplies,Supplies,Premier Electric Letter Opener,185.376,2,0.2,-34.758
7803,CA-2015-102260,9/22/2015,9/26/2015,Standard Class,SJ-20125,Sanjit Jacobs,Home Office,United States,Franklin,Tennessee,37064,South,OFF-LA-10003714,Office Supplies,Labels,Avery 510,12.0,4,0.2,4.2
7804,CA-2015-102260,9/22/2015,9/26/2015,Standard Class,SJ-20125,Sanjit Jacobs,Home Office,United States,Franklin,Tennessee,37064,South,OFF-ST-10003716,Office Supplies,Storage,Tennsco Double-Tier Lockers,720.064,4,0.2,-63.0056
7805,CA-2015-102260,9/22/2015,9/26/2015,Standard Class,SJ-20125,Sanjit Jacobs,Home Office,United States,Franklin,Tennessee,37064,South,OFF-ST-10002289,Office Supplies,Storage,"Safco Wire Cube Shelving System, For Use as 4 or 5 14"" Cubes, Black",25.424,1,0.2,-4.767
7806,CA-2015-102260,9/22/2015,9/26/2015,Standard Class,SJ-20125,Sanjit Jacobs,Home Office,United States,Franklin,Tennessee,37064,South,OFF-AR-10001315,Office Supplies,Art,Newell 310,2.816,2,0.2,0.3168
7807,CA-2015-102260,9/22/2015,9/26/2015,Standard Class,SJ-20125,Sanjit Jacobs,Home Office,United States,Franklin,Tennessee,37064,South,OFF-BI-10000042,Office Supplies,Binders,"Pressboard Data Binder, Crimson, 12"" X 8 1/2""",3.204,2,0.7,-2.5632
7808,US-2016-137295,1/8/2016,1/13/2016,Standard Class,VS-21820,Vivek Sundaresam,Consumer,United States,Raleigh,North Carolina,27604,South,OFF-BI-10004236,Office Supplies,Binders,"XtraLife ClearVue Slant-D Ring Binder, White, 3""",30.828,7,0.7,-24.6624
7809,US-2016-137295,1/8/2016,1/13/2016,Standard Class,VS-21820,Vivek Sundaresam,Consumer,United States,Raleigh,North Carolina,27604,South,OFF-AR-10001955,Office Supplies,Art,Newell 319,47.616,3,0.2,5.952
7810,US-2016-137295,1/8/2016,1/13/2016,Standard Class,VS-21820,Vivek Sundaresam,Consumer,United States,Raleigh,North Carolina,27604,South,TEC-PH-10004080,Technology,Phones,Avaya 5410 Digital phone,108.784,2,0.2,10.8784
7822,CA-2016-169334,10/21/2016,10/24/2016,Second Class,GW-14605,Giulietta Weimer,Consumer,United States,Jackson,Tennessee,38301,South,OFF-ST-10004950,Office Supplies,Storage,"Tenex Personal Filing Tote With Secure Closure Lid, Black/Frost",111.672,9,0.2,6.9795
7834,CA-2015-128958,1/24/2015,1/28/2015,Standard Class,CR-12820,Cyra Reiten,Home Office,United States,West Palm Beach,Florida,33407,South,OFF-AR-10004757,Office Supplies,Art,Crayola Colored Pencils,13.12,5,0.2,2.132
7843,CA-2014-158470,4/19/2014,4/23/2014,Second Class,AG-10390,Allen Goldenen,Consumer,United States,Arlington,Virginia,22204,South,OFF-BI-10003638,Office Supplies,Binders,GBC Durable Plastic Covers,58.05,3,0.0,26.703
7844,CA-2014-158470,4/19/2014,4/23/2014,Second Class,AG-10390,Allen Goldenen,Consumer,United States,Arlington,Virginia,22204,South,OFF-PA-10001569,Office Supplies,Paper,Xerox 232,71.28,11,0.0,34.2144
7846,CA-2015-125976,9/27/2015,10/2/2015,Standard Class,JK-15205,Jamie Kunitz,Consumer,United States,Arlington,Virginia,22204,South,OFF-PA-10001125,Office Supplies,Paper,Xerox 1988,154.9,5,0.0,69.705
7847,CA-2015-125976,9/27/2015,10/2/2015,Standard Class,JK-15205,Jamie Kunitz,Consumer,United States,Arlington,Virginia,22204,South,TEC-PH-10002496,Technology,Phones,Cisco SPA301,1871.88,12,0.0,561.564
7855,CA-2017-135587,12/7/2017,12/12/2017,Standard Class,BH-11710,Brosina Hoffman,Consumer,United States,Hattiesburg,Mississippi,39401,South,OFF-AP-10004540,Office Supplies,Appliances,"Eureka The Boss Lite 10-Amp Upright Vacuum, Blue",320.64,4,0.0,89.7792
7856,CA-2017-135587,12/7/2017,12/12/2017,Standard Class,BH-11710,Brosina Hoffman,Consumer,United States,Hattiesburg,Mississippi,39401,South,TEC-AC-10001266,Technology,Accessories,Memorex Micro Travel Drive 8 GB,52.0,4,0.0,23.4
7870,US-2017-166233,7/3/2017,7/9/2017,Standard Class,MO-17950,Michael Oakman,Consumer,United States,Jacksonville,North Carolina,28540,South,TEC-AC-10002167,Technology,Accessories,Imation 8gb Micro Traveldrive Usb 2.0 Flash Drive,24.0,2,0.2,-2.7
7878,CA-2015-148705,3/12/2015,3/18/2015,Standard Class,EB-14170,Evan Bailliet,Consumer,United States,Charlotte,North Carolina,28205,South,OFF-LA-10001641,Office Supplies,Labels,Avery 518,5.04,2,0.2,1.764
7890,CA-2016-148684,12/25/2016,12/29/2016,Standard Class,TS-21655,Trudy Schmidt,Consumer,United States,Fayetteville,Arkansas,72701,South,OFF-AR-10003811,Office Supplies,Art,Newell 327,19.89,9,0.0,5.3703
7891,CA-2016-148684,12/25/2016,12/29/2016,Standard Class,TS-21655,Trudy Schmidt,Consumer,United States,Fayetteville,Arkansas,72701,South,TEC-AC-10001838,Technology,Accessories,Razer Tiamat Over Ear 7.1 Surround Sound PC Gaming Headset,399.98,2,0.0,171.9914
7892,CA-2016-148684,12/25/2016,12/29/2016,Standard Class,TS-21655,Trudy Schmidt,Consumer,United States,Fayetteville,Arkansas,72701,South,FUR-FU-10003553,Furniture,Furnishings,"Howard Miller 13-1/2"" Diameter Rosebrook Wall Clock",343.85,5,0.0,137.54
7893,CA-2016-148684,12/25/2016,12/29/2016,Standard Class,TS-21655,Trudy Schmidt,Consumer,United States,Fayetteville,Arkansas,72701,South,OFF-PA-10003302,Office Supplies,Paper,Xerox 1906,106.32,3,0.0,49.9704
7898,CA-2017-128363,8/13/2017,8/18/2017,Standard Class,DC-12850,Dan Campbell,Consumer,United States,Memphis,Tennessee,38109,South,OFF-AP-10001563,Office Supplies,Appliances,Belkin Premiere Surge Master II 8-outlet surge protector,272.048,7,0.2,30.6054
7899,CA-2017-128363,8/13/2017,8/18/2017,Standard Class,DC-12850,Dan Campbell,Consumer,United States,Memphis,Tennessee,38109,South,OFF-BI-10001359,Office Supplies,Binders,GBC DocuBind TL300 Electric Binding System,1614.582,6,0.7,-1237.8462
7900,CA-2017-128363,8/13/2017,8/18/2017,Standard Class,DC-12850,Dan Campbell,Consumer,United States,Memphis,Tennessee,38109,South,OFF-FA-10003495,Office Supplies,Fasteners,Staples,24.32,5,0.2,9.12
7901,CA-2017-128363,8/13/2017,8/18/2017,Standard Class,DC-12850,Dan Campbell,Consumer,United States,Memphis,Tennessee,38109,South,TEC-AC-10003709,Technology,Accessories,Maxell 4.7GB DVD-R 5/Pack,1.584,2,0.2,0.4752
7902,CA-2017-128363,8/13/2017,8/18/2017,Standard Class,DC-12850,Dan Campbell,Consumer,United States,Memphis,Tennessee,38109,South,FUR-FU-10003268,Furniture,Furnishings,Eldon Radial Chair Mat for Low to Medium Pile Carpets,31.984,1,0.2,0.0
7903,CA-2017-128363,8/13/2017,8/18/2017,Standard Class,DC-12850,Dan Campbell,Consumer,United States,Memphis,Tennessee,38109,South,OFF-EN-10003845,Office Supplies,Envelopes,Colored Envelopes,14.76,5,0.2,4.797
7904,CA-2017-128363,8/13/2017,8/18/2017,Standard Class,DC-12850,Dan Campbell,Consumer,United States,Memphis,Tennessee,38109,South,FUR-CH-10002073,Furniture,Chairs,Hon Olson Stacker Chairs,423.648,2,0.2,47.6604
7923,CA-2017-134096,9/24/2017,9/29/2017,Standard Class,PP-18955,Paul Prost,Home Office,United States,Hollywood,Florida,33021,South,TEC-PH-10000526,Technology,Phones,Vtech CS6719,383.96,5,0.2,38.396
7924,CA-2017-134096,9/24/2017,9/29/2017,Standard Class,PP-18955,Paul Prost,Home Office,United States,Hollywood,Florida,33021,South,OFF-BI-10004002,Office Supplies,Binders,Wilson Jones International Size A4 Ring Binders,15.57,3,0.7,-11.418
7925,CA-2016-125843,8/13/2016,8/16/2016,First Class,RF-19840,Roy Französisch,Consumer,United States,Springfield,Virginia,22153,South,OFF-BI-10002309,Office Supplies,Binders,Avery Heavy-Duty EZD  Binder With Locking Rings,22.32,4,0.0,10.7136
7926,CA-2016-125843,8/13/2016,8/16/2016,First Class,RF-19840,Roy Französisch,Consumer,United States,Springfield,Virginia,22153,South,OFF-LA-10003923,Office Supplies,Labels,Alphabetical Labels for Top Tab Filing,103.6,7,0.0,51.8
7962,CA-2017-104864,11/18/2017,11/23/2017,Second Class,JS-15685,Jim Sink,Corporate,United States,Miramar,Florida,33023,South,OFF-ST-10002301,Office Supplies,Storage,Tennsco Commercial Shelving,81.36,5,0.2,-19.323
7963,CA-2017-104864,11/18/2017,11/23/2017,Second Class,JS-15685,Jim Sink,Corporate,United States,Miramar,Florida,33023,South,OFF-BI-10001636,Office Supplies,Binders,Ibico Plastic and Wire Spiral Binding Combs,20.232,8,0.7,-16.1856
7964,CA-2017-104864,11/18/2017,11/23/2017,Second Class,JS-15685,Jim Sink,Corporate,United States,Miramar,Florida,33023,South,OFF-AP-10002684,Office Supplies,Appliances,"Acco 7-Outlet Masterpiece Power Center, Wihtout Fax/Phone Line Protection",389.056,4,0.2,48.632
7965,CA-2017-104864,11/18/2017,11/23/2017,Second Class,JS-15685,Jim Sink,Corporate,United States,Miramar,Florida,33023,South,OFF-PA-10004609,Office Supplies,Paper,Xerox 221,20.736,4,0.2,7.2576
7966,CA-2017-104864,11/18/2017,11/23/2017,Second Class,JS-15685,Jim Sink,Corporate,United States,Miramar,Florida,33023,South,OFF-PA-10003309,Office Supplies,Paper,Xerox 211,41.472,8,0.2,14.5152
7978,CA-2014-166051,5/31/2014,6/5/2014,Standard Class,JK-15625,Jim Karlsson,Consumer,United States,Jackson,Mississippi,39212,South,TEC-PH-10002680,Technology,Phones,Samsung Galaxy Note 3,659.97,3,0.0,197.991
7979,CA-2014-166051,5/31/2014,6/5/2014,Standard Class,JK-15625,Jim Karlsson,Consumer,United States,Jackson,Mississippi,39212,South,TEC-PH-10002538,Technology,Phones,Grandstream GXP1160 VoIP phone,113.73,3,0.0,32.9817
7992,CA-2016-133872,6/14/2016,6/17/2016,First Class,VM-21835,Vivian Mathis,Consumer,United States,Boca Raton,Florida,33433,South,OFF-BI-10002082,Office Supplies,Binders,GBC Twin Loop Wire Binding Elements,39.936,4,0.7,-26.624
7993,CA-2016-133872,6/14/2016,6/17/2016,First Class,VM-21835,Vivian Mathis,Consumer,United States,Boca Raton,Florida,33433,South,TEC-AC-10000521,Technology,Accessories,"Verbatim Slim CD and DVD Storage Cases, 50/Pack",18.464,2,0.2,2.308
8038,CA-2017-169012,7/10/2017,7/14/2017,Standard Class,BF-11275,Beth Fritzler,Corporate,United States,Columbus,Georgia,31907,South,OFF-AP-10003278,Office Supplies,Appliances,Belkin 7-Outlet SurgeMaster Home Series,41.91,3,0.0,10.8966
8048,CA-2017-130834,11/3/2017,11/6/2017,Second Class,JM-16195,Justin MacKendrick,Consumer,United States,Wilmington,North Carolina,28403,South,OFF-PA-10003673,Office Supplies,Paper,Strathmore Photo Mount Cards,16.272,3,0.2,5.2884
8077,CA-2015-106187,6/23/2015,6/29/2015,Standard Class,RF-19345,Randy Ferguson,Corporate,United States,East Point,Georgia,30344,South,FUR-FU-10000794,Furniture,Furnishings,"Eldon Stackable Tray, Side-Load, Legal, Smoke",27.42,3,0.0,9.3228
8078,CA-2015-106187,6/23/2015,6/29/2015,Standard Class,RF-19345,Randy Ferguson,Corporate,United States,East Point,Georgia,30344,South,OFF-BI-10004519,Office Supplies,Binders,GBC DocuBind P100 Manual Binding Machine,165.98,1,0.0,74.691
8079,CA-2015-106187,6/23/2015,6/29/2015,Standard Class,RF-19345,Randy Ferguson,Corporate,United States,East Point,Georgia,30344,South,TEC-AC-10001590,Technology,Accessories,Dell Slim USB Multimedia Keyboard,75.0,3,0.0,18.0
8086,CA-2016-105753,10/20/2016,10/26/2016,Standard Class,LC-16960,Lindsay Castell,Home Office,United States,Arlington,Virginia,22204,South,FUR-FU-10000246,Furniture,Furnishings,Aluminum Document Frame,61.1,5,0.0,18.33
8087,CA-2017-120894,4/28/2017,5/2/2017,Standard Class,JL-15130,Jack Lebron,Consumer,United States,Wilmington,North Carolina,28403,South,OFF-AP-10000252,Office Supplies,Appliances,Harmony HEPA Quiet Air Purifiers,28.08,3,0.2,5.265
8137,CA-2016-118073,8/12/2016,8/16/2016,Standard Class,CS-12490,Cindy Schnelling,Corporate,United States,Lakeland,Florida,33801,South,FUR-TA-10002533,Furniture,Tables,BPI Conference Tables,562.2925,7,0.45,-255.5875
8148,US-2017-146822,6/9/2017,6/14/2017,Standard Class,AG-10675,Anna Gayman,Consumer,United States,Salem,Virginia,24153,South,OFF-PA-10000249,Office Supplies,Paper,Easy-staple paper,49.12,4,0.0,23.0864
8172,CA-2016-146150,2/14/2016,2/19/2016,Standard Class,FM-14380,Fred McMath,Consumer,United States,Jackson,Mississippi,39212,South,OFF-AR-10002240,Office Supplies,Art,Panasonic KP-150 Electric Pencil Sharpener,264.18,7,0.0,68.6868
8193,CA-2015-141327,11/30/2015,12/3/2015,First Class,LR-16915,Lena Radford,Consumer,United States,Durham,North Carolina,27707,South,OFF-BI-10000546,Office Supplies,Binders,Avery Durable Binders,6.048,7,0.7,-4.2336
8194,CA-2015-141327,11/30/2015,12/3/2015,First Class,LR-16915,Lena Radford,Consumer,United States,Durham,North Carolina,27707,South,OFF-AP-10001293,Office Supplies,Appliances,Belkin 8 Outlet Surge Protector,98.352,3,0.2,9.8352
8195,CA-2015-141327,11/30/2015,12/3/2015,First Class,LR-16915,Lena Radford,Consumer,United States,Durham,North Carolina,27707,South,FUR-FU-10000576,Furniture,Furnishings,Luxo Professional Fluorescent Magnifier Lamp with Clamp-Mount Base,335.744,2,0.2,25.1808
8197,CA-2017-102736,9/5/2017,9/9/2017,Standard Class,LP-17095,Liz Preis,Consumer,United States,Knoxville,Tennessee,37918,South,TEC-AC-10004568,Technology,Accessories,Maxell LTO Ultrium - 800 GB,89.568,4,0.2,-1.1196
8198,CA-2017-102736,9/5/2017,9/9/2017,Standard Class,LP-17095,Liz Preis,Consumer,United States,Knoxville,Tennessee,37918,South,OFF-AR-10001897,Office Supplies,Art,Model L Table or Wall-Mount Pencil Sharpener,71.96,5,0.2,7.196
8199,CA-2017-102736,9/5/2017,9/9/2017,Standard Class,LP-17095,Liz Preis,Consumer,United States,Knoxville,Tennessee,37918,South,OFF-PA-10001800,Office Supplies,Paper,Xerox 220,15.552,3,0.2,5.4432
8207,CA-2015-122266,4/26/2015,4/30/2015,Standard Class,SA-20830,Sue Ann Reed,Consumer,United States,Daytona Beach,Florida,32114,South,FUR-TA-10000577,Furniture,Tables,Bretford CR4500 Series Slim Rectangular Table,191.5155,1,0.45,-76.6062
8208,CA-2015-122266,4/26/2015,4/30/2015,Standard Class,SA-20830,Sue Ann Reed,Consumer,United States,Daytona Beach,Florida,32114,South,OFF-AR-10004757,Office Supplies,Art,Crayola Colored Pencils,2.624,1,0.2,0.4264
8209,CA-2015-141565,9/20/2015,9/24/2015,Standard Class,BG-11035,Barry Gonzalez,Consumer,United States,Nashville,Tennessee,37211,South,OFF-BI-10000545,Office Supplies,Binders,GBC Ibimaster 500 Manual ProClick Binding System,1369.764,6,0.7,-913.176
8210,CA-2015-141565,9/20/2015,9/24/2015,Standard Class,BG-11035,Barry Gonzalez,Consumer,United States,Nashville,Tennessee,37211,South,OFF-ST-10001522,Office Supplies,Storage,"Gould Plastics 18-Pocket Panel Bin, 34w x 5-1/4d x 20-1/2h",294.368,4,0.2,-58.8736
8211,CA-2017-128769,9/7/2017,9/12/2017,Standard Class,DM-12955,Dario Medina,Corporate,United States,Nashville,Tennessee,37211,South,OFF-AP-10001271,Office Supplies,Appliances,Eureka The Boss Cordless Rechargeable Stick Vac,81.568,2,0.2,7.1372
8214,CA-2015-120845,9/25/2015,10/2/2015,Standard Class,ML-17395,Marina Lichtenstein,Corporate,United States,Murfreesboro,Tennessee,37130,South,OFF-BI-10001116,Office Supplies,Binders,"Wilson Jones 1"" Hanging DublLock Ring Binders",6.336,4,0.7,-4.6464
8215,CA-2015-120845,9/25/2015,10/2/2015,Standard Class,ML-17395,Marina Lichtenstein,Corporate,United States,Murfreesboro,Tennessee,37130,South,OFF-PA-10004665,Office Supplies,Paper,Advantus Motivational Note Cards,10.48,1,0.2,3.799
8216,CA-2015-120845,9/25/2015,10/2/2015,Standard Class,ML-17395,Marina Lichtenstein,Corporate,United States,Murfreesboro,Tennessee,37130,South,OFF-BI-10004506,Office Supplies,Binders,Wilson Jones data.warehouse D-Ring Binders with DublLock,2.469,1,0.7,-1.8106
8217,CA-2015-120845,9/25/2015,10/2/2015,Standard Class,ML-17395,Marina Lichtenstein,Corporate,United States,Murfreesboro,Tennessee,37130,South,OFF-BI-10001982,Office Supplies,Binders,Wilson Jones Custom Binder Spines & Labels,3.264,2,0.7,-2.2848
8231,CA-2016-162355,6/30/2016,7/2/2016,Second Class,PF-19165,Philip Fox,Consumer,United States,Sandy Springs,Georgia,30328,South,OFF-AR-10004344,Office Supplies,Art,Bulldog Vacuum Base Pencil Sharpener,35.97,3,0.0,9.7119
8232,CA-2016-162355,6/30/2016,7/2/2016,Second Class,PF-19165,Philip Fox,Consumer,United States,Sandy Springs,Georgia,30328,South,FUR-BO-10004695,Furniture,Bookcases,O'Sullivan 2-Door Barrister Bookcase in Odessa Pine,1266.86,7,0.0,291.3778
8235,CA-2017-102204,5/1/2017,5/6/2017,Standard Class,CJ-12010,Caroline Jumper,Consumer,United States,Jacksonville,Florida,32216,South,OFF-SU-10001212,Office Supplies,Supplies,Kleencut Forged Office Shears by Acme United Corporation,3.328,2,0.2,0.416
8236,CA-2017-102204,5/1/2017,5/6/2017,Standard Class,CJ-12010,Caroline Jumper,Consumer,United States,Jacksonville,Florida,32216,South,FUR-TA-10001889,Furniture,Tables,Bush Advantage Collection Racetrack Conference Table,933.262,4,0.45,-458.1468
8237,CA-2017-102204,5/1/2017,5/6/2017,Standard Class,CJ-12010,Caroline Jumper,Consumer,United States,Jacksonville,Florida,32216,South,FUR-CH-10002024,Furniture,Chairs,HON 5400 Series Task Chairs for Big and Tall,2803.92,5,0.2,0.0
8238,CA-2017-103065,10/20/2017,10/20/2017,Same Day,PT-19090,Pete Takahito,Consumer,United States,Jacksonville,Florida,32216,South,OFF-ST-10000617,Office Supplies,Storage,Woodgrain Magazine Files by Perma,4.768,2,0.2,-0.7748
8239,CA-2017-103065,10/20/2017,10/20/2017,Same Day,PT-19090,Pete Takahito,Consumer,United States,Jacksonville,Florida,32216,South,OFF-PA-10000380,Office Supplies,Paper,"REDIFORM Incoming/Outgoing Call Register, 11"" X 8 1/2"", 100 Messages",6.672,1,0.2,2.502
8240,CA-2017-103065,10/20/2017,10/20/2017,Same Day,PT-19090,Pete Takahito,Consumer,United States,Jacksonville,Florida,32216,South,OFF-AR-10003251,Office Supplies,Art,Prang Drawing Pencil Set,4.448,2,0.2,1.112
8241,CA-2017-103065,10/20/2017,10/20/2017,Same Day,PT-19090,Pete Takahito,Consumer,United States,Jacksonville,Florida,32216,South,FUR-FU-10000175,Furniture,Furnishings,DAX Wood Document Frame.,43.936,4,0.2,6.0412
8246,US-2014-143581,8/19/2014,8/23/2014,Standard Class,BS-11365,Bill Shonely,Corporate,United States,Columbus,Georgia,31907,South,OFF-ST-10000991,Office Supplies,Storage,Space Solutions HD Industrial Steel Shelving.,344.91,3,0.0,10.3473
8263,CA-2016-100307,12/15/2016,12/19/2016,Standard Class,TC-21475,Tony Chapman,Home Office,United States,Fayetteville,Arkansas,72701,South,OFF-PA-10002552,Office Supplies,Paper,Xerox 1958,19.44,3,0.0,9.3312
8264,CA-2015-138457,9/13/2015,9/17/2015,Standard Class,AM-10705,Anne McFarland,Consumer,United States,Jacksonville,North Carolina,28540,South,OFF-BI-10000014,Office Supplies,Binders,Heavy-Duty E-Z-D Binders,13.092,4,0.7,-10.0372
8277,US-2016-139262,2/21/2016,2/25/2016,Standard Class,LC-16960,Lindsay Castell,Home Office,United States,Tampa,Florida,33614,South,OFF-BI-10003727,Office Supplies,Binders,Avery Durable Slant Ring Binders With Label Holder,3.762,3,0.7,-2.7588
8278,US-2016-139262,2/21/2016,2/25/2016,Standard Class,LC-16960,Lindsay Castell,Home Office,United States,Tampa,Florida,33614,South,OFF-BI-10002026,Office Supplies,Binders,Avery Arch Ring Binders,34.86,2,0.7,-26.726
8279,US-2016-139262,2/21/2016,2/25/2016,Standard Class,LC-16960,Lindsay Castell,Home Office,United States,Tampa,Florida,33614,South,OFF-ST-10001496,Office Supplies,Storage,Standard Rollaway File with Lock,432.456,3,0.2,32.4342
8280,CA-2017-146192,4/22/2017,4/26/2017,Standard Class,BD-11725,Bruce Degenhardt,Consumer,United States,Columbus,Georgia,31907,South,OFF-ST-10003716,Office Supplies,Storage,Tennsco Double-Tier Lockers,675.06,3,0.0,87.7578
8281,CA-2017-134810,5/9/2017,5/10/2017,First Class,MC-17605,Matt Connell,Corporate,United States,Jacksonville,North Carolina,28540,South,OFF-EN-10002504,Office Supplies,Envelopes,"Tyvek  Top-Opening Peel & Seel Envelopes, Plain White",65.232,3,0.2,22.0158
8282,CA-2017-134810,5/9/2017,5/10/2017,First Class,MC-17605,Matt Connell,Corporate,United States,Jacksonville,North Carolina,28540,South,FUR-CH-10001270,Furniture,Chairs,Harbour Creations Steel Folding Chair,207.0,3,0.2,25.875
8287,CA-2014-156244,8/12/2014,8/16/2014,Standard Class,DH-13675,Duane Huffman,Home Office,United States,Miami,Florida,33180,South,OFF-PA-10000295,Office Supplies,Paper,Xerox 229,31.104,6,0.2,10.8864
8288,CA-2014-156244,8/12/2014,8/16/2014,Standard Class,DH-13675,Duane Huffman,Home Office,United States,Miami,Florida,33180,South,OFF-AR-10004344,Office Supplies,Art,Bulldog Vacuum Base Pencil Sharpener,47.96,5,0.2,4.1965
8289,CA-2014-156244,8/12/2014,8/16/2014,Standard Class,DH-13675,Duane Huffman,Home Office,United States,Miami,Florida,33180,South,TEC-AC-10002473,Technology,Accessories,Maxell 4.7GB DVD-R,158.928,7,0.2,41.7186
8290,CA-2014-156244,8/12/2014,8/16/2014,Standard Class,DH-13675,Duane Huffman,Home Office,United States,Miami,Florida,33180,South,OFF-AP-10002403,Office Supplies,Appliances,Acco Smartsocket Color-Coded Six-Outlet AC Adapter Model Surge Protectors,211.248,6,0.2,15.8436
8291,CA-2014-156244,8/12/2014,8/16/2014,Standard Class,DH-13675,Duane Huffman,Home Office,United States,Miami,Florida,33180,South,OFF-SU-10000432,Office Supplies,Supplies,Acco Side-Punched Conventional Columnar Pads,5.552,2,0.2,-1.041
8292,CA-2014-156244,8/12/2014,8/16/2014,Standard Class,DH-13675,Duane Huffman,Home Office,United States,Miami,Florida,33180,South,OFF-LA-10000443,Office Supplies,Labels,Avery 501,2.952,1,0.2,0.9963
8296,CA-2016-166380,5/30/2016,6/3/2016,Standard Class,EB-13750,Edward Becker,Corporate,United States,Arlington,Virginia,22204,South,OFF-EN-10002600,Office Supplies,Envelopes,"Redi-Strip #10 Envelopes, 4 1/8 x 9 1/2",26.55,9,0.0,12.744
8297,CA-2016-166380,5/30/2016,6/3/2016,Standard Class,EB-13750,Edward Becker,Corporate,United States,Arlington,Virginia,22204,South,TEC-AC-10000109,Technology,Accessories,Sony Micro Vault Click 16 GB USB 2.0 Flash Drive,111.98,2,0.0,26.8752
8298,US-2015-158911,7/5/2015,7/11/2015,Standard Class,RS-19765,Roland Schwarz,Corporate,United States,Charlotte,North Carolina,28205,South,FUR-FU-10003829,Furniture,Furnishings,Stackable Trays,4.928,2,0.2,0.7392
8299,US-2015-158911,7/5/2015,7/11/2015,Standard Class,RS-19765,Roland Schwarz,Corporate,United States,Charlotte,North Carolina,28205,South,OFF-LA-10003223,Office Supplies,Labels,Avery 508,11.784,3,0.2,4.2717
8312,US-2017-105935,1/26/2017,1/31/2017,Standard Class,BD-11500,Bradley Drucker,Consumer,United States,Columbus,Georgia,31907,South,FUR-FU-10002157,Furniture,Furnishings,Artistic Insta-Plaque,62.72,4,0.0,24.4608
8313,US-2017-105935,1/26/2017,1/31/2017,Standard Class,BD-11500,Bradley Drucker,Consumer,United States,Columbus,Georgia,31907,South,TEC-PH-10001459,Technology,Phones,Samsung Galaxy Mega 6.3,2939.93,7,0.0,764.3818
8318,CA-2017-130904,4/11/2017,4/16/2017,Standard Class,HM-14980,Henry MacAllister,Consumer,United States,Burlington,North Carolina,27217,South,OFF-AR-10000422,Office Supplies,Art,Pencil and Crayon Sharpener,1.752,1,0.2,0.1533
8319,CA-2017-130904,4/11/2017,4/16/2017,Standard Class,HM-14980,Henry MacAllister,Consumer,United States,Burlington,North Carolina,27217,South,OFF-AR-10000127,Office Supplies,Art,Newell 321,20.992,8,0.2,2.3616
8325,CA-2017-144456,9/8/2017,9/9/2017,First Class,FC-14245,Frank Carlisle,Home Office,United States,Hialeah,Florida,33012,South,OFF-ST-10001321,Office Supplies,Storage,"Decoflex Hanging Personal Folder File, Blue",61.68,5,0.2,5.397
8326,CA-2017-144456,9/8/2017,9/9/2017,First Class,FC-14245,Frank Carlisle,Home Office,United States,Hialeah,Florida,33012,South,TEC-PH-10001750,Technology,Phones,Samsung Rugby III,158.376,3,0.2,13.8579
8337,CA-2016-101469,7/2/2016,7/8/2016,Standard Class,KH-16360,Katherine Hughes,Consumer,United States,Arlington,Virginia,22204,South,OFF-AR-10003986,Office Supplies,Art,Avery Hi-Liter Pen Style Six-Color Fluorescent Set,7.7,2,0.0,3.157
8338,CA-2014-153087,12/27/2014,1/3/2015,Standard Class,TC-20980,Tamara Chand,Corporate,United States,Decatur,Alabama,35601,South,OFF-PA-10001243,Office Supplies,Paper,Xerox 1983,23.92,4,0.0,11.7208
8339,CA-2014-153087,12/27/2014,1/3/2015,Standard Class,TC-20980,Tamara Chand,Corporate,United States,Decatur,Alabama,35601,South,TEC-AC-10003198,Technology,Accessories,Enermax Acrylux Wireless Keyboard,498.0,5,0.0,184.26
8341,CA-2014-161634,11/14/2014,11/20/2014,Standard Class,CC-12220,Chris Cortes,Consumer,United States,Chesapeake,Virginia,23320,South,OFF-PA-10002262,Office Supplies,Paper,Xerox 192,32.4,5,0.0,15.552
8343,CA-2016-132549,11/25/2016,11/30/2016,Standard Class,JK-15370,Jay Kimmel,Consumer,United States,Huntsville,Alabama,35810,South,OFF-ST-10001325,Office Supplies,Storage,Sterilite Officeware Hinged File Box,73.36,7,0.0,19.8072
8344,US-2014-155544,3/21/2014,3/25/2014,Standard Class,GM-14440,Gary McGarr,Consumer,United States,Knoxville,Tennessee,37918,South,OFF-LA-10004544,Office Supplies,Labels,Avery 505,59.2,5,0.2,22.2
8345,US-2014-155544,3/21/2014,3/25/2014,Standard Class,GM-14440,Gary McGarr,Consumer,United States,Knoxville,Tennessee,37918,South,FUR-FU-10001473,Furniture,Furnishings,DAX Wood Document Frame,32.952,3,0.2,6.5904
8346,US-2014-155544,3/21/2014,3/25/2014,Standard Class,GM-14440,Gary McGarr,Consumer,United States,Knoxville,Tennessee,37918,South,FUR-CH-10000422,Furniture,Chairs,Global Highback Leather Tilter in Burgundy,218.376,3,0.2,-10.9188
8357,CA-2016-163174,8/26/2016,8/30/2016,Standard Class,XP-21865,Xylona Preis,Consumer,United States,Athens,Georgia,30605,South,FUR-FU-10000308,Furniture,Furnishings,Deflect-o Glass Clear Studded Chair Mats,186.54,3,0.0,41.0388
8365,CA-2017-137631,4/28/2017,5/2/2017,Standard Class,JL-15235,Janet Lee,Consumer,United States,Kissimmee,Florida,34741,South,TEC-PH-10002624,Technology,Phones,Samsung Galaxy S4 Mini,751.984,2,0.2,84.5982
8377,CA-2017-156272,3/21/2017,3/27/2017,Standard Class,PW-19030,Pauline Webber,Corporate,United States,Pompano Beach,Florida,33068,South,OFF-AP-10001242,Office Supplies,Appliances,APC 7 Outlet Network SurgeArrest Surge Protector,64.384,1,0.2,8.048
8397,CA-2014-152254,6/30/2014,6/30/2014,Same Day,BD-11620,Brian DeCherney,Consumer,United States,Wilmington,North Carolina,28403,South,OFF-PA-10001144,Office Supplies,Paper,Xerox 1913,310.688,7,0.2,108.7408
8411,CA-2016-130820,11/15/2016,11/15/2016,Same Day,ON-18715,Odella Nelson,Corporate,United States,Burlington,North Carolina,27217,South,FUR-TA-10001768,Furniture,Tables,Hon Racetrack Conference Tables,630.024,4,0.4,-199.5076
8412,CA-2016-159765,5/9/2016,5/12/2016,Second Class,TH-21100,Thea Hendricks,Consumer,United States,Salem,Virginia,24153,South,OFF-AR-10003514,Office Supplies,Art,4009 Highlighters by Sanford,27.86,7,0.0,9.1938
8470,US-2017-132031,4/23/2017,4/27/2017,Standard Class,PN-18775,Parhena Norris,Home Office,United States,Clarksville,Tennessee,37042,South,FUR-BO-10001972,Furniture,Bookcases,O'Sullivan 4-Shelf Bookcase in Odessa Pine,387.136,4,0.2,-14.5176
8471,US-2017-132031,4/23/2017,4/27/2017,Standard Class,PN-18775,Parhena Norris,Home Office,United States,Clarksville,Tennessee,37042,South,TEC-AC-10002473,Technology,Accessories,Maxell 4.7GB DVD-R,45.408,2,0.2,11.9196
8472,US-2017-132031,4/23/2017,4/27/2017,Standard Class,PN-18775,Parhena Norris,Home Office,United States,Clarksville,Tennessee,37042,South,FUR-FU-10000193,Furniture,Furnishings,Tenex Chairmats For Use with Hard Floors,77.952,3,0.2,-11.6928
8473,US-2017-132031,4/23/2017,4/27/2017,Standard Class,PN-18775,Parhena Norris,Home Office,United States,Clarksville,Tennessee,37042,South,OFF-LA-10000081,Office Supplies,Labels,Avery 496,3.0,1,0.2,1.05
8474,CA-2015-169733,10/22/2015,10/26/2015,Second Class,GM-14500,Gene McClure,Consumer,United States,Hollywood,Florida,33021,South,OFF-ST-10000876,Office Supplies,Storage,Eldon Simplefile Box Office,9.952,1,0.2,0.9952
8489,CA-2016-158841,2/2/2016,2/4/2016,Second Class,SE-20110,Sanjit Engle,Consumer,United States,Arlington,Virginia,22204,South,TEC-MA-10001127,Technology,Machines,"HP Designjet T520 Inkjet Large Format Printer - 24"" Color",8749.95,5,0.0,2799.984
8490,CA-2016-158841,2/2/2016,2/4/2016,Second Class,SE-20110,Sanjit Engle,Consumer,United States,Arlington,Virginia,22204,South,OFF-BI-10002557,Office Supplies,Binders,Presstex Flexible Ring Binders,36.4,8,0.0,18.2
8491,CA-2016-158841,2/2/2016,2/4/2016,Second Class,SE-20110,Sanjit Engle,Consumer,United States,Arlington,Virginia,22204,South,FUR-FU-10001731,Furniture,Furnishings,Acrylic Self-Standing Desk Frames,18.69,7,0.0,7.1022
8514,CA-2017-141614,6/5/2017,6/9/2017,Standard Class,NS-18640,Noel Staavos,Corporate,United States,Orlando,Florida,32839,South,OFF-PA-10002787,Office Supplies,Paper,Xerox 227,20.736,4,0.2,7.2576
8515,CA-2015-122168,8/21/2015,8/26/2015,Standard Class,HG-14965,Henry Goldwyn,Corporate,United States,Florence,Kentucky,41042,South,OFF-AR-10003602,Office Supplies,Art,"Quartet Omega Colored Chalk, 12/Pack",17.52,3,0.0,8.2344
8516,CA-2015-122168,8/21/2015,8/26/2015,Standard Class,HG-14965,Henry Goldwyn,Corporate,United States,Florence,Kentucky,41042,South,OFF-AR-10002053,Office Supplies,Art,"Premium Writing Pencils, Soft, #2 by Central Association for the Blind",35.76,12,0.0,10.0128
8535,CA-2015-169677,1/13/2015,1/15/2015,Second Class,KS-16300,Karen Seio,Corporate,United States,Columbus,Georgia,31907,South,OFF-LA-10003223,Office Supplies,Labels,Avery 508,9.82,2,0.0,4.8118
8545,CA-2016-119074,3/27/2016,3/31/2016,Standard Class,DS-13180,David Smith,Corporate,United States,Columbus,Georgia,31907,South,FUR-FU-10004053,Furniture,Furnishings,DAX Two-Tone Silver Metal Document Frame,20.24,1,0.0,8.7032
8546,CA-2016-119074,3/27/2016,3/31/2016,Standard Class,DS-13180,David Smith,Corporate,United States,Columbus,Georgia,31907,South,FUR-FU-10003731,Furniture,Furnishings,"Eldon Expressions Wood and Plastic Desk Accessories, Oak",39.92,4,0.0,11.1776
8547,CA-2016-119074,3/27/2016,3/31/2016,Standard Class,DS-13180,David Smith,Corporate,United States,Columbus,Georgia,31907,South,OFF-BI-10000962,Office Supplies,Binders,"Acco Flexible ACCOHIDE Square Ring Data Binder, Dark Blue, 11 1/2"" X 14"" 7/8""",32.54,2,0.0,15.9446
8554,US-2017-102904,11/13/2017,11/20/2017,Standard Class,CB-12025,Cassandra Brandow,Consumer,United States,Decatur,Alabama,35601,South,TEC-AC-10000927,Technology,Accessories,Anker Ultrathin Bluetooth Wireless Keyboard Aluminum Cover with Stand ,239.92,8,0.0,23.992
8555,CA-2016-102092,12/9/2016,12/11/2016,First Class,PM-18940,Paul MacIntyre,Consumer,United States,Springfield,Virginia,22153,South,FUR-TA-10002530,Furniture,Tables,"Iceberg OfficeWorks 42"" Round Tables",1056.86,7,0.0,158.529
8556,CA-2015-117884,3/22/2015,3/22/2015,Same Day,DC-13285,Debra Catini,Consumer,United States,Plantation,Florida,33317,South,TEC-AC-10002567,Technology,Accessories,Logitech G602 Wireless Gaming Mouse,447.944,7,0.2,89.5888
8557,CA-2015-117884,3/22/2015,3/22/2015,Same Day,DC-13285,Debra Catini,Consumer,United States,Plantation,Florida,33317,South,OFF-ST-10002182,Office Supplies,Storage,"Iris 3-Drawer Stacking Bin, Black",150.408,9,0.2,-33.8418
8564,US-2017-108315,4/30/2017,5/4/2017,Standard Class,MH-18115,Mick Hernandez,Home Office,United States,Sanford,Florida,32771,South,OFF-BI-10000822,Office Supplies,Binders,"Acco PRESSTEX Data Binder with Storage Hooks, Light Blue, 9 1/2"" X 11""",4.842,3,0.7,-3.5508
8565,US-2017-108315,4/30/2017,5/4/2017,Standard Class,MH-18115,Mick Hernandez,Home Office,United States,Sanford,Florida,32771,South,FUR-FU-10000747,Furniture,Furnishings,Tenex B1-RE Series Chair Mats for Low Pile Carpets,220.704,6,0.2,-8.2764
8576,CA-2017-101273,8/27/2017,8/30/2017,Second Class,ST-20530,Shui Tom,Consumer,United States,Port Saint Lucie,Florida,34952,South,OFF-AP-10000804,Office Supplies,Appliances,Hoover Portapower Portable Vacuum,14.336,4,0.2,0.896
8580,CA-2016-111605,12/27/2016,1/2/2017,Standard Class,JW-15955,Joni Wasserman,Consumer,United States,Louisville,Kentucky,40214,South,OFF-LA-10002368,Office Supplies,Labels,Avery 479,2.61,1,0.0,1.2006
8594,CA-2017-159667,11/9/2017,11/13/2017,Standard Class,PM-19135,Peter McVee,Home Office,United States,Jacksonville,Florida,32216,South,TEC-AC-10002567,Technology,Accessories,Logitech G602 Wireless Gaming Mouse,191.976,3,0.2,38.3952
8595,CA-2017-159667,11/9/2017,11/13/2017,Standard Class,PM-19135,Peter McVee,Home Office,United States,Jacksonville,Florida,32216,South,TEC-PH-10004094,Technology,Phones,Motorola L703CM,499.168,4,0.2,31.198
8596,CA-2014-111934,5/5/2014,5/7/2014,First Class,GD-14590,Giulietta Dortch,Corporate,United States,Arlington,Virginia,22204,South,OFF-BI-10004364,Office Supplies,Binders,Storex Dura Pro Binders,11.88,2,0.0,5.346
8597,CA-2014-111934,5/5/2014,5/7/2014,First Class,GD-14590,Giulietta Dortch,Corporate,United States,Arlington,Virginia,22204,South,OFF-PA-10000474,Office Supplies,Paper,Easy-staple paper,35.44,1,0.0,16.6568
8622,CA-2017-104318,5/13/2017,5/18/2017,Standard Class,FH-14275,Frank Hawley,Corporate,United States,Franklin,Tennessee,37064,South,OFF-AP-10000358,Office Supplies,Appliances,Fellowes Basic Home/Office Series Surge Protectors,20.768,2,0.2,2.3364
8624,CA-2015-136147,11/13/2015,11/18/2015,Standard Class,FM-14380,Fred McMath,Consumer,United States,Miami,Florida,33178,South,OFF-BI-10004224,Office Supplies,Binders,Catalog Binders with Expanding Posts,121.104,6,0.7,-100.92
8625,CA-2015-136147,11/13/2015,11/18/2015,Standard Class,FM-14380,Fred McMath,Consumer,United States,Miami,Florida,33178,South,TEC-AC-10004568,Technology,Accessories,Maxell LTO Ultrium - 800 GB,111.96,5,0.2,-1.3995
8636,CA-2014-160094,4/30/2014,5/2/2014,First Class,JM-16195,Justin MacKendrick,Consumer,United States,Louisville,Kentucky,40214,South,OFF-AR-10004010,Office Supplies,Art,Hunt Boston Vacuum Mount KS Pencil Sharpener,174.95,5,0.0,45.487
8637,CA-2014-160094,4/30/2014,5/2/2014,First Class,JM-16195,Justin MacKendrick,Consumer,United States,Louisville,Kentucky,40214,South,OFF-ST-10000585,Office Supplies,Storage,Economy Rollaway Files,826.0,5,0.0,214.76
8640,CA-2014-129819,12/13/2014,12/15/2014,Second Class,KC-16675,Kimberly Carter,Corporate,United States,Henderson,Kentucky,42420,South,OFF-BI-10004970,Office Supplies,Binders,"ACCOHIDE 3-Ring Binder, Blue, 1""",12.39,3,0.0,5.8233
8643,CA-2015-108259,11/8/2015,11/15/2015,Standard Class,NS-18640,Noel Staavos,Corporate,United States,Jacksonville,North Carolina,28540,South,OFF-FA-10000624,Office Supplies,Fasteners,OIC Binder Clips,31.504,11,0.2,11.814
8644,CA-2015-108259,11/8/2015,11/15/2015,Standard Class,NS-18640,Noel Staavos,Corporate,United States,Jacksonville,North Carolina,28540,South,OFF-LA-10002945,Office Supplies,Labels,"Permanent Self-Adhesive File Folder Labels for Typewriters, 1 1/8 x 3 1/2, White",5.04,1,0.2,1.638
8645,CA-2015-108259,11/8/2015,11/15/2015,Standard Class,NS-18640,Noel Staavos,Corporate,United States,Jacksonville,North Carolina,28540,South,OFF-BI-10000315,Office Supplies,Binders,Poly Designer Cover & Back,39.879,7,0.7,-29.2446
8646,CA-2015-108259,11/8/2015,11/15/2015,Standard Class,NS-18640,Noel Staavos,Corporate,United States,Jacksonville,North Carolina,28540,South,FUR-FU-10000023,Furniture,Furnishings,Eldon Wave Desk Accessories,4.712,1,0.2,1.4136
8648,US-2015-131842,12/5/2015,12/8/2015,First Class,RR-19525,Rick Reed,Corporate,United States,Nashville,Tennessee,37211,South,FUR-CH-10004477,Furniture,Chairs,"Global Push Button Manager's Chair, Indigo",97.424,2,0.2,10.9602
8649,CA-2016-164574,7/29/2016,8/3/2016,Standard Class,RH-19555,Ritsa Hightower,Consumer,United States,Charlotte,North Carolina,28205,South,OFF-ST-10003816,Office Supplies,Storage,Fellowes High-Stak Drawer Files,704.76,5,0.2,26.4285
8650,CA-2016-164574,7/29/2016,8/3/2016,Standard Class,RH-19555,Ritsa Hightower,Consumer,United States,Charlotte,North Carolina,28205,South,OFF-BI-10002429,Office Supplies,Binders,"Premier Elliptical Ring Binder, Black",27.396,3,0.7,-20.0904
8661,CA-2017-124765,11/25/2017,11/30/2017,Standard Class,HZ-14950,Henia Zydlo,Consumer,United States,Fort Lauderdale,Florida,33311,South,FUR-BO-10003965,Furniture,Bookcases,O'Sullivan Manor Hill 2-Door Library in Brianna Oak,723.92,5,0.2,-81.441
8681,CA-2016-143805,12/1/2016,12/3/2016,Second Class,JD-15895,Jonathan Doherty,Corporate,United States,Richmond,Virginia,23223,South,OFF-AP-10002945,Office Supplies,Appliances,Honeywell Enviracaire Portable HEPA Air Cleaner for 17' x 22' Room,2104.55,7,0.0,694.5015
8682,CA-2016-143805,12/1/2016,12/3/2016,Second Class,JD-15895,Jonathan Doherty,Corporate,United States,Richmond,Virginia,23223,South,OFF-SU-10004664,Office Supplies,Supplies,Acme Softgrip Scissors,40.7,5,0.0,11.803
8683,CA-2014-133634,11/5/2014,11/10/2014,Standard Class,SR-20740,Steven Roelle,Home Office,United States,Arlington,Virginia,22204,South,TEC-AC-10002550,Technology,Accessories,Maxell 4.7GB DVD-RW 3/Pack,47.79,3,0.0,16.2486
8697,CA-2017-119284,6/15/2017,6/20/2017,Standard Class,TS-21205,Thomas Seio,Corporate,United States,Nashville,Tennessee,37211,South,TEC-PH-10001051,Technology,Phones,HTC One,239.976,3,0.2,26.9973
8698,CA-2017-119284,6/15/2017,6/20/2017,Standard Class,TS-21205,Thomas Seio,Corporate,United States,Nashville,Tennessee,37211,South,FUR-FU-10004351,Furniture,Furnishings,Staple-based wall hangings,31.168,4,0.2,9.3504
8699,CA-2017-119284,6/15/2017,6/20/2017,Standard Class,TS-21205,Thomas Seio,Corporate,United States,Nashville,Tennessee,37211,South,FUR-TA-10004152,Furniture,Tables,"Barricks 18"" x 48"" Non-Folding Utility Table with Bottom Storage Shelf",120.96,2,0.4,-28.224
8700,CA-2017-119284,6/15/2017,6/20/2017,Standard Class,TS-21205,Thomas Seio,Corporate,United States,Nashville,Tennessee,37211,South,TEC-PH-10000560,Technology,Phones,Samsung Galaxy S III - 16GB - pebble blue (T-Mobile),2239.936,8,0.2,223.9936
8701,CA-2017-119284,6/15/2017,6/20/2017,Standard Class,TS-21205,Thomas Seio,Corporate,United States,Nashville,Tennessee,37211,South,OFF-AP-10004249,Office Supplies,Appliances,Staple holder,76.608,8,0.2,6.7032
8702,CA-2017-119284,6/15/2017,6/20/2017,Standard Class,TS-21205,Thomas Seio,Corporate,United States,Nashville,Tennessee,37211,South,OFF-ST-10001490,Office Supplies,Storage,"Hot File 7-Pocket, Floor Stand",142.776,1,0.2,17.847
8703,CA-2017-119284,6/15/2017,6/20/2017,Standard Class,TS-21205,Thomas Seio,Corporate,United States,Nashville,Tennessee,37211,South,OFF-PA-10000312,Office Supplies,Paper,Xerox 1955,91.36,5,0.2,29.692
8724,US-2016-135209,12/29/2016,12/31/2016,Second Class,MH-17290,Marc Harrigan,Home Office,United States,Miami,Florida,33178,South,OFF-PA-10002986,Office Supplies,Paper,Xerox 1898,37.408,7,0.2,13.0928
8725,US-2016-135209,12/29/2016,12/31/2016,Second Class,MH-17290,Marc Harrigan,Home Office,United States,Miami,Florida,33178,South,OFF-PA-10000143,Office Supplies,Paper,Astroparche Fine Business Paper,25.344,6,0.2,8.8704
8727,CA-2015-103870,12/27/2015,12/31/2015,Standard Class,SP-20860,Sung Pak,Corporate,United States,Murfreesboro,Tennessee,37130,South,TEC-AC-10002370,Technology,Accessories,Maxell CD-R Discs,4.728,3,0.2,0.7092
8728,CA-2015-103870,12/27/2015,12/31/2015,Standard Class,SP-20860,Sung Pak,Corporate,United States,Murfreesboro,Tennessee,37130,South,FUR-FU-10002030,Furniture,Furnishings,"Executive Impressions 14"" Contract Wall Clock with Quartz Movement",53.352,3,0.2,16.0056
8729,CA-2015-103870,12/27/2015,12/31/2015,Standard Class,SP-20860,Sung Pak,Corporate,United States,Murfreesboro,Tennessee,37130,South,FUR-BO-10002853,Furniture,Bookcases,O'Sullivan 5-Shelf Heavy-Duty Bookcases,131.104,2,0.2,8.194
8730,CA-2015-103870,12/27/2015,12/31/2015,Standard Class,SP-20860,Sung Pak,Corporate,United States,Murfreesboro,Tennessee,37130,South,OFF-ST-10002562,Office Supplies,Storage,Staple magnet,22.512,3,0.2,2.2512
8731,CA-2015-103870,12/27/2015,12/31/2015,Standard Class,SP-20860,Sung Pak,Corporate,United States,Murfreesboro,Tennessee,37130,South,TEC-AC-10004227,Technology,Accessories,SanDisk Ultra 16 GB MicroSDHC Class 10 Memory Card,72.744,7,0.2,-12.7302
8738,CA-2017-161592,4/6/2017,4/10/2017,Standard Class,CS-12175,Charles Sheldon,Corporate,United States,Chattanooga,Tennessee,37421,South,OFF-BI-10003669,Office Supplies,Binders,3M Organizer Strips,8.1,5,0.7,-5.94
8741,CA-2016-102498,7/24/2016,7/25/2016,First Class,JG-15160,James Galang,Consumer,United States,Lafayette,Louisiana,70506,South,OFF-AR-10004456,Office Supplies,Art,Panasonic KP-4ABK Battery-Operated Pencil Sharpener,73.2,5,0.0,21.228
8752,CA-2016-105662,5/5/2016,5/9/2016,Standard Class,RB-19465,Rick Bensley,Home Office,United States,Tallahassee,Florida,32303,South,OFF-PA-10001001,Office Supplies,Paper,"Snap-A-Way Black Print Carbonless Speed Message, No Reply Area, Duplicate",93.248,4,0.2,31.4712
8753,CA-2016-105662,5/5/2016,5/9/2016,Standard Class,RB-19465,Rick Bensley,Home Office,United States,Tallahassee,Florida,32303,South,TEC-PH-10001198,Technology,Phones,Avaya 4621SW VoIP phone,177.48,3,0.2,19.9665
8761,CA-2016-159891,1/31/2016,2/6/2016,Standard Class,BF-11170,Ben Ferrer,Home Office,United States,Atlanta,Georgia,30318,South,OFF-BI-10003527,Office Supplies,Binders,Fellowes PB500 Electric Punch Plastic Comb Binding Machine with Manual Bind,1270.99,1,0.0,635.495
8762,CA-2016-159891,1/31/2016,2/6/2016,Standard Class,BF-11170,Ben Ferrer,Home Office,United States,Atlanta,Georgia,30318,South,OFF-EN-10004483,Office Supplies,Envelopes,"#10 White Business Envelopes,4 1/8 x 9 1/2",125.36,8,0.0,58.9192
8772,CA-2017-115882,9/14/2017,9/17/2017,First Class,DB-13555,Dorothy Badders,Corporate,United States,Raleigh,North Carolina,27604,South,OFF-AP-10002534,Office Supplies,Appliances,3.6 Cubic Foot Counter Height Office Refrigerator,942.784,4,0.2,94.2784
8773,CA-2017-115882,9/14/2017,9/17/2017,First Class,DB-13555,Dorothy Badders,Corporate,United States,Raleigh,North Carolina,27604,South,OFF-PA-10001125,Office Supplies,Paper,Xerox 1988,74.352,3,0.2,23.235
8785,US-2017-129224,3/17/2017,3/23/2017,Standard Class,AS-10630,Ann Steele,Home Office,United States,Knoxville,Tennessee,37918,South,OFF-LA-10003190,Office Supplies,Labels,Avery 474,4.608,2,0.2,1.6704
8789,CA-2017-126914,6/15/2017,6/19/2017,Standard Class,JE-15715,Joe Elijah,Consumer,United States,Monroe,North Carolina,28110,South,FUR-CH-10000847,Furniture,Chairs,Global Executive Mid-Back Manager's Chair,698.352,3,0.2,52.3764
8790,CA-2017-126914,6/15/2017,6/19/2017,Standard Class,JE-15715,Joe Elijah,Consumer,United States,Monroe,North Carolina,28110,South,FUR-BO-10000468,Furniture,Bookcases,O'Sullivan 2-Shelf Heavy-Duty Bookcases,77.728,2,0.2,-3.8864
8791,CA-2015-169572,9/6/2015,9/12/2015,Standard Class,AG-10525,Andy Gerbode,Corporate,United States,Richmond,Virginia,23223,South,OFF-BI-10002799,Office Supplies,Binders,"SlimView Poly Binder, 3/8""",46.62,9,0.0,21.4452
8821,CA-2017-100622,11/3/2017,11/7/2017,Standard Class,DK-13090,Dave Kipp,Consumer,United States,Orlando,Florida,32839,South,TEC-CO-10003236,Technology,Copiers,Canon Image Class D660 Copier,959.984,2,0.2,311.9948
8822,CA-2017-100622,11/3/2017,11/7/2017,Standard Class,DK-13090,Dave Kipp,Consumer,United States,Orlando,Florida,32839,South,OFF-BI-10002982,Office Supplies,Binders,Avery Self-Adhesive Photo Pockets for Polaroid Photos,4.086,2,0.7,-2.9964
8823,CA-2017-100622,11/3/2017,11/7/2017,Standard Class,DK-13090,Dave Kipp,Consumer,United States,Orlando,Florida,32839,South,OFF-AR-10004010,Office Supplies,Art,Hunt Boston Vacuum Mount KS Pencil Sharpener,55.984,2,0.2,4.1988
8824,CA-2017-100622,11/3/2017,11/7/2017,Standard Class,DK-13090,Dave Kipp,Consumer,United States,Orlando,Florida,32839,South,OFF-PA-10002947,Office Supplies,Paper,Xerox 1923,10.688,2,0.2,3.7408
8832,CA-2015-145324,11/15/2015,11/19/2015,Standard Class,DH-13675,Duane Huffman,Home Office,United States,Harrisonburg,Virginia,22801,South,FUR-FU-10002759,Furniture,Furnishings,12-1/2 Diameter Round Wall Clock,39.96,2,0.0,14.3856
8834,US-2017-132675,9/24/2017,9/28/2017,Standard Class,KF-16285,Karen Ferguson,Home Office,United States,Sandy Springs,Georgia,30328,South,OFF-ST-10004950,Office Supplies,Storage,"Tenex Personal Filing Tote With Secure Closure Lid, Black/Frost",15.51,1,0.0,3.8775
8835,US-2017-132675,9/24/2017,9/28/2017,Standard Class,KF-16285,Karen Ferguson,Home Office,United States,Sandy Springs,Georgia,30328,South,TEC-PH-10003171,Technology,Phones,Plantronics Encore H101 Dual Earpieces Headset,89.9,2,0.0,25.172
8836,US-2017-132675,9/24/2017,9/28/2017,Standard Class,KF-16285,Karen Ferguson,Home Office,United States,Sandy Springs,Georgia,30328,South,OFF-AR-10000614,Office Supplies,Art,Barrel Sharpener,14.28,4,0.0,3.7128
8837,US-2017-132675,9/24/2017,9/28/2017,Standard Class,KF-16285,Karen Ferguson,Home Office,United States,Sandy Springs,Georgia,30328,South,OFF-AR-10000034,Office Supplies,Art,"BIC Brite Liner Grip Highlighters, Assorted, 5/Pack",12.72,3,0.0,4.9608
8838,US-2017-132675,9/24/2017,9/28/2017,Standard Class,KF-16285,Karen Ferguson,Home Office,United States,Sandy Springs,Georgia,30328,South,OFF-LA-10003766,Office Supplies,Labels,Self-Adhesive Removable Labels,15.75,5,0.0,7.56
8849,CA-2015-140718,7/2/2015,7/4/2015,First Class,FA-14230,Frank Atkinson,Corporate,United States,Raleigh,North Carolina,27604,South,TEC-PH-10003505,Technology,Phones,Geemarc AmpliPOWER60,74.24,1,0.2,8.352
8850,CA-2015-140718,7/2/2015,7/4/2015,First Class,FA-14230,Frank Atkinson,Corporate,United States,Raleigh,North Carolina,27604,South,FUR-FU-10000076,Furniture,Furnishings,24-Hour Round Wall Clock,159.84,10,0.2,45.954
8851,CA-2015-140718,7/2/2015,7/4/2015,First Class,FA-14230,Frank Atkinson,Corporate,United States,Raleigh,North Carolina,27604,South,OFF-BI-10004728,Office Supplies,Binders,Wilson Jones Turn Tabs Binder Tool for Ring Binders,2.892,2,0.7,-2.3136
8852,CA-2015-140718,7/2/2015,7/4/2015,First Class,FA-14230,Frank Atkinson,Corporate,United States,Raleigh,North Carolina,27604,South,OFF-PA-10002250,Office Supplies,Paper,Things To Do Today Pad,9.392,2,0.2,3.2872
8860,US-2017-114356,8/20/2017,8/26/2017,Standard Class,TT-21460,Tonja Turnell,Home Office,United States,Charlotte,North Carolina,28205,South,TEC-PH-10003171,Technology,Phones,Plantronics Encore H101 Dual Earpieces Headset,35.96,1,0.2,3.596
8866,CA-2015-158148,12/20/2015,12/26/2015,Standard Class,JM-15865,John Murray,Consumer,United States,Arlington,Virginia,22204,South,OFF-AP-10003281,Office Supplies,Appliances,Acco 6 Outlet Guardian Standard Surge Suppressor,36.27,3,0.0,10.881
8883,US-2017-115252,10/20/2017,10/25/2017,Standard Class,MY-18295,Muhammed Yedwab,Corporate,United States,Durham,North Carolina,27707,South,TEC-PH-10004071,Technology,Phones,PayAnywhere Card Reader,15.984,2,0.2,1.3986
8884,US-2017-115252,10/20/2017,10/25/2017,Standard Class,MY-18295,Muhammed Yedwab,Corporate,United States,Durham,North Carolina,27707,South,OFF-PA-10001667,Office Supplies,Paper,Great White Multi-Use Recycled Paper (20Lb. and 84 Bright),14.352,3,0.2,4.485
8892,CA-2016-162159,9/16/2016,9/18/2016,First Class,CR-12625,Corey Roper,Home Office,United States,Columbus,Georgia,31907,South,FUR-CH-10001146,Furniture,Chairs,"Global Value Mid-Back Manager's Chair, Gray",121.78,2,0.0,30.445
8899,CA-2015-163237,8/7/2015,8/9/2015,Second Class,EM-14095,Eudokia Martin,Corporate,United States,Springfield,Virginia,22153,South,TEC-PH-10003601,Technology,Phones,"Ativa D5772 2-Line 5.8GHz Digital Expandable Corded/Cordless Phone System with Answering & Caller ID/Call Waiting, Black/Silver",494.97,3,0.0,148.491
8900,CA-2015-163237,8/7/2015,8/9/2015,Second Class,EM-14095,Eudokia Martin,Corporate,United States,Springfield,Virginia,22153,South,OFF-LA-10004545,Office Supplies,Labels,Avery 50,25.06,2,0.0,11.7782
8911,CA-2017-102610,11/4/2017,11/8/2017,Standard Class,CA-12265,Christina Anderson,Consumer,United States,Chattanooga,Tennessee,37421,South,TEC-AC-10000303,Technology,Accessories,Logitech M510 Wireless Mouse,95.976,3,0.2,15.5961
8912,CA-2017-102610,11/4/2017,11/8/2017,Standard Class,CA-12265,Christina Anderson,Consumer,United States,Chattanooga,Tennessee,37421,South,TEC-PH-10000127,Technology,Phones,iOttie XL Car Mount,143.928,9,0.2,-32.3838
8913,CA-2017-102610,11/4/2017,11/8/2017,Standard Class,CA-12265,Christina Anderson,Consumer,United States,Chattanooga,Tennessee,37421,South,OFF-BI-10004364,Office Supplies,Binders,Storex Dura Pro Binders,3.564,2,0.7,-2.97
8914,CA-2017-102610,11/4/2017,11/8/2017,Standard Class,CA-12265,Christina Anderson,Consumer,United States,Chattanooga,Tennessee,37421,South,OFF-LA-10002195,Office Supplies,Labels,Avery 481,4.928,2,0.2,1.7248
8920,CA-2014-160276,4/2/2014,4/8/2014,Standard Class,AH-10690,Anna Häberlin,Corporate,United States,Virginia Beach,Virginia,23464,South,FUR-FU-10003192,Furniture,Furnishings,Luxo Adjustable Task Clamp Lamp,177.68,2,0.0,46.1968
8922,CA-2016-145709,10/4/2016,10/8/2016,Standard Class,AH-10690,Anna Häberlin,Corporate,United States,Coral Gables,Florida,33134,South,TEC-PH-10003095,Technology,Phones,Samsung HM1900 Bluetooth Headset,52.68,3,0.2,19.755
8923,CA-2016-145709,10/4/2016,10/8/2016,Standard Class,AH-10690,Anna Häberlin,Corporate,United States,Coral Gables,Florida,33134,South,FUR-FU-10002885,Furniture,Furnishings,Magna Visual Magnetic Picture Hangers,11.568,3,0.2,2.6028
8924,CA-2017-133928,6/11/2017,6/17/2017,Standard Class,ZC-21910,Zuschuss Carroll,Consumer,United States,Hickory,North Carolina,28601,South,OFF-BI-10001525,Office Supplies,Binders,"Acco Pressboard Covers with Storage Hooks, 14 7/8"" x 11"", Executive Red",4.572,4,0.7,-3.81
8941,CA-2014-130918,8/22/2014,8/24/2014,Second Class,JP-15520,Jeremy Pistek,Consumer,United States,North Miami,Florida,33161,South,OFF-SU-10003936,Office Supplies,Supplies,Acme Serrated Blade Letter Opener,7.632,3,0.2,-1.8126
8950,CA-2017-150910,12/22/2017,12/28/2017,Standard Class,JL-15130,Jack Lebron,Consumer,United States,Jackson,Tennessee,38301,South,FUR-TA-10002903,Furniture,Tables,"Bevis Round Bullnose 29"" High Table Top",934.956,6,0.4,-249.3216
8951,CA-2017-150910,12/22/2017,12/28/2017,Standard Class,JL-15130,Jack Lebron,Consumer,United States,Jackson,Tennessee,38301,South,TEC-AC-10001013,Technology,Accessories,Logitech ClearChat Comfort/USB Headset H390,46.864,2,0.2,7.6154
8952,CA-2017-150910,12/22/2017,12/28/2017,Standard Class,JL-15130,Jack Lebron,Consumer,United States,Jackson,Tennessee,38301,South,OFF-ST-10000918,Office Supplies,Storage,Crate-A-Files,26.16,3,0.2,1.962
8953,CA-2017-150910,12/22/2017,12/28/2017,Standard Class,JL-15130,Jack Lebron,Consumer,United States,Jackson,Tennessee,38301,South,OFF-AR-10001419,Office Supplies,Art,Newell 325,23.128,7,0.2,2.891
8954,CA-2017-150910,12/22/2017,12/28/2017,Standard Class,JL-15130,Jack Lebron,Consumer,United States,Jackson,Tennessee,38301,South,OFF-AP-10003266,Office Supplies,Appliances,"Holmes Replacement Filter for HEPA Air Cleaner, Large Room",59.24,5,0.2,16.291
8955,CA-2014-156790,8/8/2014,8/10/2014,Second Class,VG-21790,Vivek Gonzalez,Consumer,United States,Jacksonville,Florida,32216,South,FUR-BO-10000468,Furniture,Bookcases,O'Sullivan 2-Shelf Heavy-Duty Bookcases,155.456,4,0.2,-7.7728
8957,CA-2017-105620,12/25/2017,12/28/2017,First Class,JH-15430,Jennifer Halladay,Consumer,United States,Hialeah,Florida,33012,South,FUR-FU-10004963,Furniture,Furnishings,"Eldon 400 Class Desk Accessories, Black Carbon",21.0,3,0.2,5.775
8958,CA-2017-105620,12/25/2017,12/28/2017,First Class,JH-15430,Jennifer Halladay,Consumer,United States,Hialeah,Florida,33012,South,TEC-MA-10004626,Technology,Machines,Lexmark 20R1285 X6650 Wireless All-in-One Printer,120.0,2,0.5,-7.2
8963,CA-2016-157280,11/5/2016,11/7/2016,First Class,LW-17125,Liz Willingham,Consumer,United States,Virginia Beach,Virginia,23464,South,FUR-FU-10004665,Furniture,Furnishings,"3M Polarizing Task Lamp with Clamp Arm, Light Gray",273.96,2,0.0,71.2296
8964,CA-2016-157280,11/5/2016,11/7/2016,First Class,LW-17125,Liz Willingham,Consumer,United States,Virginia Beach,Virginia,23464,South,TEC-AC-10000057,Technology,Accessories,Microsoft Natural Ergonomic Keyboard 4000,89.97,3,0.0,18.8937
8965,CA-2016-157280,11/5/2016,11/7/2016,First Class,LW-17125,Liz Willingham,Consumer,United States,Virginia Beach,Virginia,23464,South,FUR-FU-10003806,Furniture,Furnishings,"Tenex Chairmat w/ Average Lip, 45"" x 53""",756.8,5,0.0,75.68
8969,CA-2014-166730,12/30/2014,1/1/2015,First Class,DD-13570,Dorothy Dickinson,Consumer,United States,Memphis,Tennessee,38109,South,OFF-ST-10002554,Office Supplies,Storage,Tennsco Industrial Shelving,39.128,1,0.2,-8.8038
8986,CA-2015-123092,12/3/2015,12/7/2015,Standard Class,JG-15115,Jack Garza,Consumer,United States,Jacksonville,North Carolina,28540,South,FUR-FU-10000222,Furniture,Furnishings,"Seth Thomas 16"" Steel Case Clock",77.952,3,0.2,12.6672
8987,CA-2015-123092,12/3/2015,12/7/2015,Standard Class,JG-15115,Jack Garza,Consumer,United States,Jacksonville,North Carolina,28540,South,OFF-BI-10001718,Office Supplies,Binders,GBC DocuBind P50 Personal Binding Machine,95.97,5,0.7,-73.577
8988,CA-2015-123092,12/3/2015,12/7/2015,Standard Class,JG-15115,Jack Garza,Consumer,United States,Jacksonville,North Carolina,28540,South,TEC-PH-10001700,Technology,Phones,Panasonic KX-TG6844B Expandable Digital Cordless Telephone,105.584,2,0.2,9.2386
8989,CA-2015-123092,12/3/2015,12/7/2015,Standard Class,JG-15115,Jack Garza,Consumer,United States,Jacksonville,North Carolina,28540,South,OFF-AR-10004078,Office Supplies,Art,Newell 312,9.344,2,0.2,1.168
8993,CA-2017-159100,10/16/2017,10/21/2017,Standard Class,VP-21760,Victoria Pisteka,Corporate,United States,Columbia,Tennessee,38401,South,TEC-AC-10003499,Technology,Accessories,Memorex Mini Travel Drive 8 GB USB 2.0 Flash Drive,18.528,2,0.2,4.4004
8994,CA-2017-159100,10/16/2017,10/21/2017,Standard Class,VP-21760,Victoria Pisteka,Corporate,United States,Columbia,Tennessee,38401,South,FUR-TA-10001950,Furniture,Tables,Balt Solid Wood Round Tables,1875.258,7,0.4,-968.8833
8995,CA-2014-109043,8/15/2014,8/17/2014,First Class,CS-12355,Christine Sundaresam,Consumer,United States,Hollywood,Florida,33021,South,OFF-PA-10000312,Office Supplies,Paper,Xerox 1955,91.36,5,0.2,29.692
8996,CA-2014-109043,8/15/2014,8/17/2014,First Class,CS-12355,Christine Sundaresam,Consumer,United States,Hollywood,Florida,33021,South,OFF-AP-10004708,Office Supplies,Appliances,Fellowes Superior 10 Outlet Split Surge Protector,152.24,5,0.2,17.127
9002,CA-2014-103807,12/2/2014,12/9/2014,Standard Class,EM-13825,Elizabeth Moffitt,Corporate,United States,Sandy Springs,Georgia,30328,South,TEC-AC-10000199,Technology,Accessories,Kingston Digital DataTraveler 8GB USB 2.0,5.95,1,0.0,0.833
9003,CA-2014-103807,12/2/2014,12/9/2014,Standard Class,EM-13825,Elizabeth Moffitt,Corporate,United States,Sandy Springs,Georgia,30328,South,OFF-PA-10002195,Office Supplies,Paper,"RSVP Cards & Envelopes, Blank White, 8-1/2"" X 11"", 24 Cards/25 Envelopes/Set",15.24,3,0.0,7.1628
9011,CA-2017-127803,5/19/2017,5/23/2017,Standard Class,ND-18460,Neil Ducich,Corporate,United States,Huntsville,Alabama,35810,South,OFF-BI-10001787,Office Supplies,Binders,Wilson Jones Four-Pocket Poly Binders,26.16,4,0.0,12.8184
9020,CA-2014-100706,12/16/2014,12/18/2014,Second Class,LE-16810,Laurel Elliston,Consumer,United States,Springfield,Virginia,22153,South,TEC-AC-10001314,Technology,Accessories,Case Logic 2.4GHz Wireless Keyboard,99.98,2,0.0,7.9984
9021,CA-2014-100706,12/16/2014,12/18/2014,Second Class,LE-16810,Laurel Elliston,Consumer,United States,Springfield,Virginia,22153,South,FUR-FU-10002268,Furniture,Furnishings,Ultra Door Push Plate,29.46,6,0.0,9.7218
9034,CA-2014-152268,9/2/2014,9/7/2014,Standard Class,SC-20095,Sanjit Chand,Consumer,United States,Fayetteville,Arkansas,72701,South,OFF-BI-10001359,Office Supplies,Binders,GBC DocuBind TL300 Electric Binding System,1793.98,2,0.0,843.1706
9042,CA-2014-114335,9/28/2014,10/3/2014,Standard Class,XP-21865,Xylona Preis,Consumer,United States,Hollywood,Florida,33021,South,FUR-FU-10000277,Furniture,Furnishings,Deflect-o DuraMat Antistatic Studded Beveled Mat for Medium Pile Carpeting,337.088,4,0.2,16.8544
9067,CA-2017-152968,5/26/2017,5/30/2017,Standard Class,BM-11785,Bryan Mills,Consumer,United States,Harrisonburg,Virginia,22801,South,TEC-AC-10000521,Technology,Accessories,"Verbatim Slim CD and DVD Storage Cases, 50/Pack",23.08,2,0.0,6.924
9075,CA-2014-136336,4/21/2014,4/26/2014,Standard Class,DB-13555,Dorothy Badders,Corporate,United States,Henderson,Kentucky,42420,South,OFF-ST-10002574,Office Supplies,Storage,"SAFCO Commercial Wire Shelving, Black",828.84,6,0.0,0.0
9079,CA-2016-108105,2/16/2016,2/23/2016,Standard Class,GW-14605,Giulietta Weimer,Consumer,United States,Henderson,Kentucky,42420,South,FUR-FU-10003773,Furniture,Furnishings,Eldon Cleatmat Plus Chair Mats for High Pile Carpets,318.08,4,0.0,34.9888
9080,CA-2016-108105,2/16/2016,2/23/2016,Standard Class,GW-14605,Giulietta Weimer,Consumer,United States,Henderson,Kentucky,42420,South,OFF-BI-10002412,Office Supplies,Binders,Wilson Jones Snap Scratch Pad Binder Tool for Ring Binders,5.8,1,0.0,2.61
9083,CA-2017-169005,11/2/2017,11/6/2017,Standard Class,BG-11035,Barry Gonzalez,Consumer,United States,Springfield,Virginia,22153,South,OFF-AR-10000246,Office Supplies,Art,Newell 318,5.56,2,0.0,1.4456
9084,CA-2015-104038,2/6/2015,2/8/2015,First Class,LO-17170,Lori Olson,Corporate,United States,Suffolk,Virginia,23434,South,OFF-ST-10002554,Office Supplies,Storage,Tennsco Industrial Shelving,146.73,3,0.0,2.9346
9085,CA-2015-104038,2/6/2015,2/8/2015,First Class,LO-17170,Lori Olson,Corporate,United States,Suffolk,Virginia,23434,South,OFF-PA-10002751,Office Supplies,Paper,Xerox 1920,29.9,5,0.0,13.455
9089,CA-2015-150308,12/15/2015,12/20/2015,Standard Class,RR-19525,Rick Reed,Corporate,United States,Cary,North Carolina,27511,South,TEC-PH-10001433,Technology,Phones,Cisco Small Business SPA 502G VoIP phone,246.168,3,0.2,21.5397
9091,US-2017-148831,10/13/2017,10/15/2017,First Class,AH-10210,Alan Hwang,Consumer,United States,Louisville,Kentucky,40214,South,OFF-ST-10002974,Office Supplies,Storage,"Trav-L-File Heavy-Duty Shuttle II, Black",348.56,8,0.0,104.568
9111,CA-2014-132010,10/13/2014,10/15/2014,First Class,MA-17995,Michelle Arnett,Home Office,United States,Richmond,Virginia,23223,South,OFF-EN-10003160,Office Supplies,Envelopes,Pastel Pink Envelopes,36.4,5,0.0,17.472
9112,CA-2014-132010,10/13/2014,10/15/2014,First Class,MA-17995,Michelle Arnett,Home Office,United States,Richmond,Virginia,23223,South,TEC-AC-10001542,Technology,Accessories,SanDisk Cruzer 16 GB USB Flash Drive,22.96,2,0.0,4.3624
9113,CA-2014-132010,10/13/2014,10/15/2014,First Class,MA-17995,Michelle Arnett,Home Office,United States,Richmond,Virginia,23223,South,OFF-ST-10003641,Office Supplies,Storage,Space Solutions Industrial Galvanized Steel Shelving.,315.2,4,0.0,6.304
9114,CA-2014-132010,10/13/2014,10/15/2014,First Class,MA-17995,Michelle Arnett,Home Office,United States,Richmond,Virginia,23223,South,OFF-BI-10002432,Office Supplies,Binders,Wilson Jones Standard D-Ring Binders,15.18,3,0.0,7.1346
9135,CA-2016-124254,4/12/2016,4/17/2016,Standard Class,TB-21175,Thomas Boland,Corporate,United States,Wilson,North Carolina,27893,South,OFF-ST-10001469,Office Supplies,Storage,Fellowes Bankers Box Recycled Super Stor/Drawer,129.552,3,0.2,-22.6716
9136,CA-2016-124254,4/12/2016,4/17/2016,Standard Class,TB-21175,Thomas Boland,Corporate,United States,Wilson,North Carolina,27893,South,OFF-ST-10000060,Office Supplies,Storage,Fellowes Bankers Box Staxonsteel Drawer File/Stacking System,51.984,1,0.2,-5.1984
9137,CA-2016-124254,4/12/2016,4/17/2016,Standard Class,TB-21175,Thomas Boland,Corporate,United States,Wilson,North Carolina,27893,South,OFF-PA-10000807,Office Supplies,Paper,"TOPS ""Important Message"" Pads, Canary, 4-1/4 x 5-1/2, 50 Sheets per Pad",10.272,3,0.2,3.4668
9138,CA-2014-123400,2/2/2014,2/9/2014,Standard Class,EB-13930,Eric Barreto,Consumer,United States,Saint Petersburg,Florida,33710,South,OFF-BI-10000666,Office Supplies,Binders,Surelock Post Binders,18.336,2,0.7,-12.224
9139,CA-2014-123400,2/2/2014,2/9/2014,Standard Class,EB-13930,Eric Barreto,Consumer,United States,Saint Petersburg,Florida,33710,South,TEC-PH-10002890,Technology,Phones,AT&T 17929 Lendline Telephone,180.96,5,0.2,13.572
9160,CA-2016-118934,8/9/2016,8/14/2016,Standard Class,GH-14410,Gary Hansen,Home Office,United States,Hendersonville,Tennessee,37075,South,OFF-BI-10003314,Office Supplies,Binders,Tuff Stuff Recycled Round Ring Binders,4.338,3,0.7,-3.0366
9161,CA-2016-118934,8/9/2016,8/14/2016,Standard Class,GH-14410,Gary Hansen,Home Office,United States,Hendersonville,Tennessee,37075,South,OFF-BI-10004465,Office Supplies,Binders,Avery Durable Slant Ring Binders,11.88,5,0.7,-7.92
9169,CA-2016-140571,3/15/2016,3/19/2016,Standard Class,SJ-20125,Sanjit Jacobs,Home Office,United States,Jackson,Mississippi,39212,South,OFF-PA-10001954,Office Supplies,Paper,Xerox 1964,319.76,14,0.0,147.0896
9170,CA-2016-140571,3/15/2016,3/19/2016,Standard Class,SJ-20125,Sanjit Jacobs,Home Office,United States,Jackson,Mississippi,39212,South,OFF-PA-10001954,Office Supplies,Paper,Xerox 1964,45.68,2,0.0,21.0128
9177,CA-2016-118178,3/19/2016,3/24/2016,Standard Class,CC-12610,Corey Catlett,Corporate,United States,Nashville,Tennessee,37211,South,OFF-BI-10001153,Office Supplies,Binders,Ibico Recycled Grain-Textured Covers,31.086,3,0.7,-20.724
9221,CA-2017-103212,10/13/2017,10/14/2017,First Class,MH-18025,Michelle Huthwaite,Consumer,United States,Lafayette,Louisiana,70506,South,OFF-LA-10000248,Office Supplies,Labels,Avery 52,11.07,3,0.0,5.2029
9222,CA-2017-103212,10/13/2017,10/14/2017,First Class,MH-18025,Michelle Huthwaite,Consumer,United States,Lafayette,Louisiana,70506,South,FUR-TA-10003473,Furniture,Tables,Bretford Rectangular Conference Table Tops,1504.52,4,0.0,346.0396
9223,CA-2017-103212,10/13/2017,10/14/2017,First Class,MH-18025,Michelle Huthwaite,Consumer,United States,Lafayette,Louisiana,70506,South,OFF-PA-10004355,Office Supplies,Paper,Xerox 231,25.92,4,0.0,12.4416
9240,CA-2017-110310,10/27/2017,11/2/2017,Standard Class,NB-18655,Nona Balk,Corporate,United States,Tallahassee,Florida,32303,South,OFF-PA-10001685,Office Supplies,Paper,Easy-staple paper,56.784,7,0.2,20.5842
9241,CA-2017-110310,10/27/2017,11/2/2017,Standard Class,NB-18655,Nona Balk,Corporate,United States,Tallahassee,Florida,32303,South,OFF-BI-10001097,Office Supplies,Binders,Avery Hole Reinforcements,5.607,3,0.7,-3.9249
9242,CA-2017-110310,10/27/2017,11/2/2017,Standard Class,NB-18655,Nona Balk,Corporate,United States,Tallahassee,Florida,32303,South,OFF-AR-10001662,Office Supplies,Art,Rogers Handheld Barrel Pencil Sharpener,6.576,3,0.2,0.5754
9253,CA-2017-102309,9/23/2017,9/25/2017,Second Class,DO-13645,Doug O'Connell,Consumer,United States,Pine Bluff,Arkansas,71603,South,TEC-AC-10001114,Technology,Accessories,Microsoft Wireless Mobile Mouse 4000,199.95,5,0.0,63.984
9254,CA-2017-102309,9/23/2017,9/25/2017,Second Class,DO-13645,Doug O'Connell,Consumer,United States,Pine Bluff,Arkansas,71603,South,OFF-PA-10002005,Office Supplies,Paper,Xerox 225,12.96,2,0.0,6.2208
9265,US-2017-128118,11/24/2017,12/1/2017,Standard Class,MY-17380,Maribeth Yedwab,Corporate,United States,Memphis,Tennessee,38109,South,OFF-BI-10000216,Office Supplies,Binders,"Mead 1st Gear 2"" Zipper Binder, Asst. Colors",11.673,3,0.7,-7.782
9266,US-2017-128118,11/24/2017,12/1/2017,Standard Class,MY-17380,Maribeth Yedwab,Corporate,United States,Memphis,Tennessee,38109,South,OFF-EN-10003448,Office Supplies,Envelopes,"Peel & Seel Recycled Catalog Envelopes, Brown",64.848,7,0.2,24.318
9274,CA-2017-146983,9/2/2017,9/6/2017,Standard Class,AH-10210,Alan Hwang,Consumer,United States,Henderson,Kentucky,42420,South,OFF-BI-10003650,Office Supplies,Binders,GBC DocuBind 300 Electric Binding Machine,1577.94,3,0.0,757.4112
9276,CA-2016-113236,5/26/2016,5/29/2016,Second Class,CP-12085,Cathy Prescott,Corporate,United States,Delray Beach,Florida,33445,South,OFF-ST-10000532,Office Supplies,Storage,Advantus Rolling Drawer Organizers,184.704,6,0.2,13.8528
9277,CA-2016-113236,5/26/2016,5/29/2016,Second Class,CP-12085,Cathy Prescott,Corporate,United States,Delray Beach,Florida,33445,South,TEC-AC-10001267,Technology,Accessories,Imation 32GB Pocket Pro USB 3.0 Flash Drive - 32 GB - Black - 1 P ...,47.92,2,0.2,11.98
9282,US-2017-152898,9/11/2017,9/15/2017,Standard Class,CB-12025,Cassandra Brandow,Consumer,United States,Richmond,Virginia,23223,South,OFF-AP-10000027,Office Supplies,Appliances,Hoover Commercial SteamVac,67.9,5,0.0,20.37
9283,CA-2016-160486,12/30/2016,1/4/2017,Standard Class,EH-14185,Evan Henry,Consumer,United States,West Palm Beach,Florida,33407,South,OFF-PA-10002421,Office Supplies,Paper,Embossed Ink Jet Note Cards,72.224,4,0.2,25.2784
9286,CA-2015-102778,11/21/2015,11/24/2015,First Class,JH-15820,John Huston,Consumer,United States,Monroe,North Carolina,28110,South,FUR-FU-10000087,Furniture,Furnishings,"Executive Impressions 14"" Two-Color Numerals Wall Clock",18.176,1,0.2,4.7712
9333,CA-2017-127726,9/11/2017,9/13/2017,Second Class,SS-20410,Shahid Shariari,Consumer,United States,Georgetown,Kentucky,40324,South,OFF-AP-10002578,Office Supplies,Appliances,"Fellowes Premier Superior Surge Suppressor, 10-Outlet, With Phone and Remote",195.68,4,0.0,50.8768
9334,CA-2017-127726,9/11/2017,9/13/2017,Second Class,SS-20410,Shahid Shariari,Consumer,United States,Georgetown,Kentucky,40324,South,OFF-FA-10000992,Office Supplies,Fasteners,"Acco Clips to Go Binder Clips, 24 Clips in Two Sizes",14.2,4,0.0,6.674
9335,CA-2017-110198,5/1/2017,5/2/2017,First Class,AG-10900,Arthur Gainer,Consumer,United States,Coral Springs,Florida,33065,South,FUR-BO-10001798,Furniture,Bookcases,Bush Somerset Collection Bookcase,314.352,3,0.2,-15.7176
9336,CA-2017-110198,5/1/2017,5/2/2017,First Class,AG-10900,Arthur Gainer,Consumer,United States,Coral Springs,Florida,33065,South,OFF-LA-10004409,Office Supplies,Labels,Avery 492,4.608,2,0.2,1.4976
9380,CA-2014-154158,12/23/2014,12/27/2014,Second Class,CC-12670,Craig Carreira,Consumer,United States,Tampa,Florida,33614,South,OFF-PA-10001295,Office Supplies,Paper,Computer Printout Paper with Letter-Trim Perforations,45.528,3,0.2,15.9348
9381,CA-2014-154158,12/23/2014,12/27/2014,Second Class,CC-12670,Craig Carreira,Consumer,United States,Tampa,Florida,33614,South,FUR-CH-10004698,Furniture,Chairs,"Padded Folding Chairs, Black, 4/Carton",64.784,1,0.2,6.4784
9382,CA-2014-154158,12/23/2014,12/27/2014,Second Class,CC-12670,Craig Carreira,Consumer,United States,Tampa,Florida,33614,South,OFF-ST-10000078,Office Supplies,Storage,Tennsco 6- and 18-Compartment Lockers,424.272,2,0.2,-10.6068
9383,CA-2014-154158,12/23/2014,12/27/2014,Second Class,CC-12670,Craig Carreira,Consumer,United States,Tampa,Florida,33614,South,OFF-AR-10001868,Office Supplies,Art,Prang Dustless Chalk Sticks,1.344,1,0.2,0.504
9384,CA-2014-154158,12/23/2014,12/27/2014,Second Class,CC-12670,Craig Carreira,Consumer,United States,Tampa,Florida,33614,South,OFF-ST-10004950,Office Supplies,Storage,Acco Perma 3000 Stacking Storage Drawers,83.92,5,0.2,-1.049
9401,CA-2015-167696,9/16/2015,9/21/2015,Standard Class,BD-11500,Bradley Drucker,Consumer,United States,Newport News,Virginia,23602,South,OFF-EN-10001539,Office Supplies,Envelopes,Staple envelope,31.12,4,0.0,14.6264
9418,CA-2014-148285,10/27/2014,11/1/2014,Standard Class,RD-19810,Ross DeVincentis,Home Office,United States,Fayetteville,North Carolina,28314,South,OFF-PA-10001166,Office Supplies,Paper,Xerox 2,10.368,2,0.2,3.6288
9419,CA-2014-148285,10/27/2014,11/1/2014,Standard Class,RD-19810,Ross DeVincentis,Home Office,United States,Fayetteville,North Carolina,28314,South,OFF-PA-10000349,Office Supplies,Paper,Easy-staple paper,11.952,3,0.2,4.0338
9443,CA-2017-165904,4/7/2017,4/11/2017,Standard Class,HR-14770,Hallie Redmond,Home Office,United States,Jacksonville,Florida,32216,South,OFF-AR-10003156,Office Supplies,Art,50 Colored Long Pencils,16.256,2,0.2,1.2192
9444,CA-2017-165904,4/7/2017,4/11/2017,Standard Class,HR-14770,Hallie Redmond,Home Office,United States,Jacksonville,Florida,32216,South,TEC-PH-10000576,Technology,Phones,AT&T 1080 Corded phone,219.184,2,0.2,19.1786
9456,CA-2016-140977,6/16/2016,6/19/2016,Second Class,JL-15175,James Lanier,Home Office,United States,Chattanooga,Tennessee,37421,South,TEC-MA-10003493,Technology,Machines,Penpower WorldCard Pro Card Scanner,91.475,1,0.5,-1.8295
9457,CA-2017-151855,5/27/2017,6/3/2017,Standard Class,BW-11110,Bart Watters,Corporate,United States,Greensboro,North Carolina,27405,South,TEC-AC-10002380,Technology,Accessories,Sony 8GB Class 10 Micro SDHC R40 Memory Card,27.192,3,0.2,0.3399
9458,CA-2017-151855,5/27/2017,6/3/2017,Standard Class,BW-11110,Bart Watters,Corporate,United States,Greensboro,North Carolina,27405,South,OFF-BI-10004209,Office Supplies,Binders,"Fellowes Twister Kit, Gray/Clear, 3/pkg",12.06,5,0.7,-10.05
9463,US-2017-109610,11/25/2017,11/30/2017,Second Class,BS-11590,Brendan Sweed,Corporate,United States,Louisville,Kentucky,40214,South,FUR-CH-10001854,Furniture,Chairs,Office Star - Professional Matrix Back Chair with 2-to-1 Synchro Tilt and Mesh Fabric Seat,701.96,2,0.0,168.4704
9490,US-2016-102232,8/5/2016,8/11/2016,Standard Class,MF-17665,Maureen Fritzler,Corporate,United States,Huntsville,Alabama,35810,South,OFF-AR-10000538,Office Supplies,Art,"Boston Model 1800 Electric Pencil Sharpener, Gray",197.05,7,0.0,59.115
9515,CA-2014-100293,3/14/2014,3/18/2014,Standard Class,NF-18475,Neil Französisch,Home Office,United States,Jacksonville,Florida,32216,South,OFF-PA-10000176,Office Supplies,Paper,Xerox 1887,91.056,6,0.2,31.8696
9553,CA-2015-163923,5/30/2015,6/3/2015,Standard Class,BD-11560,Brendan Dodson,Home Office,United States,Springfield,Virginia,22153,South,TEC-AC-10000358,Technology,Accessories,Imation Secure Drive + Hardware Encrypted USB flash drive - 16 GB,151.96,4,0.0,36.4704
9566,CA-2014-130428,3/31/2014,3/31/2014,Same Day,TG-21640,Trudy Glocke,Consumer,United States,Tampa,Florida,33614,South,FUR-CH-10002965,Furniture,Chairs,"Global Leather Highback Executive Chair with Pneumatic Height Adjustment, Black",1125.488,7,0.2,98.4802
9567,CA-2014-130428,3/31/2014,3/31/2014,Same Day,TG-21640,Trudy Glocke,Consumer,United States,Tampa,Florida,33614,South,OFF-BI-10001636,Office Supplies,Binders,Ibico Plastic and Wire Spiral Binding Combs,12.645,5,0.7,-10.116
9568,CA-2014-130428,3/31/2014,3/31/2014,Same Day,TG-21640,Trudy Glocke,Consumer,United States,Tampa,Florida,33614,South,OFF-AR-10004027,Office Supplies,Art,"Binney & Smith inkTank Erasable Desk Highlighter, Chisel Tip, Yellow, 12/Box",4.032,2,0.2,1.0584
9586,CA-2016-160598,8/26/2016,8/28/2016,First Class,SV-20815,Stuart Van,Corporate,United States,Miami,Florida,33142,South,OFF-PA-10002319,Office Supplies,Paper,Xerox 1944,31.008,1,0.2,11.2404
9602,CA-2016-117604,9/4/2016,9/9/2016,Standard Class,JP-15520,Jeremy Pistek,Consumer,United States,Jonesboro,Arkansas,72401,South,OFF-PA-10001357,Office Supplies,Paper,Xerox 1886,239.5,5,0.0,114.96
9603,CA-2014-130155,5/19/2014,5/22/2014,First Class,TD-20995,Tamara Dahlen,Consumer,United States,Virginia Beach,Virginia,23464,South,OFF-SU-10004737,Office Supplies,Supplies,Acme Design Stainless Steel Bent Scissors,34.2,5,0.0,9.234
9605,CA-2015-138625,11/2/2015,11/5/2015,First Class,EG-13900,Emily Grady,Consumer,United States,Chesapeake,Virginia,23320,South,OFF-AP-10003099,Office Supplies,Appliances,"Eureka Hand Vacuum, Bagless",197.72,4,0.0,55.3616
9612,CA-2017-144365,10/24/2017,10/30/2017,Standard Class,CS-11950,Carlos Soltero,Consumer,United States,Jackson,Mississippi,39212,South,OFF-FA-10000735,Office Supplies,Fasteners,Staples,11.68,4,0.0,5.256
9640,CA-2015-116638,1/28/2015,1/31/2015,Second Class,JH-15985,Joseph Holt,Consumer,United States,Concord,North Carolina,28027,South,FUR-TA-10000198,Furniture,Tables,Chromcraft Bull-Nose Wood Oval Conference Tables & Bases,4297.644,13,0.4,-1862.3124
9670,CA-2017-145275,4/2/2017,4/6/2017,Standard Class,AH-10465,Amy Hunt,Consumer,United States,Decatur,Alabama,35601,South,OFF-LA-10001569,Office Supplies,Labels,Avery 499,14.94,3,0.0,6.8724
9671,CA-2015-133396,8/13/2015,8/15/2015,First Class,GK-14620,Grace Kelly,Corporate,United States,Greensboro,North Carolina,27405,South,OFF-AR-10001446,Office Supplies,Art,Newell 309,64.68,7,0.2,8.085
9689,US-2017-135986,6/20/2017,6/27/2017,Standard Class,PG-18895,Paul Gonzalez,Consumer,United States,Richmond,Virginia,23223,South,OFF-PA-10001534,Office Supplies,Paper,Xerox 230,32.4,5,0.0,15.552
9690,US-2017-135986,6/20/2017,6/27/2017,Standard Class,PG-18895,Paul Gonzalez,Consumer,United States,Richmond,Virginia,23223,South,TEC-PH-10003691,Technology,Phones,BlackBerry Q10,503.96,4,0.0,125.99
9733,CA-2014-114321,8/20/2014,8/25/2014,Standard Class,NC-18535,Nick Crebassa,Corporate,United States,Hampton,Virginia,23666,South,FUR-CH-10001797,Furniture,Chairs,"Safco Chair Connectors, 6/Carton",500.24,13,0.0,145.0696
9734,CA-2014-114321,8/20/2014,8/25/2014,Standard Class,NC-18535,Nick Crebassa,Corporate,United States,Hampton,Virginia,23666,South,OFF-PA-10000246,Office Supplies,Paper,Riverleaf Stik-Withit Designer Note Cubes,20.12,2,0.0,9.2552
9735,CA-2014-114321,8/20/2014,8/25/2014,Standard Class,NC-18535,Nick Crebassa,Corporate,United States,Hampton,Virginia,23666,South,OFF-BI-10001359,Office Supplies,Binders,GBC DocuBind TL300 Electric Binding System,896.99,1,0.0,421.5853
9754,CA-2017-113705,3/27/2017,3/29/2017,Second Class,LC-16870,Lena Cacioppo,Consumer,United States,Richmond,Virginia,23223,South,OFF-LA-10000476,Office Supplies,Labels,"Avery 05222 Permanent Self-Adhesive File Folder Labels for Typewriters, on Rolls, White, 250/Roll",8.26,2,0.0,3.7996
9755,CA-2017-113705,3/27/2017,3/29/2017,Second Class,LC-16870,Lena Cacioppo,Consumer,United States,Richmond,Virginia,23223,South,OFF-BI-10001679,Office Supplies,Binders,GBC Instant Index System for Binding Systems,17.76,2,0.0,8.88
9756,CA-2017-113705,3/27/2017,3/29/2017,Second Class,LC-16870,Lena Cacioppo,Consumer,United States,Richmond,Virginia,23223,South,OFF-ST-10001128,Office Supplies,Storage,"Carina Mini System Audio Rack, Model AR050B",332.94,3,0.0,9.9882
9757,CA-2017-113705,3/27/2017,3/29/2017,Second Class,LC-16870,Lena Cacioppo,Consumer,United States,Richmond,Virginia,23223,South,FUR-TA-10002533,Furniture,Tables,BPI Conference Tables,292.1,2,0.0,58.42
9758,CA-2017-113705,3/27/2017,3/29/2017,Second Class,LC-16870,Lena Cacioppo,Consumer,United States,Richmond,Virginia,23223,South,TEC-PH-10004006,Technology,Phones,Panasonic KX - TS880B Telephone,206.1,5,0.0,55.647
9759,CA-2017-113705,3/27/2017,3/29/2017,Second Class,LC-16870,Lena Cacioppo,Consumer,United States,Richmond,Virginia,23223,South,OFF-PA-10002615,Office Supplies,Paper,"Ampad Gold Fibre Wirebound Steno Books, 6"" x 9"", Gregg Ruled",17.64,4,0.0,8.1144
9761,CA-2017-159135,11/4/2017,11/8/2017,Standard Class,KM-16375,Katherine Murray,Home Office,United States,Springdale,Arkansas,72762,South,OFF-AR-10000657,Office Supplies,Art,"Binney & Smith inkTank Desk Highlighter, Chisel Tip, Yellow, 12/Box",4.3,2,0.0,1.419
9770,CA-2016-123533,11/24/2016,11/30/2016,Standard Class,SC-20050,Sample Company A,Home Office,United States,Hialeah,Florida,33012,South,FUR-BO-10001619,Furniture,Bookcases,O'Sullivan Cherrywood Estates Traditional Bookcase,339.92,5,0.2,8.498
9771,CA-2016-123533,11/24/2016,11/30/2016,Standard Class,SC-20050,Sample Company A,Home Office,United States,Hialeah,Florida,33012,South,OFF-PA-10001609,Office Supplies,Paper,Tops Wirebound Message Log Books,10.528,4,0.2,3.4216
9772,CA-2016-123533,11/24/2016,11/30/2016,Standard Class,SC-20050,Sample Company A,Home Office,United States,Hialeah,Florida,33012,South,OFF-AP-10002765,Office Supplies,Appliances,Fellowes Advanced Computer Series Surge Protectors,42.384,2,0.2,4.2384
9774,CA-2016-160234,6/26/2016,7/3/2016,Standard Class,PF-19225,Phillip Flathmann,Consumer,United States,Atlanta,Georgia,30318,South,TEC-PH-10004434,Technology,Phones,Cisco IP Phone 7961G VoIP phone - Dark gray,135.95,1,0.0,39.4255
9786,CA-2015-155635,5/9/2015,5/13/2015,Standard Class,ME-17725,Max Engle,Consumer,United States,Louisville,Kentucky,40214,South,OFF-BI-10000962,Office Supplies,Binders,"Acco Flexible ACCOHIDE Square Ring Data Binder, Dark Blue, 11 1/2"" X 14"" 7/8""",48.81,3,0.0,23.9169
9787,US-2014-114377,11/5/2014,11/5/2014,Same Day,BG-11035,Barry Gonzalez,Consumer,United States,Hampton,Virginia,23666,South,FUR-CH-10004754,Furniture,Chairs,"Global Stack Chair with Arms, Black",149.9,5,0.0,40.473
9806,CA-2016-136322,10/21/2016,10/26/2016,Standard Class,AP-10720,Anne Pryor,Home Office,United States,Fort Lauderdale,Florida,33311,South,FUR-FU-10002878,Furniture,Furnishings,"Seth Thomas 14"" Day/Date Wall Clock",45.568,2,0.2,9.6832
9807,CA-2016-136322,10/21/2016,10/26/2016,Standard Class,AP-10720,Anne Pryor,Home Office,United States,Fort Lauderdale,Florida,33311,South,OFF-BI-10004817,Office Supplies,Binders,GBC Personal VeloBind Strips,28.752,8,0.7,-21.0848
9808,CA-2017-107209,7/27/2017,8/1/2017,Second Class,JW-15955,Joni Wasserman,Consumer,United States,Raleigh,North Carolina,27604,South,FUR-CH-10001146,Furniture,Chairs,"Global Value Mid-Back Manager's Chair, Gray",194.848,4,0.2,12.178
9816,CA-2015-162201,6/8/2015,6/12/2015,Standard Class,AG-10495,Andrew Gjertsen,Corporate,United States,Saint Petersburg,Florida,33710,South,OFF-PA-10002581,Office Supplies,Paper,Xerox 1951,173.488,7,0.2,54.215
9817,CA-2015-162201,6/8/2015,6/12/2015,Standard Class,AG-10495,Andrew Gjertsen,Corporate,United States,Saint Petersburg,Florida,33710,South,OFF-ST-10000046,Office Supplies,Storage,Fellowes Super Stor/Drawer Files,516.96,4,0.2,-6.462
9818,CA-2015-162201,6/8/2015,6/12/2015,Standard Class,AG-10495,Andrew Gjertsen,Corporate,United States,Saint Petersburg,Florida,33710,South,FUR-FU-10001185,Furniture,Furnishings,"Advantus Employee of the Month Certificate Frame, 11 x 13-1/2",173.208,7,0.2,45.4671
9819,CA-2015-162201,6/8/2015,6/12/2015,Standard Class,AG-10495,Andrew Gjertsen,Corporate,United States,Saint Petersburg,Florida,33710,South,OFF-AR-10003856,Office Supplies,Art,Newell 344,4.448,2,0.2,0.3336
9820,CA-2015-162201,6/8/2015,6/12/2015,Standard Class,AG-10495,Andrew Gjertsen,Corporate,United States,Saint Petersburg,Florida,33710,South,OFF-LA-10001982,Office Supplies,Labels,Smead Alpha-Z Color-Coded Name Labels First Letter Starter Set,9.0,3,0.2,3.15
9821,CA-2015-162201,6/8/2015,6/12/2015,Standard Class,AG-10495,Andrew Gjertsen,Corporate,United States,Saint Petersburg,Florida,33710,South,OFF-PA-10001215,Office Supplies,Paper,Xerox 1963,42.24,10,0.2,13.2
9822,CA-2015-162201,6/8/2015,6/12/2015,Standard Class,AG-10495,Andrew Gjertsen,Corporate,United States,Saint Petersburg,Florida,33710,South,OFF-BI-10002429,Office Supplies,Binders,"Premier Elliptical Ring Binder, Black",18.264,2,0.7,-13.3936
9830,US-2017-152842,7/16/2017,7/23/2017,Standard Class,NF-18385,Natalie Fritzler,Consumer,United States,Charlotte,North Carolina,28205,South,FUR-CH-10004218,Furniture,Chairs,"Global Fabric Manager's Chair, Dark Gray",242.352,3,0.2,15.147
9857,CA-2014-120950,11/6/2014,11/11/2014,Standard Class,GA-14515,George Ashbrook,Consumer,United States,Columbus,Georgia,31907,South,OFF-PA-10000587,Office Supplies,Paper,"Array Parchment Paper, Assorted Colors",43.68,6,0.0,20.9664
9882,CA-2014-153927,8/12/2014,8/13/2014,First Class,LL-16840,Lauren Leatherbury,Consumer,United States,Woodstock,Georgia,30188,South,OFF-BI-10000138,Office Supplies,Binders,Acco Translucent Poly Ring Binders,14.04,3,0.0,6.7392
9883,CA-2014-153927,8/12/2014,8/13/2014,First Class,LL-16840,Lauren Leatherbury,Consumer,United States,Woodstock,Georgia,30188,South,TEC-AC-10000023,Technology,Accessories,"Maxell 74 Minute CD-R Spindle, 50/Pack",272.61,13,0.0,98.1396
9912,US-2014-157231,4/5/2014,4/9/2014,Standard Class,RP-19855,Roy Phan,Corporate,United States,Richmond,Kentucky,40475,South,OFF-BI-10002852,Office Supplies,Binders,Ibico Standard Transparent Covers,115.36,7,0.0,56.5264
9961,CA-2017-141446,9/16/2017,9/18/2017,Second Class,CL-12700,Craig Leslie,Home Office,United States,Florence,Kentucky,41042,South,TEC-AC-10002305,Technology,Accessories,KeyTronic E03601U1 - Keyboard - Beige,18.0,1,0.0,3.24
9971,CA-2015-103772,6/28/2015,7/2/2015,Standard Class,MP-17470,Mark Packer,Home Office,United States,Smyrna,Georgia,30080,South,OFF-BI-10002867,Office Supplies,Binders,GBC Recycled Regency Composition Covers,119.56,2,0.0,54.9976
9972,CA-2015-103772,6/28/2015,7/2/2015,Standard Class,MP-17470,Mark Packer,Home Office,United States,Smyrna,Georgia,30080,South,OFF-AR-10000538,Office Supplies,Art,"Boston Model 1800 Electric Pencil Sharpener, Gray",140.75,5,0.0,42.225
9981,US-2015-151435,9/6/2015,9/9/2015,Second Class,SW-20455,Shaun Weien,Consumer,United States,Lafayette,Louisiana,70506,South,FUR-TA-10001039,Furniture,Tables,KI Adjustable-Height Table,85.98,1,0.0,22.3548
9988,CA-2017-163629,11/17/2017,11/21/2017,Standard Class,RA-19885,Ruben Ausman,Corporate,United States,Athens,Georgia,30605,South,TEC-AC-10001539,Technology,Accessories,Logitech G430 Surround Sound Gaming Headset with Dolby 7.1 Technology,79.99,1,0.0,28.7964
9989,CA-2017-163629,11/17/2017,11/21/2017,Standard Class,RA-19885,Ruben Ausman,Corporate,United States,Athens,Georgia,30605,South,TEC-PH-10004006,Technology,Phones,Panasonic KX - TS880B Telephone,206.1,5,0.0,55.647
9990,CA-2014-110422,1/21/2014,1/23/2014,Second Class,TB-21400,Tom Boeckenhauer,Consumer,United States,Miami,Florida,33180,South,FUR-FU-10001889,Furniture,Furnishings,Ultra Door Pull Handle,25.248,3,0.2,4.1028
