Row ID,Order ID,Order Date,Ship Date,Ship Mode,Customer ID,Customer Name,Segment,Country,City,State,Postal Code,Region,Product ID,Category,Sub-Category,Product Name,Sales,Quantity,Discount,Profit
24,US-2017-156909,7/16/2017,7/18/2017,Second Class,SF-20065,Sandra Flanagan,Consumer,United States,Philadelphia,Pennsylvania,19140,East,FUR-CH-10002774,Furniture,Chairs,"Global Deluxe Stacking Chair, Gray",71.372,2,0.3,-1.0196
28,US-2015-150630,9/17/2015,9/21/2015,Standard Class,TB-21520,Tracy Blumstein,Consumer,United States,Philadelphia,Pennsylvania,19140,East,FUR-BO-10004834,Furniture,Bookcases,"Riverside Palais Royal Lawyers Bookcase, Royale Cherry Finish",3083.43,7,0.5,-1665.0522
29,US-2015-150630,9/17/2015,9/21/2015,Standard Class,TB-21520,Tracy Blumstein,Consumer,United States,Philadelphia,Pennsylvania,19140,East,OFF-BI-10000474,Office Supplies,Binders,Avery Recycled Flexi-View Covers for Binding Systems,9.618,2,0.7,-7.0532
30,US-2015-150630,9/17/2015,9/21/2015,Standard Class,TB-21520,Tracy Blumstein,Consumer,United States,Philadelphia,Pennsylvania,19140,East,FUR-FU-10004848,Furniture,Furnishings,"Howard Miller 13-3/4"" Diameter Brushed Chrome Round Wall Clock",124.2,3,0.2,15.525
31,US-2015-150630,9/17/2015,9/21/2015,Standard Class,TB-21520,Tracy Blumstein,Consumer,United States,Philadelphia,Pennsylvania,19140,East,OFF-EN-10001509,Office Supplies,Envelopes,Poly String Tie Envelopes,3.264,2,0.2,1.1016
32,US-2015-150630,9/17/2015,9/21/2015,Standard Class,TB-21520,Tracy Blumstein,Consumer,United States,Philadelphia,Pennsylvania,19140,East,OFF-AR-10004042,Office Supplies,Art,"BOSTON Model 1800 Electric Pencil Sharpeners, Putty/Woodgrain",86.304,6,0.2,9.7092
33,US-2015-150630,9/17/2015,9/21/2015,Standard Class,TB-21520,Tracy Blumstein,Consumer,United States,Philadelphia,Pennsylvania,19140,East,OFF-BI-10001525,Office Supplies,Binders,"Acco Pressboard Covers with Storage Hooks, 14 7/8"" x 11"", Executive Red",6.858,6,0.7,-5.715
34,US-2015-150630,9/17/2015,9/21/2015,Standard Class,TB-21520,Tracy Blumstein,Consumer,United States,Philadelphia,Pennsylvania,19140,East,OFF-AR-10001683,Office Supplies,Art,Lumber Crayons,15.76,2,0.2,3.546
48,CA-2016-169194,6/20/2016,6/25/2016,Standard Class,LH-16900,Lena Hernandez,Consumer,United States,Dover,Delaware,19901,East,TEC-AC-10002167,Technology,Accessories,Imation 8gb Micro Traveldrive Usb 2.0 Flash Drive,45.0,3,0.0,4.95
49,CA-2016-169194,6/20/2016,6/25/2016,Standard Class,LH-16900,Lena Hernandez,Consumer,United States,Dover,Delaware,19901,East,TEC-PH-10003988,Technology,Phones,"LF Elite 3D Dazzle Designer Hard Case Cover, Lf Stylus Pen and Wiper For Apple Iphone 5c Mini Lite",21.8,2,0.0,6.104
54,CA-2016-105816,12/11/2016,12/17/2016,Standard Class,JM-15265,Janet Molinari,Corporate,United States,New York City,New York,10024,East,OFF-FA-10000304,Office Supplies,Fasteners,Advantus Push Pins,15.26,7,0.0,6.2566
55,CA-2016-105816,12/11/2016,12/17/2016,Standard Class,JM-15265,Janet Molinari,Corporate,United States,New York City,New York,10024,East,TEC-PH-10002447,Technology,Phones,AT&T CL83451 4-Handset Telephone,1029.95,5,0.0,298.6855
56,CA-2016-111682,6/17/2016,6/18/2016,First Class,TB-21055,Ted Butterfield,Consumer,United States,Troy,New York,12180,East,OFF-ST-10000604,Office Supplies,Storage,Home/Office Personal File Carts,208.56,6,0.0,52.14
57,CA-2016-111682,6/17/2016,6/18/2016,First Class,TB-21055,Ted Butterfield,Consumer,United States,Troy,New York,12180,East,OFF-PA-10001569,Office Supplies,Paper,Xerox 232,32.4,5,0.0,15.552
58,CA-2016-111682,6/17/2016,6/18/2016,First Class,TB-21055,Ted Butterfield,Consumer,United States,Troy,New York,12180,East,FUR-CH-10003968,Furniture,Chairs,Novimex Turbo Task Chair,319.41,5,0.1,7.098
59,CA-2016-111682,6/17/2016,6/18/2016,First Class,TB-21055,Ted Butterfield,Consumer,United States,Troy,New York,12180,East,OFF-PA-10000587,Office Supplies,Paper,"Array Parchment Paper, Assorted Colors",14.56,2,0.0,6.9888
60,CA-2016-111682,6/17/2016,6/18/2016,First Class,TB-21055,Ted Butterfield,Consumer,United States,Troy,New York,12180,East,TEC-AC-10002167,Technology,Accessories,Imation 8gb Micro Traveldrive Usb 2.0 Flash Drive,30.0,2,0.0,3.3
61,CA-2016-111682,6/17/2016,6/18/2016,First Class,TB-21055,Ted Butterfield,Consumer,United States,Troy,New York,12180,East,OFF-BI-10001460,Office Supplies,Binders,Plastic Binding Combs,48.48,4,0.2,16.362
62,CA-2016-111682,6/17/2016,6/18/2016,First Class,TB-21055,Ted Butterfield,Consumer,United States,Troy,New York,12180,East,OFF-AR-10001868,Office Supplies,Art,Prang Dustless Chalk Sticks,1.68,1,0.0,0.84
71,CA-2016-106075,9/18/2016,9/23/2016,Standard Class,HM-14980,Henry MacAllister,Consumer,United States,New York City,New York,10009,East,OFF-BI-10004654,Office Supplies,Binders,Avery Binding System Hidden Tab Executive Style Index Sets,4.616,1,0.2,1.731
97,CA-2017-161018,11/9/2017,11/11/2017,Second Class,PN-18775,Parhena Norris,Home Office,United States,New York City,New York,10009,East,FUR-FU-10000629,Furniture,Furnishings,9-3/4 Diameter Round Wall Clock,96.53,7,0.0,40.5426
111,CA-2017-146780,12/25/2017,12/30/2017,Standard Class,CV-12805,Cynthia Voltz,Corporate,United States,New York City,New York,10035,East,FUR-FU-10001934,Furniture,Furnishings,Magnifier Swing Arm Lamp,41.96,2,0.0,10.9096
114,CA-2014-115259,8/25/2014,8/27/2014,Second Class,RC-19960,Ryan Crowe,Consumer,United States,Columbus,Ohio,43229,East,OFF-FA-10000621,Office Supplies,Fasteners,"OIC Colored Binder Clips, Assorted Sizes",40.096,14,0.2,14.5348
115,CA-2014-115259,8/25/2014,8/27/2014,Second Class,RC-19960,Ryan Crowe,Consumer,United States,Columbus,Ohio,43229,East,OFF-EN-10002600,Office Supplies,Envelopes,"Redi-Strip #10 Envelopes, 4 1/8 x 9 1/2",4.72,2,0.2,1.652
116,CA-2014-115259,8/25/2014,8/27/2014,Second Class,RC-19960,Ryan Crowe,Consumer,United States,Columbus,Ohio,43229,East,OFF-PA-10004965,Office Supplies,Paper,Xerox 1921,23.976,3,0.2,7.4925
117,CA-2014-115259,8/25/2014,8/27/2014,Second Class,RC-19960,Ryan Crowe,Consumer,United States,Columbus,Ohio,43229,East,OFF-EN-10002504,Office Supplies,Envelopes,"Tyvek  Top-Opening Peel & Seel Envelopes, Plain White",130.464,6,0.2,44.0316
120,CA-2016-103730,6/12/2016,6/15/2016,First Class,SC-20725,Steven Cartwright,Consumer,United States,Wilmington,Delaware,19805,East,FUR-FU-10002157,Furniture,Furnishings,Artistic Insta-Plaque,47.04,3,0.0,18.3456
121,CA-2016-103730,6/12/2016,6/15/2016,First Class,SC-20725,Steven Cartwright,Consumer,United States,Wilmington,Delaware,19805,East,OFF-BI-10003910,Office Supplies,Binders,DXL Angle-View Binders with Locking Rings by Samsill,30.84,4,0.0,13.878
122,CA-2016-103730,6/12/2016,6/15/2016,First Class,SC-20725,Steven Cartwright,Consumer,United States,Wilmington,Delaware,19805,East,OFF-ST-10000777,Office Supplies,Storage,"Companion Letter/Legal File, Black",226.56,6,0.0,63.4368
123,CA-2016-103730,6/12/2016,6/15/2016,First Class,SC-20725,Steven Cartwright,Consumer,United States,Wilmington,Delaware,19805,East,OFF-EN-10002500,Office Supplies,Envelopes,Globe Weis Peel & Seel First Class Envelopes,115.02,9,0.0,51.759
124,CA-2016-103730,6/12/2016,6/15/2016,First Class,SC-20725,Steven Cartwright,Consumer,United States,Wilmington,Delaware,19805,East,TEC-PH-10003875,Technology,Phones,KLD Oscar II Style Snap-on Ultra Thin Side Flip Synthetic Leather Cover Case for HTC One HTC M7,68.04,7,0.0,19.7316
131,US-2017-164147,2/2/2017,2/5/2017,First Class,DW-13585,Dorothy Wardle,Corporate,United States,Columbus,Ohio,43229,East,TEC-PH-10002293,Technology,Phones,Anker 36W 4-Port USB Wall Charger Travel Power Adapter for iPhone 5s 5c 5,59.97,5,0.4,-11.994
132,US-2017-164147,2/2/2017,2/5/2017,First Class,DW-13585,Dorothy Wardle,Corporate,United States,Columbus,Ohio,43229,East,OFF-PA-10002377,Office Supplies,Paper,Xerox 1916,78.304,2,0.2,29.364
133,US-2017-164147,2/2/2017,2/5/2017,First Class,DW-13585,Dorothy Wardle,Corporate,United States,Columbus,Ohio,43229,East,OFF-FA-10002780,Office Supplies,Fasteners,Staples,21.456,9,0.2,6.9732
141,CA-2016-110366,9/5/2016,9/7/2016,Second Class,JD-15895,Jonathan Doherty,Corporate,United States,Philadelphia,Pennsylvania,19140,East,FUR-FU-10004848,Furniture,Furnishings,"Howard Miller 13-3/4"" Diameter Brushed Chrome Round Wall Clock",82.8,2,0.2,10.35
147,CA-2014-110072,10/22/2014,10/28/2014,Standard Class,MG-17680,Maureen Gastineau,Home Office,United States,Newark,Ohio,43055,East,FUR-FU-10000521,Furniture,Furnishings,"Seth Thomas 14"" Putty-Colored Wall Clock",93.888,4,0.2,12.9096
162,CA-2015-119697,12/28/2015,12/31/2015,Second Class,EM-13960,Eric Murdock,Consumer,United States,Philadelphia,Pennsylvania,19134,East,TEC-AC-10003657,Technology,Accessories,Lenovo 17-Key USB Numeric Keypad,54.384,2,0.2,1.3596
178,US-2015-101511,11/21/2015,11/23/2015,Second Class,JE-15745,Joel Eaton,Consumer,United States,Newark,Ohio,43055,East,FUR-CH-10004698,Furniture,Chairs,"Padded Folding Chairs, Black, 4/Carton",396.802,7,0.3,-11.3372
179,US-2015-101511,11/21/2015,11/23/2015,Second Class,JE-15745,Joel Eaton,Consumer,United States,Newark,Ohio,43055,East,OFF-SU-10002189,Office Supplies,Supplies,Acme Rosewood Handle Letter Opener,15.88,5,0.2,-3.7715
180,CA-2015-137225,12/15/2015,12/19/2015,Standard Class,JK-15640,Jim Kriz,Home Office,United States,New York City,New York,10009,East,OFF-AR-10001940,Office Supplies,Art,"Sanford Colorific Eraseable Coloring Pencils, 12 Count",3.28,1,0.0,1.4104
186,CA-2016-105018,11/28/2016,12/2/2016,Standard Class,SK-19990,Sally Knutson,Consumer,United States,Fairfield,Connecticut,6824,East,OFF-BI-10001890,Office Supplies,Binders,Avery Poly Binder Pockets,7.16,2,0.0,3.4368
190,CA-2015-102281,10/12/2015,10/14/2015,First Class,MP-17470,Mark Packer,Home Office,United States,New York City,New York,10035,East,FUR-BO-10002613,Furniture,Bookcases,"Atlantic Metals Mobile 4-Shelf Bookcases, Custom Colors",899.136,4,0.2,112.392
191,CA-2015-102281,10/12/2015,10/14/2015,First Class,MP-17470,Mark Packer,Home Office,United States,New York City,New York,10035,East,TEC-PH-10001552,Technology,Phones,I Need's 3d Hello Kitty Hybrid Silicone Case Cover for HTC One X 4g with 3d Hello Kitty Stylus Pen Green/pink,71.76,6,0.0,20.0928
192,CA-2015-102281,10/12/2015,10/14/2015,First Class,MP-17470,Mark Packer,Home Office,United States,New York City,New York,10035,East,OFF-PA-10000061,Office Supplies,Paper,Xerox 205,51.84,8,0.0,24.8832
193,CA-2015-102281,10/12/2015,10/14/2015,First Class,MP-17470,Mark Packer,Home Office,United States,New York City,New York,10035,East,FUR-BO-10002545,Furniture,Bookcases,"Atlantic Metals Mobile 3-Shelf Bookcases, Custom Colors",626.352,3,0.2,46.9764
194,CA-2015-102281,10/12/2015,10/14/2015,First Class,MP-17470,Mark Packer,Home Office,United States,New York City,New York,10035,East,OFF-AR-10003514,Office Supplies,Art,4009 Highlighters by Sanford,19.9,5,0.0,6.567
196,CA-2014-140004,3/21/2014,3/25/2014,Standard Class,CB-12025,Cassandra Brandow,Consumer,United States,Hamilton,Ohio,45011,East,OFF-AR-10004685,Office Supplies,Art,"Binney & Smith Crayola Metallic Colored Pencils, 8-Color Set",7.408,2,0.2,1.2038
197,CA-2014-140004,3/21/2014,3/25/2014,Standard Class,CB-12025,Cassandra Brandow,Consumer,United States,Hamilton,Ohio,45011,East,OFF-AR-10004027,Office Supplies,Art,"Binney & Smith inkTank Erasable Desk Highlighter, Chisel Tip, Yellow, 12/Box",6.048,3,0.2,1.5876
198,CA-2017-107720,11/6/2017,11/13/2017,Standard Class,VM-21685,Valerie Mitchum,Home Office,United States,Westfield,New Jersey,7090,East,OFF-ST-10001414,Office Supplies,Storage,Decoflex Hanging Personal Folder File,46.26,3,0.0,12.0276
199,US-2017-124303,7/6/2017,7/13/2017,Standard Class,FH-14365,Fred Hopkins,Corporate,United States,Philadelphia,Pennsylvania,19120,East,OFF-BI-10000343,Office Supplies,Binders,"Pressboard Covers with Storage Hooks, 9 1/2"" x 11"", Light Blue",2.946,2,0.7,-2.2586
200,US-2017-124303,7/6/2017,7/13/2017,Standard Class,FH-14365,Fred Hopkins,Corporate,United States,Philadelphia,Pennsylvania,19120,East,OFF-PA-10002749,Office Supplies,Paper,"Wirebound Message Books, 5-1/2 x 4 Forms, 2 or 4 Forms per Page",16.056,3,0.2,5.8203
201,CA-2017-105074,6/24/2017,6/29/2017,Standard Class,MB-17305,Maria Bertelson,Consumer,United States,Akron,Ohio,44312,East,OFF-PA-10002666,Office Supplies,Paper,Southworth 25% Cotton Linen-Finish Paper & Envelopes,21.744,3,0.2,6.795
213,CA-2015-146262,1/2/2015,1/9/2015,Standard Class,VW-21775,Victoria Wilson,Corporate,United States,Medina,Ohio,44256,East,OFF-LA-10004544,Office Supplies,Labels,Avery 505,23.68,2,0.2,8.88
214,CA-2015-146262,1/2/2015,1/9/2015,Standard Class,VW-21775,Victoria Wilson,Corporate,United States,Medina,Ohio,44256,East,FUR-BO-10004695,Furniture,Bookcases,O'Sullivan 2-Door Barrister Bookcase in Odessa Pine,452.45,5,0.5,-244.323
215,CA-2015-146262,1/2/2015,1/9/2015,Standard Class,VW-21775,Victoria Wilson,Corporate,United States,Medina,Ohio,44256,East,TEC-PH-10002844,Technology,Phones,Speck Products Candyshell Flip Case,62.982,3,0.4,-14.6958
216,CA-2015-146262,1/2/2015,1/9/2015,Standard Class,VW-21775,Victoria Wilson,Corporate,United States,Medina,Ohio,44256,East,TEC-MA-10000864,Technology,Machines,Cisco 9971 IP Video Phone Charcoal,1188.0,9,0.7,-950.4
217,CA-2015-146262,1/2/2015,1/9/2015,Standard Class,VW-21775,Victoria Wilson,Corporate,United States,Medina,Ohio,44256,East,TEC-AC-10000109,Technology,Accessories,Sony Micro Vault Click 16 GB USB 2.0 Flash Drive,89.584,2,0.2,4.4792
220,CA-2015-169397,12/24/2015,12/27/2015,First Class,JB-15925,Joni Blumstein,Consumer,United States,Dublin,Ohio,43017,East,OFF-FA-10000585,Office Supplies,Fasteners,OIC Bulk Pack Metal Binder Clips,5.584,2,0.2,1.8148
221,CA-2015-169397,12/24/2015,12/27/2015,First Class,JB-15925,Joni Blumstein,Consumer,United States,Dublin,Ohio,43017,East,OFF-PA-10004000,Office Supplies,Paper,"While You Were Out Pads, 50 per Pad, 4 x 5 1/4, Green Cycle",22.704,6,0.2,8.2302
222,CA-2015-169397,12/24/2015,12/27/2015,First Class,JB-15925,Joni Blumstein,Consumer,United States,Dublin,Ohio,43017,East,OFF-BI-10002852,Office Supplies,Binders,Ibico Standard Transparent Covers,19.776,4,0.7,-13.8432
223,CA-2015-169397,12/24/2015,12/27/2015,First Class,JB-15925,Joni Blumstein,Consumer,United States,Dublin,Ohio,43017,East,FUR-FU-10000087,Furniture,Furnishings,"Executive Impressions 14"" Two-Color Numerals Wall Clock",72.704,4,0.2,19.0848
224,CA-2015-169397,12/24/2015,12/27/2015,First Class,JB-15925,Joni Blumstein,Consumer,United States,Dublin,Ohio,43017,East,TEC-MA-10001148,Technology,Machines,Swingline SM12-08 MicroCut Jam Free Shredder,479.988,4,0.7,-383.9904
225,CA-2015-169397,12/24/2015,12/27/2015,First Class,JB-15925,Joni Blumstein,Consumer,United States,Dublin,Ohio,43017,East,OFF-AR-10001958,Office Supplies,Art,Stanley Bostitch Contemporary Electric Pencil Sharpeners,27.168,2,0.2,2.7168
253,CA-2016-146941,12/10/2016,12/13/2016,First Class,DL-13315,Delfina Latchford,Consumer,United States,New York City,New York,10024,East,OFF-ST-10001228,Office Supplies,Storage,"Fellowes Personal Hanging Folder Files, Navy",80.58,6,0.0,22.5624
254,CA-2016-146941,12/10/2016,12/13/2016,First Class,DL-13315,Delfina Latchford,Consumer,United States,New York City,New York,10024,East,OFF-EN-10003296,Office Supplies,Envelopes,Tyvek Side-Opening Peel & Seel Expanding Envelopes,361.92,4,0.0,162.864
259,CA-2017-163139,12/1/2017,12/3/2017,Second Class,CC-12670,Craig Carreira,Consumer,United States,New York City,New York,10009,East,TEC-AC-10000290,Technology,Accessories,Sabrent 4-Port USB 2.0 Hub,20.37,3,0.0,6.9258
260,CA-2017-163139,12/1/2017,12/3/2017,Second Class,CC-12670,Craig Carreira,Consumer,United States,New York City,New York,10009,East,OFF-ST-10002790,Office Supplies,Storage,Safco Industrial Shelving,221.55,3,0.0,6.6465
261,CA-2017-163139,12/1/2017,12/3/2017,Second Class,CC-12670,Craig Carreira,Consumer,United States,New York City,New York,10009,East,OFF-BI-10003460,Office Supplies,Binders,Acco 3-Hole Punch,17.52,5,0.2,6.132
268,CA-2016-111010,1/22/2016,1/28/2016,Standard Class,PG-18895,Paul Gonzalez,Consumer,United States,Morristown,New Jersey,7960,East,OFF-FA-10003472,Office Supplies,Fasteners,Bagged Rubber Bands,7.56,6,0.0,0.3024
269,US-2017-145366,12/9/2017,12/13/2017,Standard Class,CA-12310,Christine Abelman,Corporate,United States,Cincinnati,Ohio,45231,East,OFF-ST-10004180,Office Supplies,Storage,Safco Commercial Shelving,37.208,1,0.2,-7.4416
270,US-2017-145366,12/9/2017,12/13/2017,Standard Class,CA-12310,Christine Abelman,Corporate,United States,Cincinnati,Ohio,45231,East,OFF-EN-10004386,Office Supplies,Envelopes,"Recycled Interoffice Envelopes with String and Button Closure, 10 x 13",57.576,3,0.2,21.591
277,CA-2017-132976,10/13/2017,10/17/2017,Standard Class,AG-10495,Andrew Gjertsen,Corporate,United States,Philadelphia,Pennsylvania,19140,East,OFF-PA-10000673,Office Supplies,Paper,"Post-it Important Message Note Pad, Neon Colors, 50 Sheets/Pad",11.648,2,0.2,4.0768
278,CA-2017-132976,10/13/2017,10/17/2017,Standard Class,AG-10495,Andrew Gjertsen,Corporate,United States,Philadelphia,Pennsylvania,19140,East,OFF-PA-10004470,Office Supplies,Paper,"Adams Write n' Stick Phone Message Book, 11"" X 5 1/4"", 200 Messages",18.176,4,0.2,5.9072
279,CA-2017-132976,10/13/2017,10/17/2017,Standard Class,AG-10495,Andrew Gjertsen,Corporate,United States,Philadelphia,Pennsylvania,19140,East,OFF-ST-10000876,Office Supplies,Storage,Eldon Simplefile Box Office,59.712,6,0.2,5.9712
280,CA-2017-132976,10/13/2017,10/17/2017,Standard Class,AG-10495,Andrew Gjertsen,Corporate,United States,Philadelphia,Pennsylvania,19140,East,OFF-LA-10002043,Office Supplies,Labels,Avery 489,24.84,3,0.2,8.694
290,CA-2016-110772,11/20/2016,11/24/2016,Second Class,NZ-18565,Nick Zandusky,Home Office,United States,Columbus,Ohio,43229,East,OFF-FA-10002983,Office Supplies,Fasteners,Advantus SlideClip Paper Clips,19.096,7,0.2,6.6836
291,CA-2016-110772,11/20/2016,11/24/2016,Second Class,NZ-18565,Nick Zandusky,Home Office,United States,Columbus,Ohio,43229,East,OFF-LA-10004689,Office Supplies,Labels,Avery 512,18.496,8,0.2,6.2424
292,CA-2016-110772,11/20/2016,11/24/2016,Second Class,NZ-18565,Nick Zandusky,Home Office,United States,Columbus,Ohio,43229,East,TEC-AC-10002001,Technology,Accessories,Logitech Wireless Gaming Headset G930,255.984,2,0.2,54.3966
293,CA-2016-110772,11/20/2016,11/24/2016,Second Class,NZ-18565,Nick Zandusky,Home Office,United States,Columbus,Ohio,43229,East,FUR-BO-10004709,Furniture,Bookcases,"Bush Westfield Collection Bookcases, Medium Cherry Finish",86.97,3,0.5,-48.7032
299,CA-2016-142545,10/28/2016,11/3/2016,Standard Class,JD-15895,Jonathan Doherty,Corporate,United States,Belleville,New Jersey,7109,East,OFF-PA-10002105,Office Supplies,Paper,Xerox 223,32.4,5,0.0,15.552
300,CA-2016-142545,10/28/2016,11/3/2016,Standard Class,JD-15895,Jonathan Doherty,Corporate,United States,Belleville,New Jersey,7109,East,OFF-ST-10002756,Office Supplies,Storage,"Tennsco Stur-D-Stor Boltless Shelving, 5 Shelves, 24"" Deep, Sand",1082.48,8,0.0,10.8248
301,CA-2016-142545,10/28/2016,11/3/2016,Standard Class,JD-15895,Jonathan Doherty,Corporate,United States,Belleville,New Jersey,7109,East,OFF-PA-10004243,Office Supplies,Paper,Xerox 1939,56.91,3,0.0,27.3168
302,CA-2016-142545,10/28/2016,11/3/2016,Standard Class,JD-15895,Jonathan Doherty,Corporate,United States,Belleville,New Jersey,7109,East,FUR-FU-10001861,Furniture,Furnishings,"Floodlight Indoor Halogen Bulbs, 1 Bulb per Pack, 60 Watts",77.6,4,0.0,38.024
303,CA-2016-142545,10/28/2016,11/3/2016,Standard Class,JD-15895,Jonathan Doherty,Corporate,United States,Belleville,New Jersey,7109,East,OFF-BI-10002706,Office Supplies,Binders,Avery Premier Heavy-Duty Binder with Round Locking Rings,14.28,1,0.0,6.5688
305,CA-2015-144253,5/4/2015,5/9/2015,Second Class,AS-10225,Alan Schoenberger,Corporate,United States,New York City,New York,10024,East,FUR-FU-10002671,Furniture,Furnishings,Electrix 20W Halogen Replacement Bulb for Zoom-In Desk Lamp,26.8,2,0.0,12.864
307,CA-2014-111003,6/1/2014,6/6/2014,Standard Class,CR-12625,Corey Roper,Home Office,United States,Lakewood,New Jersey,8701,East,OFF-BI-10001072,Office Supplies,Binders,"GBC Clear Cover, 8-1/2 x 11, unpunched, 25 covers per pack",45.48,3,0.0,20.9208
308,CA-2014-111003,6/1/2014,6/6/2014,Standard Class,CR-12625,Corey Roper,Home Office,United States,Lakewood,New Jersey,8701,East,OFF-AR-10002135,Office Supplies,Art,Boston Heavy-Duty Trimline Electric Pencil Sharpeners,289.2,6,0.0,83.868
314,CA-2014-120887,9/27/2014,10/3/2014,Standard Class,TS-21205,Thomas Seio,Corporate,United States,Hackensack,New Jersey,7601,East,FUR-FU-10001588,Furniture,Furnishings,"Deflect-o SuperTray Unbreakable Stackable Tray, Letter, Black",87.54,3,0.0,37.6422
317,CA-2014-164259,12/28/2014,12/30/2014,First Class,SP-20860,Sung Pak,Corporate,United States,Philadelphia,Pennsylvania,19143,East,OFF-AR-10003373,Office Supplies,Art,"Boston School Pro Electric Pencil Sharpener, 1670",99.136,4,0.2,8.6744
318,CA-2014-164973,11/4/2014,11/9/2014,Standard Class,NM-18445,Nathan Mautz,Home Office,United States,New York City,New York,10024,East,FUR-CH-10002602,Furniture,Chairs,DMI Arturo Collection Mission-style Design Wood Chair,135.882,1,0.1,24.1568
319,CA-2014-164973,11/4/2014,11/9/2014,Standard Class,NM-18445,Nathan Mautz,Home Office,United States,New York City,New York,10024,East,TEC-MA-10002927,Technology,Machines,Canon imageCLASS MF7460 Monochrome Digital Laser Multifunction Copier,3991.98,2,0.0,1995.99
320,CA-2014-164973,11/4/2014,11/9/2014,Standard Class,NM-18445,Nathan Mautz,Home Office,United States,New York City,New York,10024,East,TEC-PH-10004093,Technology,Phones,Panasonic Kx-TS550,275.94,6,0.0,80.0226
321,CA-2014-164973,11/4/2014,11/9/2014,Standard Class,NM-18445,Nathan Mautz,Home Office,United States,New York City,New York,10024,East,TEC-AC-10000892,Technology,Accessories,NETGEAR N750 Dual Band Wi-Fi Gigabit Router,360.0,4,0.0,129.6
322,CA-2014-164973,11/4/2014,11/9/2014,Standard Class,NM-18445,Nathan Mautz,Home Office,United States,New York City,New York,10024,East,OFF-ST-10002974,Office Supplies,Storage,"Trav-L-File Heavy-Duty Shuttle II, Black",43.57,1,0.0,13.071
327,US-2016-141544,8/30/2016,9/1/2016,First Class,PO-18850,Patrick O'Brill,Consumer,United States,Philadelphia,Pennsylvania,19143,East,TEC-PH-10003645,Technology,Phones,Aastra 57i VoIP phone,290.898,3,0.4,-67.8762
328,US-2016-141544,8/30/2016,9/1/2016,First Class,PO-18850,Patrick O'Brill,Consumer,United States,Philadelphia,Pennsylvania,19143,East,OFF-ST-10000675,Office Supplies,Storage,"File Shuttle II and Handi-File, Black",54.224,2,0.2,3.389
329,US-2016-141544,8/30/2016,9/1/2016,First Class,PO-18850,Patrick O'Brill,Consumer,United States,Philadelphia,Pennsylvania,19143,East,FUR-CH-10003312,Furniture,Chairs,Hon 2090 Pillow Soft Series Mid Back Swivel/Tilt Chairs,786.744,4,0.3,-258.5016
330,US-2016-141544,8/30/2016,9/1/2016,First Class,PO-18850,Patrick O'Brill,Consumer,United States,Philadelphia,Pennsylvania,19143,East,OFF-LA-10001074,Office Supplies,Labels,Round Specialty Laser Printer Labels,100.24,10,0.2,33.831
331,US-2016-141544,8/30/2016,9/1/2016,First Class,PO-18850,Patrick O'Brill,Consumer,United States,Philadelphia,Pennsylvania,19143,East,OFF-BI-10001524,Office Supplies,Binders,GBC Premium Transparent Covers with Diagonal Lined Pattern,37.764,6,0.7,-27.6936
332,US-2016-150147,4/25/2016,4/29/2016,Second Class,JL-15850,John Lucas,Consumer,United States,Philadelphia,Pennsylvania,19134,East,TEC-PH-10004614,Technology,Phones,AT&T 841000 Phone,82.8,2,0.4,-20.7
333,US-2016-150147,4/25/2016,4/29/2016,Second Class,JL-15850,John Lucas,Consumer,United States,Philadelphia,Pennsylvania,19134,East,OFF-BI-10001153,Office Supplies,Binders,Ibico Recycled Grain-Textured Covers,20.724,2,0.7,-13.816
334,US-2016-150147,4/25/2016,4/29/2016,Second Class,JL-15850,John Lucas,Consumer,United States,Philadelphia,Pennsylvania,19134,East,OFF-BI-10001982,Office Supplies,Binders,Wilson Jones Custom Binder Spines & Labels,4.896,3,0.7,-3.4272
341,CA-2014-122336,4/13/2014,4/17/2014,Second Class,JD-15895,Jonathan Doherty,Corporate,United States,Philadelphia,Pennsylvania,19140,East,OFF-AR-10000122,Office Supplies,Art,Newell 314,17.856,4,0.2,1.116
342,CA-2014-122336,4/13/2014,4/17/2014,Second Class,JD-15895,Jonathan Doherty,Corporate,United States,Philadelphia,Pennsylvania,19140,East,OFF-BI-10003656,Office Supplies,Binders,Fellowes PB200 Plastic Comb Binding Machine,509.97,10,0.7,-407.976
343,CA-2014-122336,4/13/2014,4/17/2014,Second Class,JD-15895,Jonathan Doherty,Corporate,United States,Philadelphia,Pennsylvania,19140,East,OFF-FA-10002780,Office Supplies,Fasteners,Staples,30.992,13,0.2,10.0724
344,CA-2014-122336,4/13/2014,4/17/2014,Second Class,JD-15895,Jonathan Doherty,Corporate,United States,Philadelphia,Pennsylvania,19140,East,TEC-PH-10000702,Technology,Phones,"Square Credit Card Reader, 4 1/2"" x 4 1/2"" x 1"", White",71.928,12,0.4,8.3916
347,CA-2017-134306,7/8/2017,7/12/2017,Standard Class,TD-20995,Tamara Dahlen,Consumer,United States,Lowell,Massachusetts,1852,East,OFF-AR-10004027,Office Supplies,Art,"Binney & Smith inkTank Erasable Desk Highlighter, Chisel Tip, Yellow, 12/Box",7.56,3,0.0,3.0996
348,CA-2017-134306,7/8/2017,7/12/2017,Standard Class,TD-20995,Tamara Dahlen,Consumer,United States,Lowell,Massachusetts,1852,East,OFF-PA-10000249,Office Supplies,Paper,Easy-staple paper,24.56,2,0.0,11.5432
349,CA-2017-134306,7/8/2017,7/12/2017,Standard Class,TD-20995,Tamara Dahlen,Consumer,United States,Lowell,Massachusetts,1852,East,OFF-AR-10001374,Office Supplies,Art,"BIC Brite Liner Highlighters, Chisel Tip",12.96,2,0.0,4.1472
350,CA-2016-129714,9/1/2016,9/3/2016,First Class,AB-10060,Adam Bellavance,Home Office,United States,New York City,New York,10009,East,TEC-AC-10000290,Technology,Accessories,Sabrent 4-Port USB 2.0 Hub,6.79,1,0.0,2.3086
351,CA-2016-129714,9/1/2016,9/3/2016,First Class,AB-10060,Adam Bellavance,Home Office,United States,New York City,New York,10009,East,OFF-PA-10001970,Office Supplies,Paper,Xerox 1881,24.56,2,0.0,11.5432
352,CA-2016-129714,9/1/2016,9/3/2016,First Class,AB-10060,Adam Bellavance,Home Office,United States,New York City,New York,10009,East,OFF-BI-10002160,Office Supplies,Binders,Acco Hanging Data Binders,3.048,1,0.2,1.0668
353,CA-2016-129714,9/1/2016,9/3/2016,First Class,AB-10060,Adam Bellavance,Home Office,United States,New York City,New York,10009,East,OFF-PA-10001970,Office Supplies,Paper,Xerox 1881,49.12,4,0.0,23.0864
354,CA-2016-129714,9/1/2016,9/3/2016,First Class,AB-10060,Adam Bellavance,Home Office,United States,New York City,New York,10009,East,OFF-BI-10004995,Office Supplies,Binders,GBC DocuBind P400 Electric Binding System,4355.168,4,0.2,1415.4296
355,CA-2016-138520,4/8/2016,4/13/2016,Standard Class,JL-15505,Jeremy Lonsdale,Consumer,United States,New York City,New York,10035,East,FUR-BO-10002268,Furniture,Bookcases,Sauder Barrister Bookcases,388.704,6,0.2,-4.8588
356,CA-2016-138520,4/8/2016,4/13/2016,Standard Class,JL-15505,Jeremy Lonsdale,Consumer,United States,New York City,New York,10035,East,OFF-EN-10001137,Office Supplies,Envelopes,"#10 Gummed Flap White Envelopes, 100/Box",8.26,2,0.0,3.7996
357,CA-2016-138520,4/8/2016,4/13/2016,Standard Class,JL-15505,Jeremy Lonsdale,Consumer,United States,New York City,New York,10035,East,OFF-AR-10002399,Office Supplies,Art,"Dixon Prang Watercolor Pencils, 10-Color Set with Brush",17.04,4,0.0,6.9864
358,CA-2016-138520,4/8/2016,4/13/2016,Standard Class,JL-15505,Jeremy Lonsdale,Consumer,United States,New York City,New York,10035,East,OFF-PA-10002713,Office Supplies,Paper,"Adams Phone Message Book, 200 Message Capacity, 8 1/16 x 11",34.4,5,0.0,15.824
362,CA-2017-144904,9/25/2017,10/1/2017,Standard Class,KW-16435,Katrina Willman,Consumer,United States,New York City,New York,10009,East,OFF-LA-10001158,Office Supplies,Labels,"Avery Address/Shipping Labels for Typewriters, 4"" x 2""",20.7,2,0.0,9.936
363,CA-2017-144904,9/25/2017,10/1/2017,Standard Class,KW-16435,Katrina Willman,Consumer,United States,New York City,New York,10009,East,FUR-CH-10000785,Furniture,Chairs,Global Ergonomic Managers Chair,488.646,3,0.1,86.8704
364,CA-2017-144904,9/25/2017,10/1/2017,Standard Class,KW-16435,Katrina Willman,Consumer,United States,New York City,New York,10009,East,OFF-AR-10003732,Office Supplies,Art,Newell 333,5.56,2,0.0,1.4456
365,CA-2017-144904,9/25/2017,10/1/2017,Standard Class,KW-16435,Katrina Willman,Consumer,United States,New York City,New York,10009,East,FUR-FU-10000023,Furniture,Furnishings,Eldon Wave Desk Accessories,47.12,8,0.0,20.7328
367,CA-2016-155516,10/21/2016,10/21/2016,Same Day,MK-17905,Michael Kennedy,Corporate,United States,Manchester,Connecticut,6040,East,OFF-BI-10002412,Office Supplies,Binders,Wilson Jones Snap Scratch Pad Binder Tool for Ring Binders,23.2,4,0.0,10.44
368,CA-2016-155516,10/21/2016,10/21/2016,Same Day,MK-17905,Michael Kennedy,Corporate,United States,Manchester,Connecticut,6040,East,OFF-SU-10001225,Office Supplies,Supplies,Staple remover,7.36,2,0.0,0.1472
369,CA-2016-155516,10/21/2016,10/21/2016,Same Day,MK-17905,Michael Kennedy,Corporate,United States,Manchester,Connecticut,6040,East,OFF-ST-10002406,Office Supplies,Storage,Pizazz Global Quick File,104.79,7,0.0,29.3412
370,CA-2016-155516,10/21/2016,10/21/2016,Same Day,MK-17905,Michael Kennedy,Corporate,United States,Manchester,Connecticut,6040,East,FUR-BO-10002545,Furniture,Bookcases,"Atlantic Metals Mobile 3-Shelf Bookcases, Custom Colors",1043.92,4,0.0,271.4192
378,US-2017-134481,8/27/2017,9/1/2017,Standard Class,AR-10405,Allen Rosenblatt,Corporate,United States,Franklin,Massachusetts,2038,East,FUR-TA-10004915,Furniture,Tables,"Office Impressions End Table, 20-1/2""H x 24""W x 20""D",1488.424,7,0.3,-297.6848
387,CA-2015-122756,12/3/2015,12/7/2015,Standard Class,DK-13225,Dean Katz,Corporate,United States,Philadelphia,Pennsylvania,19140,East,TEC-MA-10001681,Technology,Machines,Lexmark MarkNet N8150 Wireless Print Server,482.34,4,0.7,-337.638
388,CA-2015-122756,12/3/2015,12/7/2015,Standard Class,DK-13225,Dean Katz,Corporate,United States,Philadelphia,Pennsylvania,19140,East,FUR-FU-10001935,Furniture,Furnishings,3M Hangers With Command Adhesive,2.96,1,0.2,0.777
389,CA-2014-115973,11/24/2014,11/26/2014,First Class,NG-18430,Nathan Gelder,Consumer,United States,Cincinnati,Ohio,45231,East,OFF-AR-10004757,Office Supplies,Art,Crayola Colored Pencils,2.624,1,0.2,0.4264
390,CA-2017-101798,12/11/2017,12/15/2017,Standard Class,MV-18190,Mike Vittorini,Consumer,United States,New York City,New York,10009,East,OFF-BI-10000050,Office Supplies,Binders,"Angle-D Binders with Locking Rings, Label Holders",23.36,4,0.2,7.884
391,CA-2017-101798,12/11/2017,12/15/2017,Standard Class,MV-18190,Mike Vittorini,Consumer,United States,New York City,New York,10009,East,TEC-AC-10001998,Technology,Accessories,Logitech LS21 Speaker System - PC Multimedia - 2.1-CH - Wired,39.98,2,0.0,13.5932
396,CA-2017-165603,10/17/2017,10/19/2017,Second Class,SS-20140,Saphhira Shifley,Corporate,United States,Warwick,Rhode Island,2886,East,OFF-ST-10000798,Office Supplies,Storage,2300 Heavy-Duty Transfer File Systems by Perma,49.96,2,0.0,9.4924
397,CA-2017-165603,10/17/2017,10/19/2017,Second Class,SS-20140,Saphhira Shifley,Corporate,United States,Warwick,Rhode Island,2886,East,OFF-PA-10002552,Office Supplies,Paper,Xerox 1958,12.96,2,0.0,6.2208
405,CA-2017-117933,12/24/2017,12/29/2017,Standard Class,RF-19840,Roy Französisch,Consumer,United States,New York City,New York,10024,East,OFF-AP-10004249,Office Supplies,Appliances,Staple holder,35.91,3,0.0,9.6957
423,CA-2017-125388,10/19/2017,10/23/2017,Standard Class,MP-17965,Michael Paige,Corporate,United States,Lawrence,Massachusetts,1841,East,FUR-FU-10004712,Furniture,Furnishings,"Westinghouse Mesh Shade Clip-On Gooseneck Lamp, Black",56.56,4,0.0,14.7056
424,CA-2017-125388,10/19/2017,10/23/2017,Standard Class,MP-17965,Michael Paige,Corporate,United States,Lawrence,Massachusetts,1841,East,OFF-ST-10000918,Office Supplies,Storage,Crate-A-Files,32.7,3,0.0,8.502
428,CA-2014-101476,9/12/2014,9/13/2014,First Class,SD-20485,Shirley Daniels,Home Office,United States,New Rochelle,New York,10801,East,TEC-MA-10000029,Technology,Machines,"Epson WorkForce WF-2530 All-in-One Printer, Copier Scanner",69.99,1,0.0,30.0957
434,CA-2016-127369,6/6/2016,6/7/2016,First Class,DB-13060,Dave Brooks,Consumer,United States,Lowell,Massachusetts,1852,East,OFF-ST-10003306,Office Supplies,Storage,Letter Size Cart,714.3,5,0.0,207.147
440,CA-2017-157252,1/20/2017,1/23/2017,Second Class,CV-12805,Cynthia Voltz,Corporate,United States,New York City,New York,10024,East,FUR-CH-10003396,Furniture,Chairs,Global Deluxe Steno Chair,207.846,3,0.1,2.3094
448,CA-2016-166674,4/1/2016,4/3/2016,Second Class,RB-19360,Raymond Buch,Consumer,United States,Auburn,New York,13021,East,OFF-AR-10000588,Office Supplies,Art,Newell 345,59.52,3,0.0,15.4752
449,CA-2016-166674,4/1/2016,4/3/2016,Second Class,RB-19360,Raymond Buch,Consumer,United States,Auburn,New York,13021,East,OFF-ST-10001469,Office Supplies,Storage,Fellowes Bankers Box Recycled Super Stor/Drawer,161.94,3,0.0,9.7164
450,CA-2016-166674,4/1/2016,4/3/2016,Second Class,RB-19360,Raymond Buch,Consumer,United States,Auburn,New York,13021,East,OFF-AR-10001953,Office Supplies,Art,Boston 1645 Deluxe Heavier-Duty Electric Pencil Sharpener,263.88,6,0.0,71.2476
451,CA-2016-166674,4/1/2016,4/3/2016,Second Class,RB-19360,Raymond Buch,Consumer,United States,Auburn,New York,13021,East,OFF-AR-10003156,Office Supplies,Art,50 Colored Long Pencils,30.48,3,0.0,7.9248
452,CA-2016-166674,4/1/2016,4/3/2016,Second Class,RB-19360,Raymond Buch,Consumer,United States,Auburn,New York,13021,East,OFF-AR-10004974,Office Supplies,Art,Newell 342,9.84,3,0.0,2.8536
453,CA-2016-166674,4/1/2016,4/3/2016,Second Class,RB-19360,Raymond Buch,Consumer,United States,Auburn,New York,13021,East,TEC-PH-10002365,Technology,Phones,Belkin Grip Candy Sheer Case / Cover for iPhone 5 and 5S,35.12,4,0.0,9.1312
454,CA-2017-147277,10/20/2017,10/24/2017,Standard Class,EB-13705,Ed Braxton,Corporate,United States,Akron,Ohio,44312,East,FUR-TA-10001539,Furniture,Tables,Chromcraft Rectangular Conference Tables,284.364,2,0.4,-75.8304
455,CA-2017-147277,10/20/2017,10/24/2017,Standard Class,EB-13705,Ed Braxton,Corporate,United States,Akron,Ohio,44312,East,OFF-ST-10000142,Office Supplies,Storage,Deluxe Rollaway Locking File with Drawer,665.408,2,0.2,66.5408
471,CA-2015-154144,12/20/2015,12/24/2015,Standard Class,MH-17785,Maya Herman,Corporate,United States,Lindenhurst,New York,11757,East,OFF-PA-10004071,Office Supplies,Paper,"Eaton Premium Continuous-Feed Paper, 25% Cotton, Letter Size, White, 1000 Shts/Box",55.48,1,0.0,26.6304
479,CA-2016-152632,10/27/2016,11/2/2016,Standard Class,JE-15475,Jeremy Ellison,Consumer,United States,Troy,New York,12180,East,FUR-FU-10002671,Furniture,Furnishings,Electrix 20W Halogen Replacement Bulb for Zoom-In Desk Lamp,40.2,3,0.0,19.296
480,CA-2016-100790,6/26/2016,7/2/2016,Standard Class,JG-15805,John Grady,Corporate,United States,New York City,New York,10024,East,OFF-AR-10003045,Office Supplies,Art,Prang Colored Pencils,14.7,5,0.0,6.615
481,CA-2016-100790,6/26/2016,7/2/2016,Standard Class,JG-15805,John Grady,Corporate,United States,New York City,New York,10024,East,OFF-ST-10000689,Office Supplies,Storage,"Fellowes Strictly Business Drawer File, Letter/Legal Size",704.25,5,0.0,84.51
483,CA-2014-127691,7/22/2014,7/27/2014,Standard Class,EM-14065,Erin Mull,Consumer,United States,New York City,New York,10024,East,OFF-AR-10002053,Office Supplies,Art,"Premium Writing Pencils, Soft, #2 by Central Association for the Blind",5.96,2,0.0,1.6688
484,CA-2014-127691,7/22/2014,7/27/2014,Standard Class,EM-14065,Erin Mull,Consumer,United States,New York City,New York,10024,East,TEC-AC-10002567,Technology,Accessories,Logitech G602 Wireless Gaming Mouse,159.98,2,0.0,57.5928
492,CA-2014-113362,9/14/2014,9/19/2014,Standard Class,AJ-10960,Astrea Jones,Consumer,United States,Rochester,New York,14609,East,OFF-ST-10001809,Office Supplies,Storage,Fellowes Officeware Wire Shelving,449.15,5,0.0,8.983
493,CA-2014-113362,9/14/2014,9/19/2014,Standard Class,AJ-10960,Astrea Jones,Consumer,United States,Rochester,New York,14609,East,OFF-EN-10003845,Office Supplies,Envelopes,Colored Envelopes,11.07,3,0.0,5.0922
506,CA-2017-134978,11/12/2017,11/15/2017,Second Class,EB-13705,Ed Braxton,Corporate,United States,New York City,New York,10024,East,OFF-BI-10003274,Office Supplies,Binders,"Avery Durable Slant Ring Binders, No Labels",15.92,5,0.2,5.373
513,CA-2016-106341,10/20/2016,10/23/2016,First Class,LF-17185,Luke Foster,Consumer,United States,Newark,Ohio,43055,East,OFF-AR-10002053,Office Supplies,Art,"Premium Writing Pencils, Soft, #2 by Central Association for the Blind",7.152,3,0.2,0.7152
526,CA-2015-158792,12/26/2015,1/2/2016,Standard Class,BD-11605,Brian Dahlen,Consumer,United States,Lawrence,Massachusetts,1841,East,OFF-FA-10002815,Office Supplies,Fasteners,Staples,22.2,5,0.0,10.434
529,US-2015-138303,9/3/2015,9/7/2015,Standard Class,MG-18145,Mike Gockenbach,Consumer,United States,Philadelphia,Pennsylvania,19134,East,OFF-ST-10004963,Office Supplies,Storage,Eldon Gobal File Keepers,36.336,3,0.2,-7.2672
530,US-2015-138303,9/3/2015,9/7/2015,Standard Class,MG-18145,Mike Gockenbach,Consumer,United States,Philadelphia,Pennsylvania,19134,East,OFF-SU-10002881,Office Supplies,Supplies,Martin Yale Chadless Opener Electric Letter Opener,666.248,1,0.2,-149.9058
531,US-2015-138303,9/3/2015,9/7/2015,Standard Class,MG-18145,Mike Gockenbach,Consumer,United States,Philadelphia,Pennsylvania,19134,East,OFF-EN-10001335,Office Supplies,Envelopes,"White Business Envelopes with Contemporary Seam, Recycled White Business Envelopes",52.512,6,0.2,19.692
538,CA-2015-147851,12/3/2015,12/8/2015,Standard Class,MP-17470,Mark Packer,Home Office,United States,New York City,New York,10009,East,OFF-BI-10004528,Office Supplies,Binders,Cardinal Poly Pocket Divider Pockets for Ring Binders,10.752,4,0.2,3.36
543,US-2015-120161,12/18/2015,12/23/2015,Standard Class,LM-17065,Liz MacKendrick,Consumer,United States,Springfield,Ohio,45503,East,OFF-ST-10001809,Office Supplies,Storage,Fellowes Officeware Wire Shelving,646.776,9,0.2,-145.5246
547,CA-2017-162929,11/19/2017,11/22/2017,First Class,AS-10135,Adrian Shami,Home Office,United States,New York City,New York,10035,East,OFF-BI-10000404,Office Supplies,Binders,Avery Printable Repositionable Plastic Tabs,41.28,6,0.2,13.932
548,CA-2017-162929,11/19/2017,11/22/2017,First Class,AS-10135,Adrian Shami,Home Office,United States,New York City,New York,10035,East,OFF-PA-10002986,Office Supplies,Paper,Xerox 1898,13.36,2,0.0,6.4128
571,CA-2017-164826,12/28/2017,1/4/2018,Standard Class,JF-15415,Jennifer Ferguson,Consumer,United States,New York City,New York,10024,East,OFF-LA-10001297,Office Supplies,Labels,Avery 473,72.45,7,0.0,34.776
572,CA-2017-164826,12/28/2017,1/4/2018,Standard Class,JF-15415,Jennifer Ferguson,Consumer,United States,New York City,New York,10024,East,OFF-FA-10000585,Office Supplies,Fasteners,OIC Bulk Pack Metal Binder Clips,13.96,4,0.0,6.4216
573,CA-2017-164826,12/28/2017,1/4/2018,Standard Class,JF-15415,Jennifer Ferguson,Consumer,United States,New York City,New York,10024,East,OFF-BI-10001922,Office Supplies,Binders,Storex Dura Pro Binders,33.264,7,0.2,11.2266
574,CA-2017-164826,12/28/2017,1/4/2018,Standard Class,JF-15415,Jennifer Ferguson,Consumer,United States,New York City,New York,10024,East,TEC-PH-10000347,Technology,Phones,Cush Cases Heavy Duty Rugged Cover Case for Samsung Galaxy S5 - Purple,14.85,3,0.0,4.0095
599,CA-2016-120180,7/14/2016,7/16/2016,First Class,TP-21130,Theone Pippenger,Consumer,United States,Philadelphia,Pennsylvania,19134,East,OFF-SU-10004115,Office Supplies,Supplies,Acme Stainless Steel Office Snips,11.632,2,0.2,1.0178
600,US-2016-100720,7/16/2016,7/21/2016,Standard Class,CK-12205,Chloris Kastensmidt,Consumer,United States,Philadelphia,Pennsylvania,19120,East,TEC-PH-10001425,Technology,Phones,Mophie Juice Pack Helium for iPhone,143.982,3,0.4,-28.7964
601,US-2016-100720,7/16/2016,7/21/2016,Standard Class,CK-12205,Chloris Kastensmidt,Consumer,United States,Philadelphia,Pennsylvania,19120,East,TEC-PH-10003963,Technology,Phones,GE 2-Jack Phone Line Splitter,494.376,4,0.4,-115.3544
602,US-2016-100720,7/16/2016,7/21/2016,Standard Class,CK-12205,Chloris Kastensmidt,Consumer,United States,Philadelphia,Pennsylvania,19120,East,OFF-SU-10001574,Office Supplies,Supplies,Acme Value Line Scissors,5.84,2,0.2,0.73
608,US-2014-105767,5/23/2014,5/27/2014,Standard Class,AR-10510,Andrew Roberts,Consumer,United States,Philadelphia,Pennsylvania,19134,East,OFF-BI-10000848,Office Supplies,Binders,Angle-D Ring Binders,3.282,2,0.7,-2.6256
609,US-2014-105767,5/23/2014,5/27/2014,Standard Class,AR-10510,Andrew Roberts,Consumer,United States,Philadelphia,Pennsylvania,19134,East,OFF-AR-10001246,Office Supplies,Art,Newell 317,21.168,9,0.2,2.3814
610,US-2014-105767,5/23/2014,5/27/2014,Standard Class,AR-10510,Andrew Roberts,Consumer,United States,Philadelphia,Pennsylvania,19134,East,TEC-PH-10003092,Technology,Phones,Motorola L804,55.188,2,0.4,-10.1178
613,CA-2016-121223,9/11/2016,9/13/2016,Second Class,GD-14590,Giulietta Dortch,Corporate,United States,Philadelphia,Pennsylvania,19143,East,OFF-PA-10001204,Office Supplies,Paper,Xerox 1972,8.448,2,0.2,2.64
614,CA-2016-121223,9/11/2016,9/13/2016,Second Class,GD-14590,Giulietta Dortch,Corporate,United States,Philadelphia,Pennsylvania,19143,East,TEC-PH-10004667,Technology,Phones,Cisco 8x8 Inc. 6753i IP Business Phone System,728.946,9,0.4,-157.9383
615,CA-2017-138611,11/14/2017,11/17/2017,Second Class,CK-12595,Clytie Kelty,Consumer,United States,Grove City,Ohio,43123,East,TEC-PH-10000011,Technology,Phones,PureGear Roll-On Screen Protector,119.94,10,0.4,15.992
616,CA-2017-138611,11/14/2017,11/17/2017,Second Class,CK-12595,Clytie Kelty,Consumer,United States,Grove City,Ohio,43123,East,OFF-BI-10002949,Office Supplies,Binders,Prestige Round Ring Binders,3.648,2,0.7,-2.7968
617,CA-2017-117947,8/18/2017,8/23/2017,Second Class,NG-18355,Nat Gilpin,Corporate,United States,New York City,New York,10011,East,FUR-FU-10003849,Furniture,Furnishings,"DAX Metal Frame, Desktop, Stepped-Edge",40.48,2,0.0,15.7872
618,CA-2017-117947,8/18/2017,8/23/2017,Second Class,NG-18355,Nat Gilpin,Corporate,United States,New York City,New York,10011,East,FUR-FU-10000010,Furniture,Furnishings,"DAX Value U-Channel Document Frames, Easel Back",9.94,2,0.0,3.0814
619,CA-2017-117947,8/18/2017,8/23/2017,Second Class,NG-18355,Nat Gilpin,Corporate,United States,New York City,New York,10011,East,OFF-BI-10002824,Office Supplies,Binders,Recycled Easel Ring Binders,107.424,9,0.2,33.57
620,CA-2017-117947,8/18/2017,8/23/2017,Second Class,NG-18355,Nat Gilpin,Corporate,United States,New York City,New York,10011,East,TEC-PH-10002538,Technology,Phones,Grandstream GXP1160 VoIP phone,37.91,1,0.0,10.9939
621,CA-2017-117947,8/18/2017,8/23/2017,Second Class,NG-18355,Nat Gilpin,Corporate,United States,New York City,New York,10011,East,FUR-FU-10000521,Furniture,Furnishings,"Seth Thomas 14"" Putty-Colored Wall Clock",88.02,3,0.0,27.2862
627,CA-2017-163020,9/15/2017,9/19/2017,Standard Class,MO-17800,Meg O'Connel,Home Office,United States,New York City,New York,10009,East,FUR-FU-10000221,Furniture,Furnishings,"Master Caster Door Stop, Brown",35.56,7,0.0,12.0904
645,US-2017-127719,7/21/2017,7/25/2017,Standard Class,TW-21025,Tamara Willingham,Home Office,United States,Plainfield,New Jersey,7060,East,OFF-PA-10001934,Office Supplies,Paper,Xerox 1993,6.48,1,0.0,3.1752
652,CA-2016-132661,10/23/2016,10/29/2016,Standard Class,SR-20740,Steven Roelle,Home Office,United States,New York City,New York,10024,East,OFF-PA-10000482,Office Supplies,Paper,"Snap-A-Way Black Print Carbonless Ruled Speed Letter, Triplicate",379.4,10,0.0,178.318
653,CA-2017-140844,6/19/2017,6/23/2017,Standard Class,AR-10405,Allen Rosenblatt,Corporate,United States,New York City,New York,10035,East,OFF-PA-10003892,Office Supplies,Paper,Xerox 1943,97.82,2,0.0,45.9754
654,CA-2017-140844,6/19/2017,6/23/2017,Standard Class,AR-10405,Allen Rosenblatt,Corporate,United States,New York City,New York,10035,East,TEC-AC-10001101,Technology,Accessories,Sony 16GB Class 10 Micro SDHC R40 Memory Card,103.12,8,0.0,10.312
655,CA-2016-137239,8/22/2016,8/28/2016,Standard Class,CR-12730,Craig Reiter,Consumer,United States,Columbus,Ohio,43229,East,OFF-AP-10002439,Office Supplies,Appliances,Tripp Lite Isotel 8 Ultra 8 Outlet Metal Surge,113.552,2,0.2,8.5164
656,CA-2016-137239,8/22/2016,8/28/2016,Standard Class,CR-12730,Craig Reiter,Consumer,United States,Columbus,Ohio,43229,East,OFF-BI-10002827,Office Supplies,Binders,Avery Durable Poly Binders,3.318,2,0.7,-2.6544
657,CA-2016-137239,8/22/2016,8/28/2016,Standard Class,CR-12730,Craig Reiter,Consumer,United States,Columbus,Ohio,43229,East,OFF-EN-10002230,Office Supplies,Envelopes,Airmail Envelopes,134.288,2,0.2,45.3222
664,CA-2016-123666,3/26/2016,3/30/2016,Standard Class,SP-20545,Sibella Parks,Corporate,United States,New York City,New York,10011,East,OFF-ST-10001522,Office Supplies,Storage,"Gould Plastics 18-Pocket Panel Bin, 34w x 5-1/4d x 20-1/2h",459.95,5,0.0,18.398
669,CA-2014-156314,12/24/2014,12/26/2014,First Class,RP-19390,Resi Pölking,Consumer,United States,Cleveland,Ohio,44105,East,FUR-FU-10003096,Furniture,Furnishings,"Master Giant Foot Doorstop, Safety Yellow",30.36,5,0.2,8.7285
681,CA-2016-164511,11/19/2016,11/24/2016,Standard Class,DJ-13630,Doug Jacobs,Consumer,United States,New York City,New York,10024,East,OFF-BI-10003305,Office Supplies,Binders,Avery Hanging File Binders,14.352,3,0.2,4.6644
682,CA-2016-164511,11/19/2016,11/24/2016,Standard Class,DJ-13630,Doug Jacobs,Consumer,United States,New York City,New York,10024,East,OFF-ST-10002583,Office Supplies,Storage,Fellowes Neat Ideas Storage Cubes,64.96,2,0.0,2.5984
683,CA-2016-164511,11/19/2016,11/24/2016,Standard Class,DJ-13630,Doug Jacobs,Consumer,United States,New York City,New York,10024,East,OFF-ST-10004507,Office Supplies,Storage,Advantus Rolling Storage Box,68.6,4,0.0,18.522
689,CA-2017-161480,12/25/2017,12/29/2017,Standard Class,RA-19285,Ralph Arnett,Consumer,United States,New York City,New York,10035,East,FUR-BO-10004015,Furniture,Bookcases,"Bush Andora Bookcase, Maple/Graphite Gray Finish",191.984,2,0.2,4.7996
695,CA-2015-119291,5/14/2015,5/17/2015,First Class,JO-15550,Jesus Ocampo,Home Office,United States,Chester,Pennsylvania,19013,East,OFF-AR-10003373,Office Supplies,Art,"Boston School Pro Electric Pencil Sharpener, 1670",198.272,8,0.2,17.3488
696,CA-2015-119291,5/14/2015,5/17/2015,First Class,JO-15550,Jesus Ocampo,Home Office,United States,Chester,Pennsylvania,19013,East,OFF-LA-10002312,Office Supplies,Labels,Avery 490,47.36,4,0.2,17.76
697,CA-2015-119291,5/14/2015,5/17/2015,First Class,JO-15550,Jesus Ocampo,Home Office,United States,Chester,Pennsylvania,19013,East,OFF-EN-10000927,Office Supplies,Envelopes,Jet-Pak Recycled Peel 'N' Seal Padded Mailers,200.984,7,0.2,62.8075
698,CA-2015-119291,5/14/2015,5/17/2015,First Class,JO-15550,Jesus Ocampo,Home Office,United States,Chester,Pennsylvania,19013,East,OFF-LA-10003510,Office Supplies,Labels,"Avery 4027 File Folder Labels for Dot Matrix Printers, 5000 Labels per Box, White",97.696,4,0.2,31.7512
699,CA-2015-119291,5/14/2015,5/17/2015,First Class,JO-15550,Jesus Ocampo,Home Office,United States,Chester,Pennsylvania,19013,East,OFF-AR-10001118,Office Supplies,Art,"Binney & Smith Crayola Metallic Crayons, 16-Color Pack",2.696,1,0.2,0.8088
700,CA-2015-119291,5/14/2015,5/17/2015,First Class,JO-15550,Jesus Ocampo,Home Office,United States,Chester,Pennsylvania,19013,East,OFF-BI-10001575,Office Supplies,Binders,GBC Linen Binding Covers,18.588,2,0.7,-13.6312
701,CA-2015-119291,5/14/2015,5/17/2015,First Class,JO-15550,Jesus Ocampo,Home Office,United States,Chester,Pennsylvania,19013,East,OFF-BI-10001982,Office Supplies,Binders,Wilson Jones Custom Binder Spines & Labels,4.896,3,0.7,-3.4272
702,CA-2017-114552,9/2/2017,9/8/2017,Standard Class,Dl-13600,Dorris liebe,Corporate,United States,Cleveland,Ohio,44105,East,FUR-FU-10002960,Furniture,Furnishings,"Eldon 200 Class Desk Accessories, Burgundy",15.072,3,0.2,4.1448
708,CA-2014-112158,12/2/2014,12/4/2014,First Class,DP-13165,David Philippe,Consumer,United States,New York City,New York,10035,East,TEC-AC-10003628,Technology,Accessories,Logitech 910-002974 M325 Wireless Mouse for Web Scrolling,119.96,4,0.0,52.7824
709,CA-2014-112158,12/2/2014,12/4/2014,First Class,DP-13165,David Philippe,Consumer,United States,New York City,New York,10035,East,FUR-BO-10003272,Furniture,Bookcases,O'Sullivan Living Dimensions 5-Shelf Bookcases,883.92,5,0.2,-110.49
710,CA-2014-112158,12/2/2014,12/4/2014,First Class,DP-13165,David Philippe,Consumer,United States,New York City,New York,10035,East,OFF-BI-10000050,Office Supplies,Binders,"Angle-D Binders with Locking Rings, Label Holders",46.72,8,0.2,15.768
711,CA-2014-113887,4/5/2014,4/7/2014,First Class,TH-21550,Tracy Hopkins,Home Office,United States,New York City,New York,10035,East,OFF-PA-10004071,Office Supplies,Paper,"Eaton Premium Continuous-Feed Paper, 25% Cotton, Letter Size, White, 1000 Shts/Box",55.48,1,0.0,26.6304
713,US-2017-100048,5/19/2017,5/24/2017,Standard Class,RS-19765,Roland Schwarz,Corporate,United States,Mount Vernon,New York,10550,East,OFF-AP-10001154,Office Supplies,Appliances,Bionaire Personal Warm Mist Humidifier/Vaporizer,281.34,6,0.0,109.7226
714,US-2017-100048,5/19/2017,5/24/2017,Standard Class,RS-19765,Roland Schwarz,Corporate,United States,Mount Vernon,New York,10550,East,TEC-PH-10003012,Technology,Phones,Nortel Meridian M3904 Professional Digital phone,307.98,2,0.0,89.3142
715,US-2017-100048,5/19/2017,5/24/2017,Standard Class,RS-19765,Roland Schwarz,Corporate,United States,Mount Vernon,New York,10550,East,TEC-AC-10001606,Technology,Accessories,Logitech Wireless Performance Mouse MX for PC and Mac,299.97,3,0.0,113.9886
717,CA-2014-130092,1/11/2014,1/14/2014,First Class,SV-20365,Seth Vernon,Consumer,United States,Dover,Delaware,19901,East,FUR-FU-10000010,Furniture,Furnishings,"DAX Value U-Channel Document Frames, Easel Back",9.94,2,0.0,3.0814
718,CA-2017-108910,9/24/2017,9/29/2017,Standard Class,KC-16540,Kelly Collister,Consumer,United States,Newark,Ohio,43055,East,FUR-FU-10002253,Furniture,Furnishings,"Howard Miller 13"" Diameter Pewter Finish Round Wall Clock",103.056,3,0.2,24.4758
724,CA-2014-117429,10/7/2014,10/13/2014,Standard Class,MR-17545,Mathew Reese,Home Office,United States,Philadelphia,Pennsylvania,19140,East,FUR-FU-10000222,Furniture,Furnishings,"Seth Thomas 16"" Steel Case Clock",129.92,5,0.2,21.112
728,US-2016-150861,12/3/2016,12/6/2016,First Class,EG-13900,Emily Grady,Consumer,United States,Oceanside,New York,11572,East,OFF-PA-10001954,Office Supplies,Paper,Xerox 1964,182.72,8,0.0,84.0512
729,US-2016-150861,12/3/2016,12/6/2016,First Class,EG-13900,Emily Grady,Consumer,United States,Oceanside,New York,11572,East,FUR-TA-10002228,Furniture,Tables,"Bevis Traditional Conference Table Top, Plinth Base",400.032,2,0.4,-153.3456
730,US-2016-150861,12/3/2016,12/6/2016,First Class,EG-13900,Emily Grady,Consumer,United States,Oceanside,New York,11572,East,OFF-ST-10004634,Office Supplies,Storage,"Personal Folder Holder, Ebony",33.63,3,0.0,10.089
731,US-2016-150861,12/3/2016,12/6/2016,First Class,EG-13900,Emily Grady,Consumer,United States,Oceanside,New York,11572,East,FUR-CH-10002965,Furniture,Chairs,"Global Leather Highback Executive Chair with Pneumatic Height Adjustment, Black",542.646,3,0.1,102.4998
732,US-2016-150861,12/3/2016,12/6/2016,First Class,EG-13900,Emily Grady,Consumer,United States,Oceanside,New York,11572,East,OFF-LA-10001317,Office Supplies,Labels,Avery 520,6.3,2,0.0,3.024
759,CA-2017-117240,7/23/2017,7/28/2017,Standard Class,CP-12340,Christine Phan,Corporate,United States,New York City,New York,10009,East,OFF-BI-10000848,Office Supplies,Binders,Angle-D Ring Binders,13.128,3,0.2,4.2666
763,CA-2015-114923,2/8/2015,2/13/2015,Standard Class,LH-17020,Lisa Hazard,Consumer,United States,Columbus,Ohio,43229,East,TEC-PH-10003931,Technology,Phones,JBL Micro Wireless Portable Bluetooth Speaker,107.982,3,0.4,-26.9955
777,CA-2014-165974,6/29/2014,7/6/2014,Standard Class,DL-12865,Dan Lawera,Consumer,United States,Cincinnati,Ohio,45231,East,OFF-AR-10003405,Office Supplies,Art,"Dixon My First Ticonderoga Pencil, #2",32.76,7,0.2,3.6855
782,US-2015-157014,10/3/2015,10/6/2015,Second Class,BM-11785,Bryan Mills,Consumer,United States,Columbus,Ohio,43229,East,OFF-BI-10001098,Office Supplies,Binders,Acco D-Ring Binder w/DublLock,32.07,5,0.7,-22.449
783,US-2015-157014,10/3/2015,10/6/2015,Second Class,BM-11785,Bryan Mills,Consumer,United States,Columbus,Ohio,43229,East,TEC-AC-10002167,Technology,Accessories,Imation 8gb Micro Traveldrive Usb 2.0 Flash Drive,24.0,2,0.2,-2.7
784,US-2015-157014,10/3/2015,10/6/2015,Second Class,BM-11785,Bryan Mills,Consumer,United States,Columbus,Ohio,43229,East,FUR-BO-10004409,Furniture,Bookcases,"Safco Value Mate Series Steel Bookcases, Baked Enamel Finish on Steel, Gray",35.49,1,0.5,-15.6156
785,US-2015-157014,10/3/2015,10/6/2015,Second Class,BM-11785,Bryan Mills,Consumer,United States,Columbus,Ohio,43229,East,TEC-AC-10000057,Technology,Accessories,Microsoft Natural Ergonomic Keyboard 4000,47.984,2,0.2,0.5998
797,CA-2015-124653,12/24/2015,12/26/2015,First Class,DB-13120,David Bremer,Corporate,United States,Rochester,New York,14609,East,OFF-PA-10000176,Office Supplies,Paper,Xerox 1887,132.79,7,0.0,63.7392
798,CA-2015-124653,12/24/2015,12/26/2015,First Class,DB-13120,David Bremer,Corporate,United States,Rochester,New York,14609,East,OFF-PA-10002365,Office Supplies,Paper,Xerox 1967,12.96,2,0.0,6.2208
799,CA-2015-124653,12/24/2015,12/26/2015,First Class,DB-13120,David Bremer,Corporate,United States,Rochester,New York,14609,East,OFF-LA-10002271,Office Supplies,Labels,Smead Alpha-Z Color-Coded Second Alphabetical Labels and Starter Set,21.56,7,0.0,10.3488
803,CA-2016-136133,8/18/2016,8/23/2016,Second Class,HW-14935,Helen Wasserman,Corporate,United States,New York City,New York,10024,East,OFF-AP-10000576,Office Supplies,Appliances,Belkin 7 Outlet SurgeMaster II,355.32,9,0.0,99.4896
817,CA-2016-149370,9/15/2016,9/19/2016,Standard Class,DB-13210,Dean Braden,Consumer,United States,Philadelphia,Pennsylvania,19140,East,OFF-PA-10003651,Office Supplies,Paper,Xerox 1968,5.344,1,0.2,1.8704
818,CA-2014-140858,6/28/2014,7/2/2014,Standard Class,CA-12775,Cynthia Arntzen,Consumer,United States,Philadelphia,Pennsylvania,19140,East,OFF-PA-10000304,Office Supplies,Paper,Xerox 1995,41.472,8,0.2,14.5152
819,CA-2014-140858,6/28/2014,7/2/2014,Standard Class,CA-12775,Cynthia Arntzen,Consumer,United States,Philadelphia,Pennsylvania,19140,East,OFF-BI-10003094,Office Supplies,Binders,Self-Adhesive Ring Binder Labels,3.168,3,0.7,-2.4288
820,CA-2014-140858,6/28/2014,7/2/2014,Standard Class,CA-12775,Cynthia Arntzen,Consumer,United States,Philadelphia,Pennsylvania,19140,East,FUR-CH-10001394,Furniture,Chairs,Global Leather Executive Chair,1228.465,5,0.3,0.0
821,CA-2014-140858,6/28/2014,7/2/2014,Standard Class,CA-12775,Cynthia Arntzen,Consumer,United States,Philadelphia,Pennsylvania,19140,East,OFF-BI-10004230,Office Supplies,Binders,GBC Recycled Grain Textured Covers,31.086,3,0.7,-22.7964
822,CA-2014-140858,6/28/2014,7/2/2014,Standard Class,CA-12775,Cynthia Arntzen,Consumer,United States,Philadelphia,Pennsylvania,19140,East,OFF-PA-10003395,Office Supplies,Paper,Xerox 1941,335.52,4,0.2,117.432
823,CA-2017-101434,6/20/2017,6/27/2017,Standard Class,TR-21325,Toby Ritter,Consumer,United States,Belleville,New Jersey,7109,East,TEC-AC-10002402,Technology,Accessories,Razer Kraken PRO Over Ear PC and Music Headset,239.97,3,0.0,71.991
824,CA-2017-101434,6/20/2017,6/27/2017,Standard Class,TR-21325,Toby Ritter,Consumer,United States,Belleville,New Jersey,7109,East,OFF-LA-10003223,Office Supplies,Labels,Avery 508,9.82,2,0.0,4.8118
840,CA-2015-100454,11/20/2015,11/25/2015,Standard Class,BM-11650,Brian Moss,Corporate,United States,New York City,New York,10035,East,OFF-AR-10004648,Office Supplies,Art,Boston 19500 Mighty Mite Electric Pencil Sharpener,60.45,3,0.0,16.3215
841,CA-2015-100454,11/20/2015,11/25/2015,Standard Class,BM-11650,Brian Moss,Corporate,United States,New York City,New York,10035,East,OFF-AR-10002578,Office Supplies,Art,Newell 335,11.52,4,0.0,3.3408
842,CA-2015-100454,11/20/2015,11/25/2015,Standard Class,BM-11650,Brian Moss,Corporate,United States,New York City,New York,10035,East,FUR-BO-10001519,Furniture,Bookcases,O'Sullivan 3-Shelf Heavy-Duty Bookcases,186.048,4,0.2,9.3024
849,CA-2017-107503,1/1/2017,1/6/2017,Standard Class,GA-14725,Guy Armstrong,Consumer,United States,Lorain,Ohio,44052,East,FUR-FU-10003878,Furniture,Furnishings,"Linden 10"" Round Wall Clock, Black",48.896,4,0.2,8.5568
850,CA-2014-107755,2/7/2014,2/12/2014,Standard Class,CK-12760,Cyma Kinney,Corporate,United States,Linden,New Jersey,7036,East,TEC-AC-10000710,Technology,Accessories,Maxell DVD-RAM Discs,115.36,7,0.0,49.6048
854,CA-2016-123274,2/19/2016,2/24/2016,Standard Class,GT-14710,Greg Tran,Consumer,United States,New York City,New York,10035,East,FUR-FU-10004090,Furniture,Furnishings,"Executive Impressions 14"" Contract Wall Clock",44.46,2,0.0,14.6718
855,CA-2016-123274,2/19/2016,2/24/2016,Standard Class,GT-14710,Greg Tran,Consumer,United States,New York City,New York,10035,East,OFF-ST-10000736,Office Supplies,Storage,Carina Double Wide Media Storage Towers in Natural & Black,242.94,3,0.0,9.7176
856,CA-2014-125612,8/3/2014,8/8/2014,Standard Class,BK-11260,Berenike Kampe,Consumer,United States,New York City,New York,10035,East,OFF-PA-10001019,Office Supplies,Paper,Xerox 1884,39.96,2,0.0,18.7812
857,CA-2014-125612,8/3/2014,8/8/2014,Standard Class,BK-11260,Berenike Kampe,Consumer,United States,New York City,New York,10035,East,OFF-SU-10002537,Office Supplies,Supplies,Acme Box Cutter Scissors,102.3,10,0.0,26.598
858,CA-2014-125612,8/3/2014,8/8/2014,Standard Class,BK-11260,Berenike Kampe,Consumer,United States,New York City,New York,10035,East,OFF-ST-10003221,Office Supplies,Storage,Staple magnet,21.36,2,0.0,5.7672
859,CA-2017-161984,4/10/2017,4/15/2017,Standard Class,SJ-20125,Sanjit Jacobs,Home Office,United States,New Brunswick,New Jersey,8901,East,OFF-PA-10004569,Office Supplies,Paper,"Wirebound Message Books, Two 4 1/4"" x 5"" Forms per Page",7.61,1,0.0,3.5767
860,CA-2017-161984,4/10/2017,4/15/2017,Standard Class,SJ-20125,Sanjit Jacobs,Home Office,United States,New Brunswick,New Jersey,8901,East,OFF-FA-10000624,Office Supplies,Fasteners,OIC Binder Clips,7.16,2,0.0,3.58
868,CA-2016-134362,9/29/2016,10/2/2016,First Class,LS-16945,Linda Southworth,Corporate,United States,Philadelphia,Pennsylvania,19140,East,OFF-LA-10004853,Office Supplies,Labels,Avery 483,15.936,4,0.2,5.1792
869,CA-2014-136742,4/6/2014,4/10/2014,Standard Class,GP-14740,Guy Phonely,Corporate,United States,Lancaster,Pennsylvania,17602,East,OFF-BI-10003719,Office Supplies,Binders,Large Capacity Hanging Post Binders,44.91,6,0.7,-35.928
870,CA-2016-158099,9/3/2016,9/5/2016,First Class,PK-18910,Paul Knutson,Home Office,United States,Philadelphia,Pennsylvania,19143,East,OFF-BI-10000545,Office Supplies,Binders,GBC Ibimaster 500 Manual ProClick Binding System,1141.47,5,0.7,-760.98
871,CA-2016-158099,9/3/2016,9/5/2016,First Class,PK-18910,Paul Knutson,Home Office,United States,Philadelphia,Pennsylvania,19143,East,TEC-PH-10002496,Technology,Phones,Cisco SPA301,280.782,3,0.4,-46.797
872,CA-2015-131128,10/19/2015,10/20/2015,First Class,TB-21520,Tracy Blumstein,Consumer,United States,Concord,New Hampshire,3301,East,OFF-PA-10003591,Office Supplies,Paper,Southworth 100% Cotton The Best Paper,34.44,3,0.0,17.22
873,CA-2014-148488,12/10/2014,12/15/2014,Standard Class,SM-20005,Sally Matthias,Consumer,United States,New York City,New York,10009,East,OFF-PA-10004470,Office Supplies,Paper,"Adams Write n' Stick Phone Message Book, 11"" X 5 1/4"", 200 Messages",11.36,2,0.0,5.2256
874,CA-2014-148488,12/10/2014,12/15/2014,Standard Class,SM-20005,Sally Matthias,Consumer,United States,New York City,New York,10009,East,OFF-BI-10000315,Office Supplies,Binders,Poly Designer Cover & Back,106.344,7,0.2,37.2204
876,CA-2016-116736,1/17/2016,1/21/2016,Standard Class,CC-12430,Chuck Clark,Home Office,United States,Concord,New Hampshire,3301,East,FUR-FU-10004017,Furniture,Furnishings,"Tenex Contemporary Contur Chairmats for Low and Medium Pile Carpet, Computer, 39"" x 49""",322.59,3,0.0,64.518
877,CA-2016-116736,1/17/2016,1/21/2016,Standard Class,CC-12430,Chuck Clark,Home Office,United States,Concord,New Hampshire,3301,East,TEC-AC-10003628,Technology,Accessories,Logitech 910-002974 M325 Wireless Mouse for Web Scrolling,29.99,1,0.0,13.1956
878,CA-2016-116736,1/17/2016,1/21/2016,Standard Class,CC-12430,Chuck Clark,Home Office,United States,Concord,New Hampshire,3301,East,TEC-AC-10002049,Technology,Accessories,Logitech G19 Programmable Gaming Keyboard,371.97,3,0.0,66.9546
879,US-2014-158638,9/17/2014,9/21/2014,Standard Class,AG-10765,Anthony Garverick,Home Office,United States,Philadelphia,Pennsylvania,19120,East,OFF-BI-10003712,Office Supplies,Binders,"Acco Pressboard Covers with Storage Hooks, 14 7/8"" x 11"", Light Blue",5.892,4,0.7,-4.1244
880,CA-2017-111689,11/30/2017,12/2/2017,Second Class,HP-14815,Harold Pawlan,Home Office,United States,New York City,New York,10024,East,OFF-BI-10003984,Office Supplies,Binders,Lock-Up Easel 'Spel-Binder',68.472,3,0.2,23.1093
881,CA-2017-111689,11/30/2017,12/2/2017,Second Class,HP-14815,Harold Pawlan,Home Office,United States,New York City,New York,10024,East,FUR-CH-10004287,Furniture,Chairs,SAFCO Arco Folding Chair,1242.9,5,0.1,262.39
885,CA-2014-134061,4/29/2014,5/4/2014,Standard Class,LL-16840,Lauren Leatherbury,Consumer,United States,Rochester,New York,14609,East,FUR-FU-10001424,Furniture,Furnishings,Dax Clear Box Frame,17.46,2,0.0,5.9364
888,CA-2017-150707,10/14/2017,10/19/2017,Standard Class,EL-13735,Ed Ludwig,Home Office,United States,Columbia,Maryland,21044,East,OFF-BI-10001078,Office Supplies,Binders,"Acco PRESSTEX Data Binder with Storage Hooks, Dark Blue, 14 7/8"" X 11""",37.66,7,0.0,18.4534
890,CA-2017-132934,6/20/2017,6/26/2017,Standard Class,JE-15475,Jeremy Ellison,Consumer,United States,New Rochelle,New York,10801,East,TEC-AC-10000927,Technology,Accessories,Anker Ultrathin Bluetooth Wireless Keyboard Aluminum Cover with Stand ,149.95,5,0.0,14.995
891,CA-2017-132934,6/20/2017,6/26/2017,Standard Class,JE-15475,Jeremy Ellison,Consumer,United States,New Rochelle,New York,10801,East,OFF-BI-10001098,Office Supplies,Binders,Acco D-Ring Binder w/DublLock,51.312,3,0.2,18.6006
899,CA-2017-160983,10/29/2017,10/31/2017,Second Class,GB-14530,George Bell,Corporate,United States,Auburn,New York,13021,East,OFF-PA-10002250,Office Supplies,Paper,Things To Do Today Pad,46.96,8,0.0,22.5408
900,US-2016-114622,4/10/2016,4/12/2016,First Class,JR-16210,Justin Ritter,Corporate,United States,Springfield,Ohio,45503,East,OFF-BI-10004716,Office Supplies,Binders,Wilson Jones Hanging Recycled Pressboard Data Binders,8.904,2,0.7,-6.5296
907,CA-2017-143259,12/30/2017,1/3/2018,Standard Class,PO-18865,Patrick O'Donnell,Consumer,United States,New York City,New York,10009,East,FUR-BO-10003441,Furniture,Bookcases,"Bush Westfield Collection Bookcases, Fully Assembled",323.136,4,0.2,12.1176
908,CA-2017-143259,12/30/2017,1/3/2018,Standard Class,PO-18865,Patrick O'Donnell,Consumer,United States,New York City,New York,10009,East,TEC-PH-10004774,Technology,Phones,Gear Head AU3700S Headset,90.93,7,0.0,2.7279
909,CA-2017-143259,12/30/2017,1/3/2018,Standard Class,PO-18865,Patrick O'Donnell,Consumer,United States,New York City,New York,10009,East,OFF-BI-10003684,Office Supplies,Binders,Wilson Jones Legal Size Ring Binders,52.776,3,0.2,19.791
913,CA-2015-133627,5/31/2015,6/7/2015,Standard Class,SC-20050,Sample Company A,Home Office,United States,Norwich,Connecticut,6360,East,FUR-FU-10001935,Furniture,Furnishings,3M Hangers With Command Adhesive,22.2,6,0.0,9.102
922,CA-2015-111164,4/11/2015,4/15/2015,Standard Class,SE-20110,Sanjit Engle,Consumer,United States,New York City,New York,10009,East,TEC-AC-10002473,Technology,Accessories,Maxell 4.7GB DVD-R,85.14,3,0.0,34.9074
923,CA-2015-111164,4/11/2015,4/15/2015,Standard Class,SE-20110,Sanjit Engle,Consumer,United States,New York City,New York,10009,East,TEC-PH-10004531,Technology,Phones,OtterBox Commuter Series Case - iPhone 5 & 5s,21.99,1,0.0,10.5552
924,CA-2015-111164,4/11/2015,4/15/2015,Standard Class,SE-20110,Sanjit Engle,Consumer,United States,New York City,New York,10009,East,OFF-AP-10004487,Office Supplies,Appliances,Kensington 4 Outlet MasterPiece Compact Power Control Center,406.6,5,0.0,113.848
925,CA-2016-149797,9/15/2016,9/20/2016,Standard Class,AH-10075,Adam Hart,Corporate,United States,New York City,New York,10011,East,OFF-BI-10003650,Office Supplies,Binders,GBC DocuBind 300 Electric Binding Machine,841.568,2,0.2,294.5488
926,CA-2014-132962,9/13/2014,9/16/2014,First Class,JM-15535,Jessica Myrick,Consumer,United States,Philadelphia,Pennsylvania,19143,East,OFF-PA-10003543,Office Supplies,Paper,Xerox 1985,15.552,3,0.2,5.4432
927,CA-2014-132962,9/13/2014,9/16/2014,First Class,JM-15535,Jessica Myrick,Consumer,United States,Philadelphia,Pennsylvania,19143,East,TEC-AC-10004353,Technology,Accessories,Hypercom P1300 Pinpad,252.0,5,0.2,53.55
930,CA-2017-144932,4/14/2017,4/17/2017,First Class,AB-10165,Alan Barnes,Consumer,United States,Toledo,Ohio,43615,East,OFF-AR-10003560,Office Supplies,Art,Zebra Zazzle Fluorescent Highlighters,14.592,3,0.2,2.5536
931,CA-2017-144932,4/14/2017,4/17/2017,First Class,AB-10165,Alan Barnes,Consumer,United States,Toledo,Ohio,43615,East,OFF-AR-10001468,Office Supplies,Art,"Sanford Prismacolor Professional Thick Lead Art Pencils, 36-Color Set",89.856,3,0.2,21.3408
932,CA-2017-144932,4/14/2017,4/17/2017,First Class,AB-10165,Alan Barnes,Consumer,United States,Toledo,Ohio,43615,East,OFF-PA-10004971,Office Supplies,Paper,Xerox 196,13.872,3,0.2,5.0286
933,CA-2017-114216,9/2/2017,9/6/2017,Standard Class,RK-19300,Ralph Kennedy,Consumer,United States,Philadelphia,Pennsylvania,19140,East,OFF-PA-10002195,Office Supplies,Paper,"RSVP Cards & Envelopes, Blank White, 8-1/2"" X 11"", 24 Cards/25 Envelopes/Set",12.192,3,0.2,4.1148
934,CA-2016-140081,6/20/2016,6/24/2016,Standard Class,CG-12040,Catherine Glotzbach,Home Office,United States,Philadelphia,Pennsylvania,19120,East,OFF-PA-10001745,Office Supplies,Paper,"Wirebound Message Books, 2 7/8"" x 5"", 3 Forms per Page",45.056,8,0.2,15.2064
935,CA-2016-140081,6/20/2016,6/24/2016,Standard Class,CG-12040,Catherine Glotzbach,Home Office,United States,Philadelphia,Pennsylvania,19120,East,OFF-BI-10004826,Office Supplies,Binders,JM Magazine Binder,29.718,6,0.7,-21.7932
936,CA-2016-140081,6/20/2016,6/24/2016,Standard Class,CG-12040,Catherine Glotzbach,Home Office,United States,Philadelphia,Pennsylvania,19120,East,OFF-PA-10001870,Office Supplies,Paper,Xerox 202,15.552,3,0.2,5.4432
937,CA-2016-140081,6/20/2016,6/24/2016,Standard Class,CG-12040,Catherine Glotzbach,Home Office,United States,Philadelphia,Pennsylvania,19120,East,OFF-AP-10001058,Office Supplies,Appliances,Sanyo 2.5 Cubic Foot Mid-Size Office Refrigerators,447.696,2,0.2,33.5772
948,US-2017-110576,11/28/2017,12/2/2017,Standard Class,RB-19795,Ross Baird,Home Office,United States,Philadelphia,Pennsylvania,19120,East,FUR-FU-10003601,Furniture,Furnishings,"Deflect-o RollaMat Studded, Beveled Mat for Medium Pile Carpeting",516.488,7,0.2,-12.9122
949,US-2017-110576,11/28/2017,12/2/2017,Standard Class,RB-19795,Ross Baird,Home Office,United States,Philadelphia,Pennsylvania,19120,East,FUR-FU-10000576,Furniture,Furnishings,Luxo Professional Fluorescent Magnifier Lamp with Clamp-Mount Base,1007.232,6,0.2,75.5424
950,US-2017-110576,11/28/2017,12/2/2017,Standard Class,RB-19795,Ross Baird,Home Office,United States,Philadelphia,Pennsylvania,19120,East,FUR-TA-10004154,Furniture,Tables,"Riverside Furniture Oval Coffee Table, Oval End Table, End Table with Drawer",2065.32,12,0.4,-619.596
951,US-2017-110576,11/28/2017,12/2/2017,Standard Class,RB-19795,Ross Baird,Home Office,United States,Philadelphia,Pennsylvania,19120,East,OFF-PA-10000788,Office Supplies,Paper,Xerox 210,15.552,3,0.2,5.4432
952,US-2017-110576,11/28/2017,12/2/2017,Standard Class,RB-19795,Ross Baird,Home Office,United States,Philadelphia,Pennsylvania,19120,East,OFF-PA-10002479,Office Supplies,Paper,Xerox 4200 Series MultiUse Premium Copy Paper (20Lb. and 84 Bright),25.344,6,0.2,7.92
953,CA-2017-131156,4/3/2017,4/7/2017,Standard Class,KH-16360,Katherine Hughes,Consumer,United States,Philadelphia,Pennsylvania,19143,East,FUR-FU-10001940,Furniture,Furnishings,Staple-based wall hangings,25.472,4,0.2,7.6416
965,CA-2017-135279,4/9/2017,4/11/2017,First Class,BS-11800,Bryan Spruell,Home Office,United States,New York City,New York,10011,East,OFF-LA-10004055,Office Supplies,Labels,Color-Coded Legal Exhibit Labels,9.82,2,0.0,4.8118
966,CA-2017-135279,4/9/2017,4/11/2017,First Class,BS-11800,Bryan Spruell,Home Office,United States,New York City,New York,10011,East,OFF-AR-10004344,Office Supplies,Art,Bulldog Vacuum Base Pencil Sharpener,35.97,3,0.0,9.7119
967,CA-2017-135279,4/9/2017,4/11/2017,First Class,BS-11800,Bryan Spruell,Home Office,United States,New York City,New York,10011,East,OFF-PA-10004621,Office Supplies,Paper,Xerox 212,12.96,2,0.0,6.2208
968,CA-2017-135279,4/9/2017,4/11/2017,First Class,BS-11800,Bryan Spruell,Home Office,United States,New York City,New York,10011,East,OFF-PA-10001281,Office Supplies,Paper,Computer Printout Paper with Letter-Trim Fine Perforations,191.6,4,0.0,91.968
969,CA-2017-135279,4/9/2017,4/11/2017,First Class,BS-11800,Bryan Spruell,Home Office,United States,New York City,New York,10011,East,OFF-LA-10001613,Office Supplies,Labels,Avery File Folder Labels,8.64,3,0.0,4.2336
970,CA-2017-135279,4/9/2017,4/11/2017,First Class,BS-11800,Bryan Spruell,Home Office,United States,New York City,New York,10011,East,OFF-ST-10001097,Office Supplies,Storage,Office Impressions Heavy Duty Welded Shelving & Multimedia Storage Drawers,501.81,3,0.0,0.0
971,CA-2014-115791,1/16/2014,1/18/2014,Second Class,DL-13315,Delfina Latchford,Consumer,United States,Philadelphia,Pennsylvania,19134,East,FUR-FU-10001095,Furniture,Furnishings,DAX Black Cherry Wood-Tone Poster Frame,127.104,6,0.2,28.5984
972,CA-2014-115791,1/16/2014,1/18/2014,Second Class,DL-13315,Delfina Latchford,Consumer,United States,Philadelphia,Pennsylvania,19134,East,TEC-PH-10004614,Technology,Phones,AT&T 841000 Phone,124.2,3,0.4,-31.05
973,CA-2014-115791,1/16/2014,1/18/2014,Second Class,DL-13315,Delfina Latchford,Consumer,United States,Philadelphia,Pennsylvania,19134,East,OFF-BI-10001575,Office Supplies,Binders,GBC Linen Binding Covers,18.588,2,0.7,-13.6312
974,CA-2014-115791,1/16/2014,1/18/2014,Second Class,DL-13315,Delfina Latchford,Consumer,United States,Philadelphia,Pennsylvania,19134,East,OFF-LA-10001074,Office Supplies,Labels,Round Specialty Laser Printer Labels,30.072,3,0.2,10.1493
975,US-2017-103247,10/5/2017,10/8/2017,Second Class,PO-19195,Phillina Ober,Home Office,United States,New York City,New York,10011,East,TEC-PH-10003555,Technology,Phones,Motorola HK250 Universal Bluetooth Headset,160.93,7,0.0,3.2186
976,US-2017-103247,10/5/2017,10/8/2017,Second Class,PO-19195,Phillina Ober,Home Office,United States,New York City,New York,10011,East,OFF-BI-10004492,Office Supplies,Binders,Tuf-Vin Binders,75.792,3,0.2,25.5798
981,CA-2016-144939,10/3/2016,10/8/2016,Standard Class,EB-13870,Emily Burns,Consumer,United States,New York City,New York,10035,East,FUR-CH-10003199,Furniture,Chairs,Office Star - Contemporary Task Swivel Chair,599.292,6,0.1,93.2232
989,CA-2017-167899,5/21/2017,5/26/2017,Standard Class,JG-15805,John Grady,Corporate,United States,Auburn,New York,13021,East,FUR-FU-10004071,Furniture,Furnishings,Luxo Professional Magnifying Clamp-On Fluorescent Lamps,520.05,5,0.0,72.807
990,CA-2017-167899,5/21/2017,5/26/2017,Standard Class,JG-15805,John Grady,Corporate,United States,Auburn,New York,13021,East,OFF-AR-10001988,Office Supplies,Art,Bulldog Table or Wall-Mount Pencil Sharpener,17.97,3,0.0,5.2113
992,CA-2016-110023,9/9/2016,9/11/2016,First Class,TS-21610,Troy Staebel,Consumer,United States,New York City,New York,10024,East,OFF-BI-10001036,Office Supplies,Binders,Cardinal EasyOpen D-Ring Binders,14.624,2,0.2,5.484
1002,CA-2015-124891,7/31/2015,7/31/2015,Same Day,RH-19495,Rick Hansen,Consumer,United States,New York City,New York,10024,East,TEC-AC-10003033,Technology,Accessories,Plantronics CS510 - Over-the-Head monaural Wireless Headset System,2309.65,7,0.0,762.1845
1003,CA-2015-124891,7/31/2015,7/31/2015,Same Day,RH-19495,Rick Hansen,Consumer,United States,New York City,New York,10024,East,FUR-TA-10002903,Furniture,Tables,"Bevis Round Bullnose 29"" High Table Top",1090.782,7,0.4,-290.8752
1004,CA-2015-124891,7/31/2015,7/31/2015,Same Day,RH-19495,Rick Hansen,Consumer,United States,New York City,New York,10024,East,OFF-PA-10004621,Office Supplies,Paper,Xerox 212,19.44,3,0.0,9.3312
1017,CA-2015-108665,7/6/2015,7/10/2015,Standard Class,KM-16225,Kalyca Meade,Corporate,United States,New York City,New York,10011,East,FUR-FU-10002191,Furniture,Furnishings,G.E. Halogen Desk Lamp Bulbs,13.96,2,0.0,6.7008
1018,CA-2015-108665,7/6/2015,7/10/2015,Standard Class,KM-16225,Kalyca Meade,Corporate,United States,New York City,New York,10011,East,FUR-FU-10000965,Furniture,Furnishings,"Howard Miller 11-1/2"" Diameter Ridgewood Wall Clock",155.82,3,0.0,63.8862
1019,CA-2015-108665,7/6/2015,7/10/2015,Standard Class,KM-16225,Kalyca Meade,Corporate,United States,New York City,New York,10011,East,TEC-PH-10004188,Technology,Phones,OtterBox Commuter Series Case - Samsung Galaxy S4,124.95,5,0.0,2.499
1020,CA-2015-108665,7/6/2015,7/10/2015,Standard Class,KM-16225,Kalyca Meade,Corporate,United States,New York City,New York,10011,East,OFF-ST-10001526,Office Supplies,Storage,Iceberg Mobile Mega Data/Printer Cart ,601.65,5,0.0,156.429
1021,CA-2015-124450,4/27/2015,5/3/2015,Standard Class,GT-14710,Greg Tran,Consumer,United States,Washington,District of Columbia,20016,East,OFF-AR-10001166,Office Supplies,Art,Staples in misc. colors,22.74,3,0.0,8.8686
1022,CA-2015-124450,4/27/2015,5/3/2015,Standard Class,GT-14710,Greg Tran,Consumer,United States,Washington,District of Columbia,20016,East,FUR-CH-10000309,Furniture,Chairs,Global Comet Stacking Arm Chair,1267.53,3,0.0,316.8825
1023,CA-2015-124450,4/27/2015,5/3/2015,Standard Class,GT-14710,Greg Tran,Consumer,United States,Washington,District of Columbia,20016,East,TEC-MA-10004212,Technology,Machines,Cisco SPA525G2 5-Line IP Phone,1379.92,8,0.0,648.5624
1024,CA-2015-167269,6/16/2015,6/20/2015,Standard Class,PB-19150,Philip Brown,Consumer,United States,Philadelphia,Pennsylvania,19134,East,OFF-EN-10003072,Office Supplies,Envelopes,Peel & Seel Envelopes,6.208,2,0.2,2.1728
1026,CA-2016-126529,1/11/2016,1/13/2016,Second Class,DE-13255,Deanra Eno,Home Office,United States,Springfield,Ohio,45503,East,OFF-PA-10001166,Office Supplies,Paper,Xerox 2,15.552,3,0.2,5.4432
1027,CA-2016-126529,1/11/2016,1/13/2016,Second Class,DE-13255,Deanra Eno,Home Office,United States,Springfield,Ohio,45503,East,OFF-PA-10003656,Office Supplies,Paper,Xerox 1935,63.312,3,0.2,20.5764
1028,CA-2016-126529,1/11/2016,1/13/2016,Second Class,DE-13255,Deanra Eno,Home Office,United States,Springfield,Ohio,45503,East,TEC-PH-10000148,Technology,Phones,Cyber Acoustics AC-202b Speech Recognition Stereo Headset,15.588,2,0.4,-9.8724
1029,CA-2014-163552,7/11/2014,7/15/2014,Standard Class,LA-16780,Laura Armstrong,Corporate,United States,Hackensack,New Jersey,7601,East,OFF-PA-10000474,Office Supplies,Paper,Easy-staple paper,177.2,5,0.0,83.284
1030,CA-2014-163552,7/11/2014,7/15/2014,Standard Class,LA-16780,Laura Armstrong,Corporate,United States,Hackensack,New Jersey,7601,East,TEC-PH-10003885,Technology,Phones,Cisco SPA508G,197.97,3,0.0,57.4113
1031,CA-2014-163552,7/11/2014,7/15/2014,Standard Class,LA-16780,Laura Armstrong,Corporate,United States,Hackensack,New Jersey,7601,East,FUR-CH-10003379,Furniture,Chairs,Global Commerce Series High-Back Swivel/Tilt Chairs,854.94,3,0.0,213.735
1032,CA-2014-163552,7/11/2014,7/15/2014,Standard Class,LA-16780,Laura Armstrong,Corporate,United States,Hackensack,New Jersey,7601,East,FUR-FU-10000629,Furniture,Furnishings,9-3/4 Diameter Round Wall Clock,124.11,9,0.0,52.1262
1033,CA-2014-163552,7/11/2014,7/15/2014,Standard Class,LA-16780,Laura Armstrong,Corporate,United States,Hackensack,New Jersey,7601,East,OFF-LA-10001175,Office Supplies,Labels,Avery 514,14.4,5,0.0,7.056
1034,CA-2016-109820,11/20/2016,11/22/2016,First Class,AG-10390,Allen Goldenen,Consumer,United States,Cincinnati,Ohio,45231,East,OFF-PA-10000955,Office Supplies,Paper,Southworth 25% Cotton Granite Paper & Envelopes,15.696,3,0.2,5.1012
1035,CA-2016-109820,11/20/2016,11/22/2016,First Class,AG-10390,Allen Goldenen,Consumer,United States,Cincinnati,Ohio,45231,East,OFF-BI-10003460,Office Supplies,Binders,Acco 3-Hole Punch,2.628,2,0.7,-1.9272
1036,CA-2016-109820,11/20/2016,11/22/2016,First Class,AG-10390,Allen Goldenen,Consumer,United States,Cincinnati,Ohio,45231,East,OFF-BI-10000474,Office Supplies,Binders,Avery Recycled Flexi-View Covers for Binding Systems,14.427,3,0.7,-10.5798
1042,CA-2016-102981,9/6/2016,9/9/2016,Second Class,MO-17500,Mary O'Rourke,Consumer,United States,New York City,New York,10035,East,TEC-AC-10004761,Technology,Accessories,Maxell 4.7GB DVD+RW 3/Pack,31.86,2,0.0,11.151
1043,CA-2016-102981,9/6/2016,9/9/2016,Second Class,MO-17500,Mary O'Rourke,Consumer,United States,New York City,New York,10035,East,FUR-BO-10001811,Furniture,Bookcases,"Atlantic Metals Mobile 5-Shelf Bookcases, Custom Colors",722.352,3,0.2,90.294
1051,US-2015-153500,7/3/2015,7/5/2015,First Class,DG-13300,Deirdre Greer,Corporate,United States,Philadelphia,Pennsylvania,19134,East,FUR-FU-10000293,Furniture,Furnishings,Eldon Antistatic Chair Mats for Low to Medium Pile Carpets,168.464,2,0.2,-29.4812
1052,US-2015-153500,7/3/2015,7/5/2015,First Class,DG-13300,Deirdre Greer,Corporate,United States,Philadelphia,Pennsylvania,19134,East,OFF-PA-10001307,Office Supplies,Paper,"Important Message Pads, 50 4-1/4 x 5-1/2 Forms per Pad",6.72,2,0.2,2.436
1053,US-2015-153500,7/3/2015,7/5/2015,First Class,DG-13300,Deirdre Greer,Corporate,United States,Philadelphia,Pennsylvania,19134,East,FUR-FU-10004460,Furniture,Furnishings,"Howard Miller 12"" Round Wall Clock",282.888,9,0.2,56.5776
1054,CA-2015-110667,4/4/2015,4/8/2015,Standard Class,NF-18595,Nicole Fjeld,Home Office,United States,New York City,New York,10009,East,OFF-AR-10000716,Office Supplies,Art,DIXON Ticonderoga Erasable Checking Pencils,11.16,2,0.0,4.3524
1055,CA-2015-110667,4/4/2015,4/8/2015,Standard Class,NF-18595,Nicole Fjeld,Home Office,United States,New York City,New York,10009,East,FUR-FU-10004622,Furniture,Furnishings,Eldon Advantage Foldable Chair Mats for Low Pile Carpets,108.4,2,0.0,22.764
1056,CA-2015-110667,4/4/2015,4/8/2015,Standard Class,NF-18595,Nicole Fjeld,Home Office,United States,New York City,New York,10009,East,OFF-BI-10002735,Office Supplies,Binders,GBC Prestige Therm-A-Bind Covers,82.344,3,0.2,27.7911
1057,CA-2015-110667,4/4/2015,4/8/2015,Standard Class,NF-18595,Nicole Fjeld,Home Office,United States,New York City,New York,10009,East,OFF-BI-10003529,Office Supplies,Binders,Avery Round Ring Poly Binders,9.088,4,0.2,3.2944
1060,CA-2016-105284,11/24/2016,12/1/2016,Standard Class,MG-17650,Matthew Grinstein,Home Office,United States,Philadelphia,Pennsylvania,19143,East,OFF-FA-10001754,Office Supplies,Fasteners,Stockwell Gold Paper Clips,4.416,3,0.2,1.6008
1062,CA-2015-161263,4/16/2015,4/21/2015,Standard Class,TS-21160,Theresa Swint,Corporate,United States,Toledo,Ohio,43615,East,OFF-AP-10002350,Office Supplies,Appliances,Belkin F9H710-06 7 Outlet SurgeMaster Surge Protector,45.216,3,0.2,4.5216
1063,CA-2015-161263,4/16/2015,4/21/2015,Standard Class,TS-21160,Theresa Swint,Corporate,United States,Toledo,Ohio,43615,East,OFF-FA-10004838,Office Supplies,Fasteners,"Super Bands, 12/Pack",10.416,7,0.2,-2.2134
1064,CA-2015-161263,4/16/2015,4/21/2015,Standard Class,TS-21160,Theresa Swint,Corporate,United States,Toledo,Ohio,43615,East,OFF-AR-10004757,Office Supplies,Art,Crayola Colored Pencils,7.872,3,0.2,1.2792
1065,CA-2015-161263,4/16/2015,4/21/2015,Standard Class,TS-21160,Theresa Swint,Corporate,United States,Toledo,Ohio,43615,East,TEC-PH-10002115,Technology,Phones,Plantronics 81402,118.782,3,0.4,-27.7158
1066,CA-2015-161263,4/16/2015,4/21/2015,Standard Class,TS-21160,Theresa Swint,Corporate,United States,Toledo,Ohio,43615,East,OFF-FA-10003059,Office Supplies,Fasteners,Assorted Color Push Pins,1.448,1,0.2,0.2353
1067,CA-2015-161263,4/16/2015,4/21/2015,Standard Class,TS-21160,Theresa Swint,Corporate,United States,Toledo,Ohio,43615,East,OFF-BI-10004330,Office Supplies,Binders,"GBC Velobind Prepunched Cover Sets, Regency Series",55.47,5,0.7,-46.225
1070,US-2015-150161,7/25/2015,7/29/2015,Standard Class,RB-19795,Ross Baird,Home Office,United States,Philadelphia,Pennsylvania,19143,East,OFF-BI-10001524,Office Supplies,Binders,GBC Premium Transparent Covers with Diagonal Lined Pattern,25.176,4,0.7,-18.4624
1073,CA-2017-106943,11/14/2017,11/19/2017,Standard Class,FO-14305,Frank Olsen,Consumer,United States,New York City,New York,10035,East,OFF-BI-10003669,Office Supplies,Binders,3M Organizer Strips,8.64,2,0.2,3.024
1083,US-2016-143819,3/1/2016,3/5/2016,Standard Class,KD-16270,Karen Daniels,Consumer,United States,Yonkers,New York,10701,East,FUR-TA-10001095,Furniture,Tables,Chromcraft Round Conference Tables,836.592,8,0.4,-264.9208
1084,US-2016-143819,3/1/2016,3/5/2016,Standard Class,KD-16270,Karen Daniels,Consumer,United States,Yonkers,New York,10701,East,OFF-PA-10003127,Office Supplies,Paper,Easy-staple paper,26.38,1,0.0,12.1348
1085,US-2016-143819,3/1/2016,3/5/2016,Standard Class,KD-16270,Karen Daniels,Consumer,United States,Yonkers,New York,10701,East,OFF-ST-10003208,Office Supplies,Storage,Adjustable Depth Letter/Legal Cart,362.92,2,0.0,105.2468
1086,US-2016-143819,3/1/2016,3/5/2016,Standard Class,KD-16270,Karen Daniels,Consumer,United States,Yonkers,New York,10701,East,TEC-MA-10003979,Technology,Machines,Ativa V4110MDD Micro-Cut Shredder,4899.93,7,0.0,2400.9657
1094,CA-2015-165085,12/27/2015,12/31/2015,Standard Class,BT-11485,Brad Thomas,Home Office,United States,Clinton,Maryland,20735,East,OFF-PA-10000605,Office Supplies,Paper,Xerox 1950,28.9,5,0.0,14.161
1095,CA-2015-165085,12/27/2015,12/31/2015,Standard Class,BT-11485,Brad Thomas,Home Office,United States,Clinton,Maryland,20735,East,OFF-AP-10002518,Office Supplies,Appliances,Kensington 7 Outlet MasterPiece Power Center,355.96,2,0.0,103.2284
1134,US-2016-134908,6/5/2016,6/9/2016,Standard Class,JS-15940,Joni Sundaresam,Home Office,United States,Philadelphia,Pennsylvania,19134,East,OFF-ST-10003479,Office Supplies,Storage,"Eldon Base for stackable storage shelf, platinum",124.608,4,0.2,-23.364
1135,US-2016-134908,6/5/2016,6/9/2016,Standard Class,JS-15940,Joni Sundaresam,Home Office,United States,Philadelphia,Pennsylvania,19134,East,OFF-LA-10000973,Office Supplies,Labels,Avery 502,7.56,3,0.2,2.646
1152,CA-2015-113971,5/8/2015,5/14/2015,Standard Class,CB-12535,Claudia Bergmann,Corporate,United States,Cuyahoga Falls,Ohio,44221,East,FUR-FU-10001852,Furniture,Furnishings,"Eldon Regeneration Recycled Desk Accessories, Smoke",8.352,6,0.2,1.2528
1163,CA-2014-127964,3/3/2014,3/8/2014,Standard Class,AP-10720,Anne Pryor,Home Office,United States,New York City,New York,10035,East,TEC-PH-10004700,Technology,Phones,PowerGen Dual USB Car Charger,9.99,1,0.0,4.5954
1164,CA-2014-127964,3/3/2014,3/8/2014,Standard Class,AP-10720,Anne Pryor,Home Office,United States,New York City,New York,10035,East,OFF-BI-10004593,Office Supplies,Binders,Ibico Laser Imprintable Binding System Covers,125.76,3,0.2,40.872
1165,CA-2014-127964,3/3/2014,3/8/2014,Standard Class,AP-10720,Anne Pryor,Home Office,United States,New York City,New York,10035,East,OFF-BI-10003429,Office Supplies,Binders,"Cardinal HOLDit! Binder Insert Strips,Extra Strips",25.32,5,0.2,9.1785
1168,CA-2017-145226,12/8/2017,12/10/2017,Second Class,DL-13315,Delfina Latchford,Consumer,United States,New York City,New York,10035,East,FUR-FU-10004952,Furniture,Furnishings,"C-Line Cubicle Keepers Polyproplyene Holder w/Velcro Back, 8-1/2x11, 25/Bx",109.48,2,0.0,33.9388
1169,CA-2017-145226,12/8/2017,12/10/2017,Second Class,DL-13315,Delfina Latchford,Consumer,United States,New York City,New York,10035,East,OFF-ST-10004123,Office Supplies,Storage,Safco Industrial Wire Shelving System,272.94,3,0.0,0.0
1170,CA-2017-145226,12/8/2017,12/10/2017,Second Class,DL-13315,Delfina Latchford,Consumer,United States,New York City,New York,10035,East,OFF-PA-10003172,Office Supplies,Paper,Xerox 1996,19.44,3,0.0,9.3312
1171,CA-2017-145226,12/8/2017,12/10/2017,Second Class,DL-13315,Delfina Latchford,Consumer,United States,New York City,New York,10035,East,OFF-ST-10002352,Office Supplies,Storage,Iris Project Case,31.92,4,0.0,8.2992
1175,CA-2015-132080,8/22/2015,8/25/2015,First Class,DP-13105,Dave Poirier,Corporate,United States,New York City,New York,10035,East,OFF-BI-10003694,Office Supplies,Binders,"Avery 3 1/2"" Diskette Storage Pages, 10/Pack",50.112,6,0.2,16.2864
1176,CA-2016-161207,8/29/2016,9/3/2016,Standard Class,AB-10060,Adam Bellavance,Home Office,United States,Concord,New Hampshire,3301,East,OFF-SU-10000381,Office Supplies,Supplies,Acme Forged Steel Scissors with Black Enamel Handles,27.93,3,0.0,8.0997
1178,CA-2016-113621,12/1/2016,12/5/2016,Standard Class,JE-15745,Joel Eaton,Consumer,United States,Rockville,Maryland,20852,East,FUR-CH-10001270,Furniture,Chairs,Harbour Creations Steel Folding Chair,172.5,2,0.0,51.75
1179,CA-2016-113621,12/1/2016,12/5/2016,Standard Class,JE-15745,Joel Eaton,Consumer,United States,Rockville,Maryland,20852,East,TEC-PH-10003931,Technology,Phones,JBL Micro Wireless Portable Bluetooth Speaker,179.97,3,0.0,44.9925
1181,CA-2014-128146,6/21/2014,6/25/2014,Standard Class,DB-13060,Dave Brooks,Consumer,United States,Lakewood,New Jersey,8701,East,TEC-PH-10004539,Technology,Phones,Wireless Extenders zBoost YX545 SOHO Signal Booster,1322.93,7,0.0,357.1911
1182,CA-2014-128146,6/21/2014,6/25/2014,Standard Class,DB-13060,Dave Brooks,Consumer,United States,Lakewood,New Jersey,8701,East,OFF-AR-10001919,Office Supplies,Art,"OIC #2 Pencils, Medium Soft",3.76,2,0.0,1.0904
1207,CA-2016-137050,7/14/2016,7/18/2016,Second Class,SW-20755,Steven Ward,Corporate,United States,New York City,New York,10009,East,OFF-ST-10004634,Office Supplies,Storage,"Personal Folder Holder, Ebony",11.21,1,0.0,3.363
1208,CA-2016-137050,7/14/2016,7/18/2016,Second Class,SW-20755,Steven Ward,Corporate,United States,New York City,New York,10009,East,OFF-BI-10002160,Office Supplies,Binders,Acco Hanging Data Binders,9.144,3,0.2,3.2004
1209,CA-2016-137050,7/14/2016,7/18/2016,Second Class,SW-20755,Steven Ward,Corporate,United States,New York City,New York,10009,East,OFF-FA-10002988,Office Supplies,Fasteners,Ideal Clamps,14.07,7,0.0,6.8943
1210,CA-2016-137050,7/14/2016,7/18/2016,Second Class,SW-20755,Steven Ward,Corporate,United States,New York City,New York,10009,East,OFF-AR-10004999,Office Supplies,Art,Newell 315,41.86,7,0.0,10.465
1211,CA-2016-137050,7/14/2016,7/18/2016,Second Class,SW-20755,Steven Ward,Corporate,United States,New York City,New York,10009,East,OFF-BI-10001031,Office Supplies,Binders,Pressboard Data Binders by Wilson Jones,8.544,2,0.2,2.8836
1212,CA-2016-137050,7/14/2016,7/18/2016,Second Class,SW-20755,Steven Ward,Corporate,United States,New York City,New York,10009,East,FUR-BO-10004695,Furniture,Bookcases,O'Sullivan 2-Door Barrister Bookcase in Odessa Pine,579.136,4,0.2,21.7176
1213,US-2017-118087,9/9/2017,9/13/2017,Standard Class,SP-20620,Stefania Perrino,Corporate,United States,Philadelphia,Pennsylvania,19134,East,FUR-CH-10004860,Furniture,Chairs,Global Low Back Tilter Chair,141.372,2,0.3,-48.4704
1214,US-2017-118087,9/9/2017,9/13/2017,Standard Class,SP-20620,Stefania Perrino,Corporate,United States,Philadelphia,Pennsylvania,19134,East,OFF-BI-10002432,Office Supplies,Binders,Wilson Jones Standard D-Ring Binders,3.036,2,0.7,-2.3276
1215,US-2017-118087,9/9/2017,9/13/2017,Standard Class,SP-20620,Stefania Perrino,Corporate,United States,Philadelphia,Pennsylvania,19134,East,OFF-BI-10000069,Office Supplies,Binders,"GBC Prepunched Paper, 19-Hole, for Binding Systems, 24-lb",4.503,1,0.7,-3.6024
1216,US-2017-118087,9/9/2017,9/13/2017,Standard Class,SP-20620,Stefania Perrino,Corporate,United States,Philadelphia,Pennsylvania,19134,East,OFF-AR-10003602,Office Supplies,Art,"Quartet Omega Colored Chalk, 12/Pack",4.672,1,0.2,1.5768
1217,US-2017-118087,9/9/2017,9/13/2017,Standard Class,SP-20620,Stefania Perrino,Corporate,United States,Philadelphia,Pennsylvania,19134,East,TEC-AC-10004469,Technology,Accessories,Microsoft Sculpt Comfort Mouse,95.88,3,0.2,28.764
1218,US-2017-118087,9/9/2017,9/13/2017,Standard Class,SP-20620,Stefania Perrino,Corporate,United States,Philadelphia,Pennsylvania,19134,East,FUR-FU-10001867,Furniture,Furnishings,"Eldon Expressions Punched Metal & Wood Desk Accessories, Pewter & Cherry",17.024,2,0.2,1.7024
1219,US-2017-118087,9/9/2017,9/13/2017,Standard Class,SP-20620,Stefania Perrino,Corporate,United States,Philadelphia,Pennsylvania,19134,East,TEC-AC-10003174,Technology,Accessories,Plantronics S12 Corded Telephone Headset System,258.696,3,0.2,64.674
1220,US-2017-118087,9/9/2017,9/13/2017,Standard Class,SP-20620,Stefania Perrino,Corporate,United States,Philadelphia,Pennsylvania,19134,East,TEC-PH-10002200,Technology,Phones,Samsung Galaxy Note 2,1931.958,7,0.4,-386.3916
1223,CA-2016-126004,12/4/2016,12/5/2016,First Class,BM-11140,Becky Martin,Consumer,United States,New York City,New York,10024,East,FUR-FU-10001602,Furniture,Furnishings,"Eldon Delta Triangular Chair Mat, 52"" x 58"", Clear",113.79,3,0.0,20.4822
1224,CA-2016-126004,12/4/2016,12/5/2016,First Class,BM-11140,Becky Martin,Consumer,United States,New York City,New York,10024,East,TEC-AC-10001432,Technology,Accessories,Enermax Aurora Lite Keyboard,78.15,1,0.0,34.386
1225,CA-2016-126004,12/4/2016,12/5/2016,First Class,BM-11140,Becky Martin,Consumer,United States,New York City,New York,10024,East,OFF-BI-10004656,Office Supplies,Binders,Peel & Stick Add-On Corner Pockets,1.728,1,0.2,0.6048
1226,CA-2016-126004,12/4/2016,12/5/2016,First Class,BM-11140,Becky Martin,Consumer,United States,New York City,New York,10024,East,OFF-PA-10001685,Office Supplies,Paper,Easy-staple paper,40.56,4,0.0,19.8744
1227,CA-2016-126004,12/4/2016,12/5/2016,First Class,BM-11140,Becky Martin,Consumer,United States,New York City,New York,10024,East,OFF-ST-10001418,Office Supplies,Storage,Carina Media Storage Towers in Natural & Black,182.94,3,0.0,3.6588
1228,CA-2016-126004,12/4/2016,12/5/2016,First Class,BM-11140,Becky Martin,Consumer,United States,New York City,New York,10024,East,OFF-ST-10000676,Office Supplies,Storage,Fellowes Econo/Stor Drawers,193.86,2,0.0,11.6316
1232,CA-2015-132570,10/31/2015,11/2/2015,Second Class,KT-16480,Kean Thornton,Consumer,United States,Buffalo,New York,14215,East,OFF-AR-10000369,Office Supplies,Art,Design Ebony Sketching Pencil,2.78,2,0.0,0.7228
1233,CA-2015-132570,10/31/2015,11/2/2015,Second Class,KT-16480,Kean Thornton,Consumer,United States,Buffalo,New York,14215,East,OFF-EN-10003055,Office Supplies,Envelopes,"Blue String-Tie & Button Interoffice Envelopes, 10 x 13",79.96,2,0.0,35.982
1234,CA-2016-153682,5/30/2016,6/1/2016,First Class,BG-11695,Brooke Gillingham,Corporate,United States,Cincinnati,Ohio,45231,East,TEC-CO-10001046,Technology,Copiers,Canon Imageclass D680 Copier / Fax,839.988,2,0.4,69.999
1242,CA-2016-128727,8/29/2016,9/4/2016,Standard Class,MO-17800,Meg O'Connel,Home Office,United States,New York City,New York,10024,East,TEC-PH-10003442,Technology,Phones,Samsung Replacement EH64AVFWE Premium Headset,22.0,4,0.0,5.5
1243,US-2016-162859,2/15/2016,2/22/2016,Standard Class,PG-18820,Patrick Gardner,Consumer,United States,New York City,New York,10009,East,OFF-BI-10004519,Office Supplies,Binders,GBC DocuBind P100 Manual Binding Machine,398.352,3,0.2,124.485
1244,US-2016-162859,2/15/2016,2/22/2016,Standard Class,PG-18820,Patrick Gardner,Consumer,United States,New York City,New York,10009,East,OFF-FA-10000304,Office Supplies,Fasteners,Advantus Push Pins,8.72,4,0.0,3.5752
1249,CA-2017-115602,12/18/2017,12/24/2017,Standard Class,DJ-13630,Doug Jacobs,Consumer,United States,New York City,New York,10009,East,OFF-AR-10002280,Office Supplies,Art,Staples in misc. colors,38.82,6,0.0,17.469
1250,CA-2017-115602,12/18/2017,12/24/2017,Standard Class,DJ-13630,Doug Jacobs,Consumer,United States,New York City,New York,10009,East,FUR-CH-10001708,Furniture,Chairs,Office Star - Contemporary Swivel Chair with Padded Adjustable Arms and Flex Back,1141.938,9,0.1,139.5702
1251,CA-2017-115602,12/18/2017,12/24/2017,Standard Class,DJ-13630,Doug Jacobs,Consumer,United States,New York City,New York,10009,East,OFF-AP-10000891,Office Supplies,Appliances,Kensington 7 Outlet MasterPiece HOMEOFFICE Power Control Center,1704.56,13,0.0,511.368
1252,CA-2017-115602,12/18/2017,12/24/2017,Standard Class,DJ-13630,Doug Jacobs,Consumer,United States,New York City,New York,10009,East,OFF-AR-10000462,Office Supplies,Art,Sanford Pocket Accent Highlighters,3.2,2,0.0,1.376
1254,CA-2017-144638,3/10/2017,3/14/2017,Standard Class,MH-18115,Mick Hernandez,Home Office,United States,Chester,Pennsylvania,19013,East,OFF-AR-10003958,Office Supplies,Art,Newell 337,5.248,2,0.2,0.5904
1255,CA-2017-144638,3/10/2017,3/14/2017,Standard Class,MH-18115,Mick Hernandez,Home Office,United States,Chester,Pennsylvania,19013,East,TEC-PH-10000149,Technology,Phones,Cisco SPA525G2 IP Phone - Wireless,35.91,3,0.4,-8.379
1256,CA-2017-144638,3/10/2017,3/14/2017,Standard Class,MH-18115,Mick Hernandez,Home Office,United States,Chester,Pennsylvania,19013,East,FUR-FU-10003724,Furniture,Furnishings,Westinghouse Clip-On Gooseneck Lamps,6.696,1,0.2,0.5022
1257,CA-2017-144638,3/10/2017,3/14/2017,Standard Class,MH-18115,Mick Hernandez,Home Office,United States,Chester,Pennsylvania,19013,East,FUR-FU-10003535,Furniture,Furnishings,Howard Miller Distant Time Traveler Alarm Clock,43.872,2,0.2,11.5164
1263,CA-2017-105053,7/7/2017,7/9/2017,Second Class,CS-12355,Christine Sundaresam,Consumer,United States,Long Beach,New York,11561,East,OFF-BI-10001634,Office Supplies,Binders,Wilson Jones Active Use Binders,17.472,3,0.2,6.3336
1286,CA-2016-119445,6/26/2016,7/3/2016,Standard Class,GM-14500,Gene McClure,Consumer,United States,Providence,Rhode Island,2908,East,OFF-ST-10000617,Office Supplies,Storage,Woodgrain Magazine Files by Perma,14.9,5,0.0,1.043
1287,CA-2015-124268,7/4/2015,7/8/2015,Standard Class,AD-10180,Alan Dominguez,Home Office,United States,New York City,New York,10035,East,OFF-AR-10004817,Office Supplies,Art,Colorific Watercolor Pencils,15.48,3,0.0,4.4892
1288,CA-2016-154711,11/22/2016,11/26/2016,Standard Class,TB-21355,Todd Boyes,Corporate,United States,New York City,New York,10009,East,FUR-FU-10000397,Furniture,Furnishings,Luxo Economy Swing Arm Lamp,39.88,2,0.0,11.1664
1289,CA-2016-154711,11/22/2016,11/26/2016,Standard Class,TB-21355,Todd Boyes,Corporate,United States,New York City,New York,10009,East,OFF-BI-10000605,Office Supplies,Binders,"Acco Pressboard Covers with Storage Hooks, 9 1/2"" x 11"", Executive Red",12.192,4,0.2,4.1148
1290,CA-2016-154711,11/22/2016,11/26/2016,Standard Class,TB-21355,Todd Boyes,Corporate,United States,New York City,New York,10009,East,OFF-AR-10001860,Office Supplies,Art,BIC Liqua Brite Liner,20.82,3,0.0,7.4952
1312,CA-2016-141082,12/9/2016,12/13/2016,Standard Class,FM-14380,Fred McMath,Consumer,United States,Lawrence,Massachusetts,1841,East,OFF-LA-10001404,Office Supplies,Labels,Avery 517,3.69,1,0.0,1.7343
1313,CA-2016-141082,12/9/2016,12/13/2016,Standard Class,FM-14380,Fred McMath,Consumer,United States,Lawrence,Massachusetts,1841,East,OFF-LA-10001474,Office Supplies,Labels,Avery 477,122.12,4,0.0,56.1752
1314,US-2016-134488,9/24/2016,10/1/2016,Standard Class,PK-19075,Pete Kriz,Consumer,United States,Columbus,Ohio,43229,East,FUR-CH-10003199,Furniture,Chairs,Office Star - Contemporary Task Swivel Chair,155.372,2,0.3,-13.3176
1318,CA-2017-157651,12/10/2017,12/14/2017,Standard Class,HA-14920,Helen Andreada,Consumer,United States,Philadelphia,Pennsylvania,19120,East,TEC-AC-10003116,Technology,Accessories,Memorex Froggy Flash Drive 8 GB,14.2,1,0.2,3.3725
1321,CA-2017-167703,2/3/2017,2/8/2017,Standard Class,MC-17575,Matt Collins,Consumer,United States,Cincinnati,Ohio,45231,East,OFF-BI-10002071,Office Supplies,Binders,Fellowes Black Plastic Comb Bindings,5.229,3,0.7,-4.1832
1322,CA-2017-167703,2/3/2017,2/8/2017,Standard Class,MC-17575,Matt Collins,Consumer,United States,Cincinnati,Ohio,45231,East,OFF-ST-10001490,Office Supplies,Storage,"Hot File 7-Pocket, Floor Stand",285.552,2,0.2,35.694
1325,CA-2014-107153,9/28/2014,10/3/2014,Standard Class,GZ-14545,George Zrebassa,Corporate,United States,Lawrence,Massachusetts,1841,East,OFF-ST-10001321,Office Supplies,Storage,"Decoflex Hanging Personal Folder File, Blue",46.26,3,0.0,12.4902
1327,CA-2015-120439,6/14/2015,6/18/2015,Standard Class,AD-10180,Alan Dominguez,Home Office,United States,Philadelphia,Pennsylvania,19120,East,FUR-FU-10001867,Furniture,Furnishings,"Eldon Expressions Punched Metal & Wood Desk Accessories, Pewter & Cherry",51.072,6,0.2,5.1072
1328,CA-2016-128258,3/30/2016,4/1/2016,First Class,CP-12085,Cathy Prescott,Corporate,United States,Norwich,Connecticut,6360,East,OFF-PA-10004156,Office Supplies,Paper,Xerox 188,11.34,1,0.0,5.5566
1331,CA-2017-127705,6/2/2017,6/6/2017,Standard Class,AB-10255,Alejandro Ballentine,Home Office,United States,Lorain,Ohio,44052,East,TEC-PH-10000347,Technology,Phones,Cush Cases Heavy Duty Rugged Cover Case for Samsung Galaxy S5 - Purple,2.97,1,0.4,-0.6435
1332,CA-2017-127705,6/2/2017,6/6/2017,Standard Class,AB-10255,Alejandro Ballentine,Home Office,United States,Lorain,Ohio,44052,East,OFF-ST-10004507,Office Supplies,Storage,Advantus Rolling Storage Box,27.44,2,0.2,2.401
1336,CA-2016-122133,5/16/2016,5/23/2016,Standard Class,JR-15670,Jim Radford,Consumer,United States,Middletown,Connecticut,6457,East,OFF-ST-10002574,Office Supplies,Storage,"SAFCO Commercial Wire Shelving, Black",552.56,4,0.0,0.0
1338,CA-2017-100524,3/31/2017,4/2/2017,Second Class,CM-12115,Chad McGuire,Consumer,United States,New York City,New York,10011,East,FUR-FU-10004018,Furniture,Furnishings,Tensor Computer Mounted Lamp,29.78,2,0.0,8.0406
1339,CA-2017-100524,3/31/2017,4/2/2017,Second Class,CM-12115,Chad McGuire,Consumer,United States,New York City,New York,10011,East,TEC-PH-10002549,Technology,Phones,Polycom SoundPoint IP 450 VoIP phone,677.58,3,0.0,176.1708
1340,CA-2017-100524,3/31/2017,4/2/2017,Second Class,CM-12115,Chad McGuire,Consumer,United States,New York City,New York,10011,East,OFF-PA-10004911,Office Supplies,Paper,"Rediform S.O.S. 1-Up Phone Message Bk, 4-1/4x3-1/16 Bk, 1 Form/Pg, 40 Messages/Bk, 3/Pk",75.04,8,0.0,36.0192
1344,CA-2015-131758,5/28/2015,6/1/2015,Standard Class,KB-16315,Karl Braun,Consumer,United States,Freeport,New York,11520,East,OFF-AR-10000411,Office Supplies,Art,Boston 16701 Slimline Battery Pencil Sharpener,47.82,3,0.0,14.346
1345,CA-2015-131758,5/28/2015,6/1/2015,Standard Class,KB-16315,Karl Braun,Consumer,United States,Freeport,New York,11520,East,OFF-LA-10000262,Office Supplies,Labels,Avery 494,13.05,5,0.0,6.003
1361,CA-2017-125199,10/19/2017,10/25/2017,Standard Class,HM-14860,Harry Marie,Corporate,United States,Philadelphia,Pennsylvania,19120,East,OFF-AR-10002956,Office Supplies,Art,Boston 16801 Nautilus Battery Pencil Sharpener,123.256,7,0.2,9.2442
1362,CA-2017-125199,10/19/2017,10/25/2017,Standard Class,HM-14860,Harry Marie,Corporate,United States,Philadelphia,Pennsylvania,19120,East,OFF-PA-10004041,Office Supplies,Paper,"It's Hot Message Books with Stickers, 2 3/4"" x 5""",23.68,4,0.2,7.4
1363,CA-2017-125199,10/19/2017,10/25/2017,Standard Class,HM-14860,Harry Marie,Corporate,United States,Philadelphia,Pennsylvania,19120,East,TEC-PH-10001336,Technology,Phones,Digium D40 VoIP phone,309.576,4,0.4,-56.7556
1372,CA-2017-136672,3/7/2017,3/12/2017,Standard Class,MG-17890,Michael Granlund,Home Office,United States,Clinton,Maryland,20735,East,TEC-AC-10004510,Technology,Accessories,Logitech Desktop MK120 Mouse and keyboard Combo,49.08,3,0.0,4.908
1397,CA-2016-124485,11/24/2016,11/26/2016,First Class,NC-18340,Nat Carroll,Consumer,United States,New York City,New York,10035,East,OFF-BI-10000822,Office Supplies,Binders,"Acco PRESSTEX Data Binder with Storage Hooks, Light Blue, 9 1/2"" X 11""",17.216,4,0.2,6.0256
1398,CA-2016-124485,11/24/2016,11/26/2016,First Class,NC-18340,Nat Carroll,Consumer,United States,New York City,New York,10035,East,OFF-PA-10004971,Office Supplies,Paper,Xerox 196,11.56,2,0.0,5.6644
1399,CA-2016-124485,11/24/2016,11/26/2016,First Class,NC-18340,Nat Carroll,Consumer,United States,New York City,New York,10035,East,TEC-AC-10002323,Technology,Accessories,SanDisk Ultra 32 GB MicroSDHC Class 10 Memory Card,88.4,4,0.0,11.492
1400,CA-2016-124485,11/24/2016,11/26/2016,First Class,NC-18340,Nat Carroll,Consumer,United States,New York City,New York,10035,East,OFF-PA-10004888,Office Supplies,Paper,Xerox 217,6.48,1,0.0,3.1104
1403,US-2016-161396,4/19/2016,4/25/2016,Standard Class,GM-14455,Gary Mitchum,Home Office,United States,Columbus,Ohio,43229,East,FUR-TA-10002622,Furniture,Tables,"Bush Andora Conference Table, Maple/Graphite Gray Finish",205.176,2,0.4,-58.1332
1404,US-2016-161396,4/19/2016,4/25/2016,Standard Class,GM-14455,Gary Mitchum,Home Office,United States,Columbus,Ohio,43229,East,OFF-PA-10000418,Office Supplies,Paper,Xerox 189,419.4,5,0.2,146.79
1405,US-2014-118486,4/6/2014,4/8/2014,First Class,SD-20485,Shirley Daniels,Home Office,United States,Philadelphia,Pennsylvania,19143,East,OFF-SU-10004498,Office Supplies,Supplies,Martin-Yale Premier Letter Opener,10.304,1,0.2,-2.1896
1406,US-2014-118486,4/6/2014,4/8/2014,First Class,SD-20485,Shirley Daniels,Home Office,United States,Philadelphia,Pennsylvania,19143,East,FUR-TA-10001039,Furniture,Tables,KI Adjustable-Height Table,154.764,3,0.4,-36.1116
1407,US-2014-118486,4/6/2014,4/8/2014,First Class,SD-20485,Shirley Daniels,Home Office,United States,Philadelphia,Pennsylvania,19143,East,TEC-AC-10004659,Technology,Accessories,Imation Secure+ Hardware Encrypted USB 2.0 Flash Drive; 16GB,116.784,2,0.2,21.897
1408,CA-2016-130407,9/2/2016,9/6/2016,Standard Class,KD-16270,Karen Daniels,Consumer,United States,New York City,New York,10024,East,OFF-AR-10002240,Office Supplies,Art,Panasonic KP-150 Electric Pencil Sharpener,75.48,2,0.0,19.6248
1409,CA-2016-130407,9/2/2016,9/6/2016,Standard Class,KD-16270,Karen Daniels,Consumer,United States,New York City,New York,10024,East,FUR-FU-10001967,Furniture,Furnishings,Telescoping Adjustable Floor Lamp,39.98,2,0.0,9.995
1412,CA-2016-136329,7/9/2016,7/13/2016,Standard Class,JD-15895,Jonathan Doherty,Corporate,United States,New York City,New York,10035,East,FUR-CH-10002335,Furniture,Chairs,Hon GuestStacker Chair,408.006,2,0.1,72.5344
1413,CA-2016-136329,7/9/2016,7/13/2016,Standard Class,JD-15895,Jonathan Doherty,Corporate,United States,New York City,New York,10035,East,FUR-FU-10000723,Furniture,Furnishings,"Deflect-o EconoMat Studded, No Bevel Mat for Low Pile Carpeting",165.28,4,0.0,14.8752
1414,CA-2014-146640,6/30/2014,7/5/2014,Standard Class,HA-14905,Helen Abelman,Consumer,United States,New York City,New York,10024,East,OFF-BI-10002867,Office Supplies,Binders,GBC Recycled Regency Composition Covers,334.768,7,0.2,108.7996
1431,CA-2017-122700,11/26/2017,11/30/2017,Standard Class,LT-17110,Liz Thompson,Consumer,United States,Columbus,Ohio,43229,East,TEC-PH-10003092,Technology,Phones,Motorola L804,220.752,8,0.4,-40.4712
1436,CA-2017-106852,6/20/2017,6/27/2017,Standard Class,ST-20530,Shui Tom,Consumer,United States,Parma,Ohio,44134,East,OFF-PA-10001639,Office Supplies,Paper,Xerox 203,31.104,6,0.2,10.8864
1437,CA-2017-106852,6/20/2017,6/27/2017,Standard Class,ST-20530,Shui Tom,Consumer,United States,Parma,Ohio,44134,East,OFF-AR-10003829,Office Supplies,Art,Newell 35,5.248,2,0.2,0.5904
1440,CA-2017-122735,4/12/2017,4/15/2017,Second Class,BD-11320,Bill Donatelli,Consumer,United States,Providence,Rhode Island,2908,East,OFF-BI-10004364,Office Supplies,Binders,Storex Dura Pro Binders,29.7,5,0.0,13.365
1441,CA-2017-122735,4/12/2017,4/15/2017,Second Class,BD-11320,Bill Donatelli,Consumer,United States,Providence,Rhode Island,2908,East,OFF-PA-10001712,Office Supplies,Paper,Xerox 1948,39.96,4,0.0,17.982
1449,US-2014-112564,4/23/2014,4/24/2014,First Class,TS-21160,Theresa Swint,Corporate,United States,Philadelphia,Pennsylvania,19134,East,OFF-BI-10004876,Office Supplies,Binders,Wilson Jones Suede Grain Vinyl Binders,2.502,3,0.7,-1.7514
1458,CA-2015-111297,8/17/2015,8/21/2015,Standard Class,SC-20440,Shaun Chance,Corporate,United States,New Bedford,Massachusetts,2740,East,OFF-BI-10002412,Office Supplies,Binders,Wilson Jones Snap Scratch Pad Binder Tool for Ring Binders,52.2,9,0.0,23.49
1460,CA-2014-155271,5/4/2014,5/4/2014,Same Day,AA-10480,Andrew Allen,Consumer,United States,Middletown,Connecticut,6457,East,FUR-FU-10001473,Furniture,Furnishings,DAX Wood Document Frame,27.46,2,0.0,9.8856
1462,US-2016-128902,3/11/2016,3/15/2016,Standard Class,MB-18085,Mick Brown,Consumer,United States,Vineland,New Jersey,8360,East,FUR-TA-10001095,Furniture,Tables,Chromcraft Round Conference Tables,244.006,2,0.3,-31.3722
1465,US-2016-104794,12/16/2016,12/19/2016,First Class,KD-16495,Keith Dawkins,Corporate,United States,New York City,New York,10009,East,OFF-FA-10001754,Office Supplies,Fasteners,Stockwell Gold Paper Clips,3.68,2,0.0,1.8032
1472,US-2015-161466,9/24/2015,9/27/2015,Second Class,ON-18715,Odella Nelson,Corporate,United States,Philadelphia,Pennsylvania,19120,East,OFF-AR-10000634,Office Supplies,Art,Newell 320,6.848,2,0.2,0.5992
1475,CA-2016-113138,11/19/2016,11/25/2016,Standard Class,NP-18685,Nora Pelletier,Home Office,United States,Niagara Falls,New York,14304,East,OFF-AR-10003770,Office Supplies,Art,Newell 340,17.28,6,0.0,5.0112
1476,CA-2016-113138,11/19/2016,11/25/2016,Standard Class,NP-18685,Nora Pelletier,Home Office,United States,Niagara Falls,New York,14304,East,OFF-BI-10000320,Office Supplies,Binders,GBC Plastic Binding Combs,17.712,3,0.2,6.4206
1477,US-2017-104955,3/19/2017,3/24/2017,Standard Class,CG-12040,Catherine Glotzbach,Home Office,United States,New York City,New York,10024,East,OFF-LA-10003121,Office Supplies,Labels,Avery 506,28.91,7,0.0,13.2986
1486,CA-2014-119032,11/27/2014,12/3/2014,Standard Class,MS-17770,Maxwell Schwartz,Consumer,United States,New York City,New York,10035,East,OFF-FA-10003021,Office Supplies,Fasteners,Staples,3.76,2,0.0,1.316
1490,CA-2014-136280,11/29/2014,12/6/2014,Standard Class,Co-12640,Corey-Lock,Consumer,United States,Philadelphia,Pennsylvania,19143,East,OFF-LA-10000452,Office Supplies,Labels,Avery 488,5.04,2,0.2,1.764
1491,CA-2017-151911,4/30/2017,5/5/2017,Second Class,DL-13495,Dionis Lloyd,Corporate,United States,New York City,New York,10024,East,OFF-EN-10002986,Office Supplies,Envelopes,"#10-4 1/8"" x 9 1/2"" Premium Diagonal Seam Envelopes",62.96,4,0.0,28.332
1492,CA-2017-166436,11/24/2017,11/28/2017,Standard Class,TS-21370,Todd Sumrall,Corporate,United States,New York City,New York,10035,East,OFF-PA-10001838,Office Supplies,Paper,"Adams Telephone Message Book W/Dividers/Space For Phone Numbers, 5 1/4""X8 1/2"", 300/Messages",5.88,1,0.0,2.8812
1493,CA-2017-166436,11/24/2017,11/28/2017,Standard Class,TS-21370,Todd Sumrall,Corporate,United States,New York City,New York,10035,East,FUR-CH-10000785,Furniture,Chairs,Global Ergonomic Managers Chair,977.292,6,0.1,173.7408
1507,CA-2017-154935,12/24/2017,12/29/2017,Standard Class,AR-10540,Andy Reiter,Consumer,United States,New York City,New York,10024,East,OFF-BI-10003708,Office Supplies,Binders,"Acco Four Pocket Poly Ring Binder with Label Holder, Smoke, 1""",17.88,3,0.2,5.5875
1516,US-2017-160759,12/11/2017,12/17/2017,Standard Class,AI-10855,Arianne Irving,Consumer,United States,Philadelphia,Pennsylvania,19120,East,FUR-CH-10002961,Furniture,Chairs,"Leather Task Chair, Black",63.686,1,0.3,-9.098
1527,CA-2016-122392,7/22/2016,7/27/2016,Standard Class,CJ-12010,Caroline Jumper,Consumer,United States,Allentown,Pennsylvania,18103,East,OFF-AR-10002221,Office Supplies,Art,12 Colored Short Pencils,4.16,2,0.2,0.364
1528,CA-2016-122392,7/22/2016,7/27/2016,Standard Class,CJ-12010,Caroline Jumper,Consumer,United States,Allentown,Pennsylvania,18103,East,FUR-FU-10002456,Furniture,Furnishings,"Master Caster Door Stop, Large Neon Orange",11.648,2,0.2,3.3488
1529,CA-2015-148432,11/7/2015,11/10/2015,Second Class,MC-18130,Mike Caudle,Corporate,United States,Newark,Delaware,19711,East,OFF-FA-10004968,Office Supplies,Fasteners,Rubber Band Ball,26.18,7,0.0,0.5236
1530,CA-2015-148432,11/7/2015,11/10/2015,Second Class,MC-18130,Mike Caudle,Corporate,United States,Newark,Delaware,19711,East,OFF-PA-10001274,Office Supplies,Paper,Loose Memo Sheets,7.3,2,0.0,3.431
1534,CA-2016-139885,12/4/2016,12/8/2016,Standard Class,EB-13840,Ellis Ballard,Corporate,United States,New York City,New York,10035,East,OFF-ST-10003324,Office Supplies,Storage,Belkin OmniView SE Rackmount Kit,212.88,6,0.0,0.0
1536,CA-2016-112389,10/29/2016,11/2/2016,Standard Class,JM-15655,Jim Mitchum,Corporate,United States,Bridgeton,New Jersey,8302,East,OFF-ST-10000419,Office Supplies,Storage,"Rogers Jumbo File, Granite",40.74,3,0.0,0.4074
1537,CA-2016-112389,10/29/2016,11/2/2016,Standard Class,JM-15655,Jim Mitchum,Corporate,United States,Bridgeton,New Jersey,8302,East,OFF-AP-10001626,Office Supplies,Appliances,"Commercial WindTunnel Clean Air Upright Vacuum, Replacement Belts, Filtration Bags",11.67,3,0.0,3.0342
1538,CA-2017-121888,9/15/2017,9/17/2017,Second Class,CL-11890,Carl Ludwig,Consumer,United States,Everett,Massachusetts,2149,East,TEC-PH-10000439,Technology,Phones,GE DSL Phone Line Filter,39.99,1,0.0,11.5971
1539,CA-2017-121888,9/15/2017,9/17/2017,Second Class,CL-11890,Carl Ludwig,Consumer,United States,Everett,Massachusetts,2149,East,OFF-AR-10003478,Office Supplies,Art,"Avery Hi-Liter EverBold Pen Style Fluorescent Highlighters, 4/Pack",16.28,2,0.0,6.512
1540,CA-2017-121888,9/15/2017,9/17/2017,Second Class,CL-11890,Carl Ludwig,Consumer,United States,Everett,Massachusetts,2149,East,FUR-BO-10002545,Furniture,Bookcases,"Atlantic Metals Mobile 3-Shelf Bookcases, Custom Colors",782.94,3,0.0,203.5644
1541,CA-2017-121888,9/15/2017,9/17/2017,Second Class,CL-11890,Carl Ludwig,Consumer,United States,Everett,Massachusetts,2149,East,OFF-BI-10001765,Office Supplies,Binders,Wilson Jones Heavy-Duty Casebound Ring Binders with Metal Hinges,242.48,7,0.0,116.3904
1542,CA-2014-166884,3/11/2014,3/16/2014,Second Class,CK-12205,Chloris Kastensmidt,Consumer,United States,Columbus,Ohio,43229,East,FUR-FU-10003981,Furniture,Furnishings,Eldon Wave Desk Accessories,8.32,5,0.2,2.288
1543,CA-2014-166884,3/11/2014,3/16/2014,Second Class,CK-12205,Chloris Kastensmidt,Consumer,United States,Columbus,Ohio,43229,East,OFF-FA-10001561,Office Supplies,Fasteners,Stockwell Push Pins,10.464,6,0.2,1.7004
1546,CA-2014-150245,12/31/2014,1/4/2015,Second Class,PC-18745,Pamela Coakley,Corporate,United States,Watertown,New York,13601,East,FUR-BO-10002613,Furniture,Bookcases,"Atlantic Metals Mobile 4-Shelf Bookcases, Custom Colors",1573.488,7,0.2,196.686
1550,CA-2014-134278,7/6/2014,7/8/2014,First Class,EP-13915,Emily Phan,Consumer,United States,New York City,New York,10011,East,TEC-CO-10001046,Technology,Copiers,Canon Imageclass D680 Copier / Fax,559.992,1,0.2,174.9975
1556,CA-2017-120761,9/4/2017,9/8/2017,Standard Class,AB-10150,Aimee Bixby,Consumer,United States,Long Beach,New York,11561,East,TEC-AC-10000171,Technology,Accessories,"Verbatim 25 GB 6x Blu-ray Single Layer Recordable Disc, 25/Pack",91.96,4,0.0,39.5428
1557,CA-2016-109176,5/9/2016,5/15/2016,Standard Class,JW-16075,Julia West,Consumer,United States,Philadelphia,Pennsylvania,19140,East,OFF-EN-10003134,Office Supplies,Envelopes,Staple envelope,9.344,1,0.2,3.504
1558,CA-2016-109176,5/9/2016,5/15/2016,Standard Class,JW-16075,Julia West,Consumer,United States,Philadelphia,Pennsylvania,19140,East,OFF-AR-10001955,Office Supplies,Art,Newell 319,79.36,5,0.2,9.92
1563,US-2017-102890,6/30/2017,6/30/2017,Same Day,SG-20470,Sheri Gordon,Consumer,United States,New York City,New York,10011,East,FUR-TA-10000577,Furniture,Tables,Bretford CR4500 Series Slim Rectangular Table,1044.63,5,0.4,-295.9785
1564,CA-2015-158554,11/9/2015,11/9/2015,Same Day,CM-12190,Charlotte Melton,Consumer,United States,Philadelphia,Pennsylvania,19134,East,OFF-PA-10004000,Office Supplies,Paper,"While You Were Out Pads, 50 per Pad, 4 x 5 1/4, Green Cycle",11.352,3,0.2,4.1151
1579,CA-2016-102456,2/27/2016,3/1/2016,First Class,DL-12865,Dan Lawera,Consumer,United States,New York City,New York,10011,East,OFF-AP-10004336,Office Supplies,Appliances,"Conquest 14 Commercial Heavy-Duty Upright Vacuum, Collection System, Accessory Kit",170.88,3,0.0,49.5552
1580,CA-2015-131338,8/9/2015,8/12/2015,First Class,NP-18325,Naresj Patel,Consumer,United States,New York City,New York,10024,East,TEC-PH-10003012,Technology,Phones,Nortel Meridian M3904 Professional Digital phone,307.98,2,0.0,89.3142
1581,CA-2015-131338,8/9/2015,8/12/2015,First Class,NP-18325,Naresj Patel,Consumer,United States,New York City,New York,10024,East,FUR-TA-10002607,Furniture,Tables,KI Conference Tables,382.806,9,0.4,-153.1224
1582,CA-2015-131338,8/9/2015,8/12/2015,First Class,NP-18325,Naresj Patel,Consumer,United States,New York City,New York,10024,East,OFF-ST-10000642,Office Supplies,Storage,"Tennsco Lockers, Gray",41.96,2,0.0,2.9372
1583,CA-2015-131338,8/9/2015,8/12/2015,First Class,NP-18325,Naresj Patel,Consumer,United States,New York City,New York,10024,East,OFF-BI-10000545,Office Supplies,Binders,GBC Ibimaster 500 Manual ProClick Binding System,1217.568,2,0.2,456.588
1584,CA-2015-131338,8/9/2015,8/12/2015,First Class,NP-18325,Naresj Patel,Consumer,United States,New York City,New York,10024,East,FUR-FU-10002157,Furniture,Furnishings,Artistic Insta-Plaque,47.04,3,0.0,18.3456
1585,CA-2015-131338,8/9/2015,8/12/2015,First Class,NP-18325,Naresj Patel,Consumer,United States,New York City,New York,10024,East,FUR-FU-10001706,Furniture,Furnishings,Longer-Life Soft White Bulbs,6.16,2,0.0,2.9568
1586,CA-2015-131338,8/9/2015,8/12/2015,First Class,NP-18325,Naresj Patel,Consumer,United States,New York City,New York,10024,East,TEC-PH-10000984,Technology,Phones,Panasonic KX-TG9471B,979.95,5,0.0,274.386
1587,CA-2015-131338,8/9/2015,8/12/2015,First Class,NP-18325,Naresj Patel,Consumer,United States,New York City,New York,10024,East,OFF-PA-10001357,Office Supplies,Paper,Xerox 1886,143.7,3,0.0,68.976
1588,CA-2015-131338,8/9/2015,8/12/2015,First Class,NP-18325,Naresj Patel,Consumer,United States,New York City,New York,10024,East,OFF-FA-10000992,Office Supplies,Fasteners,"Acco Clips to Go Binder Clips, 24 Clips in Two Sizes",10.65,3,0.0,5.0055
1589,CA-2015-131338,8/9/2015,8/12/2015,First Class,NP-18325,Naresj Patel,Consumer,United States,New York City,New York,10024,East,TEC-AC-10002600,Technology,Accessories,Belkin QODE FastFit Bluetooth Keyboard,247.8,4,0.0,34.692
1596,CA-2017-149181,5/8/2017,5/12/2017,Standard Class,MD-17350,Maribeth Dona,Consumer,United States,Columbus,Ohio,43229,East,FUR-CH-10004540,Furniture,Chairs,Global Chrome Stack Chair,47.992,2,0.3,-2.0568
1597,CA-2017-132234,10/16/2017,10/18/2017,First Class,MY-17380,Maribeth Yedwab,Corporate,United States,New York City,New York,10011,East,FUR-FU-10001290,Furniture,Furnishings,Executive Impressions Supervisor Wall Clock,547.3,13,0.0,175.136
1602,CA-2016-164672,5/8/2016,5/13/2016,Second Class,GB-14530,George Bell,Corporate,United States,Dover,Delaware,19901,East,FUR-FU-10001488,Furniture,Furnishings,"Tenex 46"" x 60"" Computer Anti-Static Chairmat, Rectangular Shaped",211.96,2,0.0,42.392
1604,CA-2017-116645,11/30/2017,12/4/2017,Standard Class,ME-17725,Max Engle,Consumer,United States,Newark,Delaware,19711,East,OFF-AR-10001044,Office Supplies,Art,"BOSTON Ranger #55 Pencil Sharpener, Black",155.94,6,0.0,45.2226
1615,US-2016-113509,3/15/2016,3/19/2016,Standard Class,PL-18925,Paul Lucas,Home Office,United States,Philadelphia,Pennsylvania,19143,East,TEC-AC-10004855,Technology,Accessories,V7 USB Numeric Keypad,83.976,3,0.2,-13.6461
1619,US-2016-118780,9/10/2016,9/14/2016,Second Class,PN-18775,Parhena Norris,Home Office,United States,New York City,New York,10011,East,OFF-ST-10000352,Office Supplies,Storage,Acco Perma 2700 Stacking Storage Drawers,59.48,2,0.0,8.922
1620,US-2016-118780,9/10/2016,9/14/2016,Second Class,PN-18775,Parhena Norris,Home Office,United States,New York City,New York,10011,East,OFF-PA-10000575,Office Supplies,Paper,"Wirebound Message Books, Four 2 3/4 x 5 White Forms per Page",6.69,1,0.0,3.0774
1627,CA-2015-164539,11/16/2015,11/22/2015,Standard Class,PO-19180,Philisse Overcash,Home Office,United States,New York City,New York,10011,East,OFF-AP-10002457,Office Supplies,Appliances,"Eureka The Boss Plus 12-Amp Hard Box Upright Vacuum, Red",523.25,5,0.0,141.2775
1629,CA-2017-101049,6/21/2017,6/25/2017,Second Class,AS-10240,Alan Shonely,Consumer,United States,Cleveland,Ohio,44105,East,FUR-FU-10004415,Furniture,Furnishings,"Stacking Tray, Side-Loading, Legal, Smoke",17.92,5,0.2,2.464
1630,CA-2017-101049,6/21/2017,6/25/2017,Second Class,AS-10240,Alan Shonely,Consumer,United States,Cleveland,Ohio,44105,East,OFF-BI-10001510,Office Supplies,Binders,Deluxe Heavy-Duty Vinyl Round Ring Binder,41.256,6,0.7,-34.38
1631,CA-2016-106530,5/8/2016,5/8/2016,Same Day,CL-12565,Clay Ludtke,Consumer,United States,Cleveland,Ohio,44105,East,OFF-ST-10002011,Office Supplies,Storage,Smead Adjustable Mobile File Trolley with Lockable Top,1006.056,3,0.2,88.0299
1632,CA-2016-106530,5/8/2016,5/8/2016,Same Day,CL-12565,Clay Ludtke,Consumer,United States,Cleveland,Ohio,44105,East,OFF-PA-10002986,Office Supplies,Paper,Xerox 1898,10.688,2,0.2,3.7408
1633,CA-2016-106530,5/8/2016,5/8/2016,Same Day,CL-12565,Clay Ludtke,Consumer,United States,Cleveland,Ohio,44105,East,OFF-PA-10004451,Office Supplies,Paper,Xerox 222,10.368,2,0.2,3.6288
1634,CA-2016-106530,5/8/2016,5/8/2016,Same Day,CL-12565,Clay Ludtke,Consumer,United States,Cleveland,Ohio,44105,East,OFF-ST-10000649,Office Supplies,Storage,Hanging Personal Folder File,25.12,2,0.2,1.57
1635,CA-2016-106530,5/8/2016,5/8/2016,Same Day,CL-12565,Clay Ludtke,Consumer,United States,Cleveland,Ohio,44105,East,TEC-AC-10001465,Technology,Accessories,SanDisk Cruzer 64 GB USB Flash Drive,58.112,2,0.2,7.264
1639,CA-2016-157266,5/26/2016,6/1/2016,Standard Class,TB-21280,Toby Braunhardt,Consumer,United States,Washington,District of Columbia,20016,East,OFF-PA-10002689,Office Supplies,Paper,Weyerhaeuser First Choice Laser/Copy Paper (20Lb. and 88 Bright),19.44,3,0.0,9.3312
1640,CA-2016-157266,5/26/2016,6/1/2016,Standard Class,TB-21280,Toby Braunhardt,Consumer,United States,Washington,District of Columbia,20016,East,OFF-BI-10004728,Office Supplies,Binders,Wilson Jones Turn Tabs Binder Tool for Ring Binders,9.64,2,0.0,4.4344
1641,CA-2016-157266,5/26/2016,6/1/2016,Standard Class,TB-21280,Toby Braunhardt,Consumer,United States,Washington,District of Columbia,20016,East,OFF-PA-10004675,Office Supplies,Paper,"Telephone Message Books with Fax/Mobile Section, 5 1/2"" x 3 3/16""",12.7,2,0.0,5.842
1642,CA-2016-157266,5/26/2016,6/1/2016,Standard Class,TB-21280,Toby Braunhardt,Consumer,United States,Washington,District of Columbia,20016,East,FUR-FU-10000629,Furniture,Furnishings,9-3/4 Diameter Round Wall Clock,41.37,3,0.0,17.3754
1647,CA-2015-105221,11/1/2015,11/3/2015,First Class,VM-21685,Valerie Mitchum,Home Office,United States,Philadelphia,Pennsylvania,19140,East,TEC-AC-10002323,Technology,Accessories,SanDisk Ultra 32 GB MicroSDHC Class 10 Memory Card,35.36,2,0.2,-3.094
1648,CA-2015-105221,11/1/2015,11/3/2015,First Class,VM-21685,Valerie Mitchum,Home Office,United States,Philadelphia,Pennsylvania,19140,East,OFF-FA-10001135,Office Supplies,Fasteners,"Brites Rubber Bands, 1 1/2 oz. Box",3.168,2,0.2,-0.7128
1649,CA-2015-120341,9/26/2015,9/29/2015,Second Class,SF-20200,Sarah Foster,Consumer,United States,Philadelphia,Pennsylvania,19143,East,OFF-BI-10004224,Office Supplies,Binders,Catalog Binders with Expanding Posts,121.104,6,0.7,-100.92
1650,CA-2015-120341,9/26/2015,9/29/2015,Second Class,SF-20200,Sarah Foster,Consumer,United States,Philadelphia,Pennsylvania,19143,East,TEC-PH-10003357,Technology,Phones,Grandstream GXP2100 Mainstream Business Phone,45.894,1,0.4,-9.1788
1662,CA-2017-144526,4/30/2017,5/6/2017,Standard Class,QJ-19255,Quincy Jones,Corporate,United States,Philadelphia,Pennsylvania,19143,East,TEC-PH-10002549,Technology,Phones,Polycom SoundPoint IP 450 VoIP phone,677.58,5,0.4,-158.102
1663,CA-2017-144526,4/30/2017,5/6/2017,Standard Class,QJ-19255,Quincy Jones,Corporate,United States,Philadelphia,Pennsylvania,19143,East,OFF-BI-10002353,Office Supplies,Binders,GBC VeloBind Cover Sets,13.896,3,0.7,-9.264
1670,US-2015-157154,1/10/2015,1/15/2015,Standard Class,MM-17920,Michael Moore,Consumer,United States,New York City,New York,10011,East,FUR-TA-10001889,Furniture,Tables,Bush Advantage Collection Racetrack Conference Table,1018.104,4,0.4,-373.3048
1679,CA-2014-122882,9/7/2014,9/13/2014,Standard Class,SB-20290,Sean Braxton,Corporate,United States,Philadelphia,Pennsylvania,19134,East,OFF-ST-10002344,Office Supplies,Storage,"Carina 42""Hx23 3/4""W Media Storage Unit",64.784,1,0.2,-14.5764
1680,CA-2014-122882,9/7/2014,9/13/2014,Standard Class,SB-20290,Sean Braxton,Corporate,United States,Philadelphia,Pennsylvania,19134,East,TEC-PH-10003589,Technology,Phones,invisibleSHIELD by ZAGG Smudge-Free Screen Protector,32.382,3,0.4,4.3176
1681,CA-2014-122882,9/7/2014,9/13/2014,Standard Class,SB-20290,Sean Braxton,Corporate,United States,Philadelphia,Pennsylvania,19134,East,FUR-FU-10000758,Furniture,Furnishings,DAX Natural Wood-Tone Poster Frame,42.368,2,0.2,8.4736
1682,CA-2014-122882,9/7/2014,9/13/2014,Standard Class,SB-20290,Sean Braxton,Corporate,United States,Philadelphia,Pennsylvania,19134,East,TEC-MA-10004679,Technology,Machines,StarTech.com 10/100 VDSL2 Ethernet Extender Kit,399.54,4,0.7,-559.356
1685,CA-2017-149489,4/24/2017,4/27/2017,First Class,DK-12835,Damala Kotsonis,Corporate,United States,Philadelphia,Pennsylvania,19143,East,OFF-AP-10002495,Office Supplies,Appliances,"Acco Smartsocket Table Surge Protector, 6 Color-Coded Adapter Outlets",99.28,2,0.2,12.41
1686,CA-2017-149489,4/24/2017,4/27/2017,First Class,DK-12835,Damala Kotsonis,Corporate,United States,Philadelphia,Pennsylvania,19143,East,OFF-BI-10002813,Office Supplies,Binders,Avery Reinforcements for Hole-Punch Pages,1.188,2,0.7,-0.99
1687,CA-2017-149489,4/24/2017,4/27/2017,First Class,DK-12835,Damala Kotsonis,Corporate,United States,Philadelphia,Pennsylvania,19143,East,OFF-BI-10002414,Office Supplies,Binders,GBC ProClick Spines for 32-Hole Punch,7.518,2,0.7,-5.7638
1688,CA-2017-143798,12/10/2017,12/12/2017,First Class,AW-10840,Anthony Witt,Consumer,United States,Philadelphia,Pennsylvania,19140,East,OFF-PA-10000788,Office Supplies,Paper,Xerox 210,10.368,2,0.2,3.6288
1689,CA-2017-143798,12/10/2017,12/12/2017,First Class,AW-10840,Anthony Witt,Consumer,United States,Philadelphia,Pennsylvania,19140,East,FUR-FU-10004306,Furniture,Furnishings,Electrix Halogen Magnifier Lamp,310.88,2,0.2,23.316
1690,CA-2014-142839,8/16/2014,8/20/2014,Standard Class,TS-21610,Troy Staebel,Consumer,United States,Philadelphia,Pennsylvania,19143,East,FUR-TA-10001539,Furniture,Tables,Chromcraft Rectangular Conference Tables,853.092,6,0.4,-227.4912
1693,US-2016-154361,3/14/2016,3/19/2016,Standard Class,HZ-14950,Henia Zydlo,Consumer,United States,Columbus,Ohio,43229,East,FUR-FU-10004020,Furniture,Furnishings,Advantus Panel Wall Acrylic Frame,21.88,5,0.2,6.2905
1695,CA-2015-156335,9/25/2015,9/28/2015,Second Class,PO-19195,Phillina Ober,Home Office,United States,Bayonne,New Jersey,7002,East,TEC-AC-10002006,Technology,Accessories,Memorex Micro Travel Drive 16 GB,63.96,4,0.0,19.8276
1696,CA-2015-156335,9/25/2015,9/28/2015,Second Class,PO-19195,Phillina Ober,Home Office,United States,Bayonne,New Jersey,7002,East,OFF-BI-10003314,Office Supplies,Binders,Tuff Stuff Recycled Round Ring Binders,14.46,3,0.0,7.0854
1697,CA-2015-156335,9/25/2015,9/28/2015,Second Class,PO-19195,Phillina Ober,Home Office,United States,Bayonne,New Jersey,7002,East,TEC-PH-10002726,Technology,Phones,netTALK DUO VoIP Telephone Service,104.98,2,0.0,52.49
1701,CA-2015-114069,7/13/2015,7/15/2015,Second Class,ND-18370,Natalie DeCherney,Consumer,United States,New York City,New York,10035,East,OFF-BI-10000320,Office Supplies,Binders,GBC Plastic Binding Combs,11.808,2,0.2,4.2804
1702,CA-2015-114069,7/13/2015,7/15/2015,Second Class,ND-18370,Natalie DeCherney,Consumer,United States,New York City,New York,10035,East,FUR-CH-10000595,Furniture,Chairs,Safco Contoured Stacking Chairs,1931.04,9,0.1,321.84
1703,CA-2015-114069,7/13/2015,7/15/2015,Second Class,ND-18370,Natalie DeCherney,Consumer,United States,New York City,New York,10035,East,OFF-PA-10000349,Office Supplies,Paper,Easy-staple paper,9.96,2,0.0,4.6812
1706,CA-2015-100545,11/22/2015,11/26/2015,Standard Class,IM-15070,Irene Maddox,Consumer,United States,Philadelphia,Pennsylvania,19120,East,OFF-BI-10003638,Office Supplies,Binders,GBC Durable Plastic Covers,11.61,2,0.7,-9.288
1716,CA-2016-154788,4/30/2016,5/4/2016,Standard Class,JL-15835,John Lee,Consumer,United States,New York City,New York,10011,East,OFF-BI-10003314,Office Supplies,Binders,Tuff Stuff Recycled Round Ring Binders,7.712,2,0.2,2.7956
1717,CA-2016-169943,5/19/2016,5/24/2016,Standard Class,BN-11515,Bradley Nguyen,Consumer,United States,New York City,New York,10011,East,OFF-AP-10001563,Office Supplies,Appliances,Belkin Premiere Surge Master II 8-outlet surge protector,242.9,5,0.0,70.441
1718,CA-2016-169943,5/19/2016,5/24/2016,Standard Class,BN-11515,Bradley Nguyen,Consumer,United States,New York City,New York,10011,East,OFF-ST-10004123,Office Supplies,Storage,Safco Industrial Wire Shelving System,454.9,5,0.0,0.0
1719,CA-2016-169943,5/19/2016,5/24/2016,Standard Class,BN-11515,Bradley Nguyen,Consumer,United States,New York City,New York,10011,East,FUR-FU-10002088,Furniture,Furnishings,Nu-Dell Float Frame 11 x 14 1/2,35.92,4,0.0,15.0864
1720,CA-2016-169943,5/19/2016,5/24/2016,Standard Class,BN-11515,Bradley Nguyen,Consumer,United States,New York City,New York,10011,East,FUR-FU-10000010,Furniture,Furnishings,"DAX Value U-Channel Document Frames, Easel Back",39.76,8,0.0,12.3256
1721,CA-2016-169943,5/19/2016,5/24/2016,Standard Class,BN-11515,Bradley Nguyen,Consumer,United States,New York City,New York,10011,East,OFF-BI-10002824,Office Supplies,Binders,Recycled Easel Ring Binders,47.744,4,0.2,14.92
1725,CA-2015-127453,12/19/2015,12/20/2015,First Class,JK-15370,Jay Kimmel,Consumer,United States,Philadelphia,Pennsylvania,19143,East,OFF-AP-10000828,Office Supplies,Appliances,Avanti 4.4 Cu. Ft. Refrigerator,434.352,3,0.2,43.4352
1726,CA-2015-127453,12/19/2015,12/20/2015,First Class,JK-15370,Jay Kimmel,Consumer,United States,Philadelphia,Pennsylvania,19143,East,OFF-AP-10002906,Office Supplies,Appliances,Hoover Replacement Belt for Commercial Guardsman Heavy-Duty Upright Vacuum,3.552,2,0.2,0.444
1727,CA-2015-127453,12/19/2015,12/20/2015,First Class,JK-15370,Jay Kimmel,Consumer,United States,Philadelphia,Pennsylvania,19143,East,OFF-AP-10003860,Office Supplies,Appliances,Fellowes Advanced 8 Outlet Surge Suppressor with Phone/Fax Protection,88.832,4,0.2,7.7728
1728,US-2017-164056,4/29/2017,5/4/2017,Second Class,FM-14215,Filia McAdams,Corporate,United States,Dublin,Ohio,43017,East,FUR-TA-10001307,Furniture,Tables,"SAFCO PlanMaster Heigh-Adjustable Drafting Table Base, 43w x 30d x 30-37h, Black",1048.35,5,0.4,-69.89
1742,CA-2017-152807,10/30/2017,11/3/2017,Standard Class,MC-18100,Mick Crebagga,Consumer,United States,Philadelphia,Pennsylvania,19140,East,OFF-PA-10004355,Office Supplies,Paper,Xerox 231,20.736,4,0.2,7.2576
1743,CA-2017-152807,10/30/2017,11/3/2017,Standard Class,MC-18100,Mick Crebagga,Consumer,United States,Philadelphia,Pennsylvania,19140,East,FUR-FU-10004415,Furniture,Furnishings,"Stacking Tray, Side-Loading, Legal, Smoke",7.168,2,0.2,0.9856
1744,CA-2017-152807,10/30/2017,11/3/2017,Standard Class,MC-18100,Mick Crebagga,Consumer,United States,Philadelphia,Pennsylvania,19140,East,OFF-ST-10002486,Office Supplies,Storage,Eldon Shelf Savers Cubes and Bins,11.168,2,0.2,-2.5128
1745,CA-2017-152807,10/30/2017,11/3/2017,Standard Class,MC-18100,Mick Crebagga,Consumer,United States,Philadelphia,Pennsylvania,19140,East,TEC-AC-10001142,Technology,Accessories,First Data FD10 PIN Pad,442.4,7,0.2,-55.3
1746,CA-2014-133270,6/6/2014,6/9/2014,First Class,BM-11785,Bryan Mills,Consumer,United States,Rochester,New York,14609,East,OFF-AR-10002656,Office Supplies,Art,Sanford Liquid Accent Highlighters,13.36,2,0.0,4.9432
1760,CA-2014-141817,1/5/2014,1/12/2014,Standard Class,MB-18085,Mick Brown,Consumer,United States,Philadelphia,Pennsylvania,19143,East,OFF-AR-10003478,Office Supplies,Art,"Avery Hi-Liter EverBold Pen Style Fluorescent Highlighters, 4/Pack",19.536,3,0.2,4.884
1774,CA-2014-118976,4/28/2014,5/3/2014,Standard Class,MY-18295,Muhammed Yedwab,Corporate,United States,Baltimore,Maryland,21215,East,OFF-BI-10001628,Office Supplies,Binders,"Acco Data Flex Cable Posts For Top & Bottom Load Binders, 6"" Capacity",20.86,2,0.0,9.387
1775,CA-2014-118976,4/28/2014,5/3/2014,Standard Class,MY-18295,Muhammed Yedwab,Corporate,United States,Baltimore,Maryland,21215,East,OFF-ST-10000877,Office Supplies,Storage,Recycled Steel Personal File for Standard File Folders,497.61,9,0.0,129.3786
1776,CA-2014-118976,4/28/2014,5/3/2014,Standard Class,MY-18295,Muhammed Yedwab,Corporate,United States,Baltimore,Maryland,21215,East,OFF-AR-10004752,Office Supplies,Art,Blackstonian Pencils,5.34,2,0.0,1.4952
1777,CA-2014-118976,4/28/2014,5/3/2014,Standard Class,MY-18295,Muhammed Yedwab,Corporate,United States,Baltimore,Maryland,21215,East,OFF-LA-10000452,Office Supplies,Labels,Avery 488,3.15,1,0.0,1.512
1780,CA-2016-124667,11/11/2016,11/16/2016,Standard Class,BD-11770,Bryan Davis,Consumer,United States,New York City,New York,10011,East,TEC-AC-10003447,Technology,Accessories,Micropad Numeric Keypads,59.97,3,0.0,14.9925
1781,CA-2016-124667,11/11/2016,11/16/2016,Standard Class,BD-11770,Bryan Davis,Consumer,United States,New York City,New York,10011,East,OFF-ST-10002276,Office Supplies,Storage,Safco Steel Mobile File Cart,83.36,1,0.0,20.84
1782,CA-2015-111094,7/9/2015,7/13/2015,Standard Class,CB-12535,Claudia Bergmann,Corporate,United States,Franklin,Massachusetts,2038,East,OFF-PA-10001609,Office Supplies,Paper,Tops Wirebound Message Log Books,6.58,2,0.0,3.0268
1783,CA-2015-111094,7/9/2015,7/13/2015,Standard Class,CB-12535,Claudia Bergmann,Corporate,United States,Franklin,Massachusetts,2038,East,OFF-BI-10001597,Office Supplies,Binders,"Wilson Jones Ledger-Size, Piano-Hinge Binder, 2"", Blue",122.94,3,0.0,59.0112
1791,CA-2014-102008,9/30/2014,10/4/2014,Standard Class,RA-19915,Russell Applegate,Consumer,United States,New York City,New York,10011,East,OFF-PA-10004092,Office Supplies,Paper,Tops Green Bar Computer Printout Paper,48.94,1,0.0,24.47
1796,US-2017-139465,8/27/2017,8/30/2017,First Class,MR-17545,Mathew Reese,Home Office,United States,New York City,New York,10024,East,OFF-ST-10002352,Office Supplies,Storage,Iris Project Case,63.84,8,0.0,16.5984
1797,US-2017-139465,8/27/2017,8/30/2017,First Class,MR-17545,Mathew Reese,Home Office,United States,New York City,New York,10024,East,TEC-PH-10000455,Technology,Phones,GE 30522EE2,347.97,3,0.0,100.9113
1798,US-2017-139465,8/27/2017,8/30/2017,First Class,MR-17545,Mathew Reese,Home Office,United States,New York City,New York,10024,East,OFF-BI-10003910,Office Supplies,Binders,DXL Angle-View Binders with Locking Rings by Samsill,37.008,6,0.2,11.565
1803,CA-2017-158379,9/22/2017,9/26/2017,Second Class,JA-15970,Joseph Airdo,Consumer,United States,Philadelphia,Pennsylvania,19134,East,OFF-BI-10002498,Office Supplies,Binders,Clear Mylar Reinforcing Strips,5.607,1,0.7,-4.2987
1804,CA-2017-158379,9/22/2017,9/26/2017,Second Class,JA-15970,Joseph Airdo,Consumer,United States,Philadelphia,Pennsylvania,19134,East,OFF-SU-10002881,Office Supplies,Supplies,Martin Yale Chadless Opener Electric Letter Opener,4663.736,7,0.2,-1049.3406
1805,CA-2017-158379,9/22/2017,9/26/2017,Second Class,JA-15970,Joseph Airdo,Consumer,United States,Philadelphia,Pennsylvania,19134,East,TEC-AC-10002926,Technology,Accessories,Logitech Wireless Marathon Mouse M705,79.984,2,0.2,22.9954
1813,US-2017-161193,11/20/2017,11/26/2017,Standard Class,BT-11680,Brian Thompson,Consumer,United States,Newark,Ohio,43055,East,FUR-FU-10001861,Furniture,Furnishings,"Floodlight Indoor Halogen Bulbs, 1 Bulb per Pack, 60 Watts",77.6,5,0.2,28.13
1814,US-2017-161193,11/20/2017,11/26/2017,Standard Class,BT-11680,Brian Thompson,Consumer,United States,Newark,Ohio,43055,East,FUR-FU-10000206,Furniture,Furnishings,"GE General Purpose, Extra Long Life, Showcase & Floodlight Incandescent Bulbs",4.656,2,0.2,1.5714
1830,CA-2014-103373,5/18/2014,5/24/2014,Standard Class,BS-11755,Bruce Stewart,Consumer,United States,Cleveland,Ohio,44105,East,TEC-PH-10002885,Technology,Phones,Apple iPhone 5,779.796,2,0.4,-168.9558
1836,CA-2014-141278,6/21/2014,6/24/2014,First Class,RM-19375,Raymond Messe,Consumer,United States,Meriden,Connecticut,6450,East,OFF-AR-10003056,Office Supplies,Art,Newell 341,21.4,5,0.0,6.206
1846,US-2017-158512,1/12/2017,1/17/2017,Second Class,DA-13450,Dianna Arnett,Home Office,United States,Washington,District of Columbia,20016,East,OFF-PA-10001804,Office Supplies,Paper,Xerox 195,40.08,6,0.0,19.2384
1847,US-2017-158512,1/12/2017,1/17/2017,Second Class,DA-13450,Dianna Arnett,Home Office,United States,Washington,District of Columbia,20016,East,FUR-FU-10004973,Furniture,Furnishings,Flat Face Poster Frame,37.68,2,0.0,15.8256
1859,CA-2015-121608,9/3/2015,9/5/2015,First Class,JB-15400,Jennifer Braxton,Corporate,United States,Bristol,Connecticut,6010,East,OFF-AP-10002311,Office Supplies,Appliances,"Holmes Replacement Filter for HEPA Air Cleaner, Very Large Room, HEPA Filter",137.62,2,0.0,60.5528
1860,CA-2015-121608,9/3/2015,9/5/2015,First Class,JB-15400,Jennifer Braxton,Corporate,United States,Bristol,Connecticut,6010,East,TEC-PH-10004959,Technology,Phones,Classic Ivory Antique Telephone ZL1810,100.49,1,0.0,25.1225
1861,US-2017-121251,3/26/2017,3/27/2017,First Class,GM-14440,Gary McGarr,Consumer,United States,New York City,New York,10009,East,FUR-BO-10001918,Furniture,Bookcases,"Sauder Forest Hills Library with Doors, Woodland Oak Finish",257.568,2,0.2,-28.9764
1862,US-2017-121251,3/26/2017,3/27/2017,First Class,GM-14440,Gary McGarr,Consumer,United States,New York City,New York,10009,East,TEC-PH-10004896,Technology,Phones,Nokia Lumia 521 (T-Mobile),119.96,4,0.0,33.5888
1866,US-2017-116659,11/12/2017,11/12/2017,Same Day,NG-18355,Nat Gilpin,Corporate,United States,Newark,Ohio,43055,East,TEC-PH-10002824,Technology,Phones,Jabra SPEAK 410 Multidevice Speakerphone,370.782,3,0.4,-92.6955
1868,CA-2015-127110,6/25/2015,7/1/2015,Standard Class,CH-12070,Cathy Hwang,Home Office,United States,Philadelphia,Pennsylvania,19143,East,OFF-PA-10003309,Office Supplies,Paper,Xerox 211,31.104,6,0.2,10.8864
1869,CA-2015-127110,6/25/2015,7/1/2015,Standard Class,CH-12070,Cathy Hwang,Home Office,United States,Philadelphia,Pennsylvania,19143,East,OFF-ST-10002554,Office Supplies,Storage,Tennsco Industrial Shelving,78.256,2,0.2,-17.6076
1875,CA-2014-147914,6/4/2014,6/9/2014,Standard Class,MP-17470,Mark Packer,Home Office,United States,Columbus,Ohio,43229,East,OFF-PA-10001685,Office Supplies,Paper,Easy-staple paper,16.224,2,0.2,5.8812
1876,US-2016-112977,3/10/2016,3/16/2016,Standard Class,CJ-12010,Caroline Jumper,Consumer,United States,Long Beach,New York,11561,East,FUR-BO-10003272,Furniture,Bookcases,O'Sullivan Living Dimensions 5-Shelf Bookcases,176.784,1,0.2,-22.098
1881,CA-2015-109512,3/5/2015,3/5/2015,Same Day,LF-17185,Luke Foster,Consumer,United States,New York City,New York,10011,East,OFF-EN-10002621,Office Supplies,Envelopes,Staple envelope,29.34,3,0.0,14.67
1882,CA-2015-109512,3/5/2015,3/5/2015,Same Day,LF-17185,Luke Foster,Consumer,United States,New York City,New York,10011,East,FUR-CH-10001146,Furniture,Chairs,"Global Value Mid-Back Manager's Chair, Gray",383.607,7,0.1,63.9345
1883,CA-2015-109512,3/5/2015,3/5/2015,Same Day,LF-17185,Luke Foster,Consumer,United States,New York City,New York,10011,East,OFF-ST-10000689,Office Supplies,Storage,"Fellowes Strictly Business Drawer File, Letter/Legal Size",563.4,4,0.0,67.608
1884,CA-2016-118570,11/13/2016,11/17/2016,Standard Class,CC-12430,Chuck Clark,Home Office,United States,Philadelphia,Pennsylvania,19143,East,OFF-PA-10001289,Office Supplies,Paper,White Computer Printout Paper by Universal,217.056,7,0.2,78.6828
1889,CA-2014-142587,10/21/2014,10/22/2014,First Class,TB-21520,Tracy Blumstein,Consumer,United States,Fairfield,Ohio,45014,East,OFF-AP-10004708,Office Supplies,Appliances,Fellowes Superior 10 Outlet Split Surge Protector,121.792,4,0.2,13.7016
1890,CA-2014-142587,10/21/2014,10/22/2014,First Class,TB-21520,Tracy Blumstein,Consumer,United States,Fairfield,Ohio,45014,East,FUR-TA-10000617,Furniture,Tables,"Hon Practical Foundations 30 x 60 Training Table, Light Gray/Charcoal",409.59,3,0.4,-122.877
1910,CA-2017-105886,12/18/2017,12/23/2017,Standard Class,DB-13660,Duane Benoit,Consumer,United States,Oceanside,New York,11572,East,FUR-FU-10001037,Furniture,Furnishings,"DAX Charcoal/Nickel-Tone Document Frame, 5 x 7",18.96,2,0.0,8.532
1918,CA-2015-105634,11/8/2015,11/14/2015,Standard Class,HA-14905,Helen Abelman,Consumer,United States,Franklin,Massachusetts,2038,East,OFF-AR-10001573,Office Supplies,Art,American Pencil,11.65,5,0.0,3.3785
1920,US-2017-111423,8/17/2017,8/19/2017,First Class,EH-13765,Edward Hooks,Corporate,United States,Watertown,New York,13601,East,OFF-BI-10003091,Office Supplies,Binders,GBC DocuBind TL200 Manual Binding Machine,895.92,5,0.2,302.373
1921,US-2017-111423,8/17/2017,8/19/2017,First Class,EH-13765,Edward Hooks,Corporate,United States,Watertown,New York,13601,East,FUR-CH-10003981,Furniture,Chairs,Global Commerce Series Low-Back Swivel/Tilt Chairs,462.564,2,0.1,97.6524
1922,CA-2015-125178,10/3/2015,10/9/2015,Standard Class,MZ-17515,Mary Zewe,Corporate,United States,Reading,Pennsylvania,19601,East,OFF-ST-10002562,Office Supplies,Storage,Staple magnet,15.008,2,0.2,1.5008
1947,CA-2017-157987,9/2/2017,9/6/2017,Standard Class,AC-10615,Ann Chong,Corporate,United States,New York City,New York,10009,East,OFF-AR-10000658,Office Supplies,Art,Newell 324,23.1,2,0.0,6.468
1948,CA-2017-157987,9/2/2017,9/6/2017,Standard Class,AC-10615,Ann Chong,Corporate,United States,New York City,New York,10009,East,FUR-FU-10001196,Furniture,Furnishings,DAX Cubicle Frames - 8x10,11.54,2,0.0,3.462
1949,CA-2017-157987,9/2/2017,9/6/2017,Standard Class,AC-10615,Ann Chong,Corporate,United States,New York City,New York,10009,East,FUR-TA-10001889,Furniture,Tables,Bush Advantage Collection Racetrack Conference Table,254.526,1,0.4,-93.3262
1950,CA-2017-157987,9/2/2017,9/6/2017,Standard Class,AC-10615,Ann Chong,Corporate,United States,New York City,New York,10009,East,OFF-AP-10000358,Office Supplies,Appliances,Fellowes Basic Home/Office Series Surge Protectors,12.98,1,0.0,3.7642
1951,CA-2017-157987,9/2/2017,9/6/2017,Standard Class,AC-10615,Ann Chong,Corporate,United States,New York City,New York,10009,East,OFF-BI-10004970,Office Supplies,Binders,"ACCOHIDE 3-Ring Binder, Blue, 1""",26.432,8,0.2,8.9208
1952,CA-2017-157987,9/2/2017,9/6/2017,Standard Class,AC-10615,Ann Chong,Corporate,United States,New York City,New York,10009,East,TEC-PH-10003885,Technology,Phones,Cisco SPA508G,197.97,3,0.0,57.4113
1953,CA-2017-157987,9/2/2017,9/6/2017,Standard Class,AC-10615,Ann Chong,Corporate,United States,New York City,New York,10009,East,OFF-LA-10001641,Office Supplies,Labels,Avery 518,18.9,6,0.0,9.072
1954,CA-2017-157987,9/2/2017,9/6/2017,Standard Class,AC-10615,Ann Chong,Corporate,United States,New York City,New York,10009,East,FUR-CH-10003379,Furniture,Chairs,Global Commerce Series High-Back Swivel/Tilt Chairs,1282.41,5,0.1,213.735
1955,CA-2017-157987,9/2/2017,9/6/2017,Standard Class,AC-10615,Ann Chong,Corporate,United States,New York City,New York,10009,East,OFF-AR-10004582,Office Supplies,Art,BIC Brite Liner Grip Highlighters,4.92,3,0.0,2.214
1956,CA-2017-157987,9/2/2017,9/6/2017,Standard Class,AC-10615,Ann Chong,Corporate,United States,New York City,New York,10009,East,TEC-AC-10002842,Technology,Accessories,WD My Passport Ultra 2TB Portable External Hard Drive,238.0,2,0.0,38.08
1957,CA-2017-157987,9/2/2017,9/6/2017,Standard Class,AC-10615,Ann Chong,Corporate,United States,New York City,New York,10009,East,TEC-AC-10000109,Technology,Accessories,Sony Micro Vault Click 16 GB USB 2.0 Flash Drive,167.97,3,0.0,40.3128
1958,CA-2017-157987,9/2/2017,9/6/2017,Standard Class,AC-10615,Ann Chong,Corporate,United States,New York City,New York,10009,East,OFF-PA-10003893,Office Supplies,Paper,Xerox 1962,17.12,4,0.0,7.704
1967,CA-2017-165841,12/21/2017,12/28/2017,Standard Class,DB-13210,Dean Braden,Consumer,United States,Paterson,New Jersey,7501,East,TEC-PH-10002103,Technology,Phones,Jabra SPEAK 410,281.97,3,0.0,78.9516
1968,CA-2017-165841,12/21/2017,12/28/2017,Standard Class,DB-13210,Dean Braden,Consumer,United States,Paterson,New Jersey,7501,East,OFF-SU-10000898,Office Supplies,Supplies,"Acme Hot Forged Carbon Steel Scissors with Nickel-Plated Handles, 3 7/8"" Cut, 8""L",69.5,5,0.0,20.155
1969,CA-2017-165841,12/21/2017,12/28/2017,Standard Class,DB-13210,Dean Braden,Consumer,United States,Paterson,New Jersey,7501,East,OFF-PA-10001144,Office Supplies,Paper,Xerox 1913,166.44,3,0.0,79.8912
1987,CA-2016-147417,7/25/2016,7/27/2016,First Class,CB-12415,Christy Brittain,Consumer,United States,Columbus,Ohio,43229,East,TEC-CO-10001449,Technology,Copiers,Hewlett Packard LaserJet 3310 Copier,1439.976,4,0.4,191.9968
1992,CA-2017-111374,2/24/2017,2/28/2017,Standard Class,CB-12415,Christy Brittain,Consumer,United States,Philadelphia,Pennsylvania,19134,East,OFF-BI-10004970,Office Supplies,Binders,"ACCOHIDE 3-Ring Binder, Blue, 1""",4.956,4,0.7,-3.7996
2021,CA-2016-168354,9/19/2016,9/21/2016,First Class,RH-19510,Rick Huthwaite,Home Office,United States,Providence,Rhode Island,2908,East,OFF-ST-10001490,Office Supplies,Storage,"Hot File 7-Pocket, Floor Stand",1606.23,9,0.0,481.869
2022,CA-2016-168354,9/19/2016,9/21/2016,First Class,RH-19510,Rick Huthwaite,Home Office,United States,Providence,Rhode Island,2908,East,OFF-PA-10002377,Office Supplies,Paper,"Adams Telephone Message Book W/Dividers/Space For Phone Numbers, 5 1/4""X8 1/2"", 200/Messages",17.04,3,0.0,7.668
2023,CA-2016-168354,9/19/2016,9/21/2016,First Class,RH-19510,Rick Huthwaite,Home Office,United States,Providence,Rhode Island,2908,East,OFF-BI-10004826,Office Supplies,Binders,JM Magazine Binder,49.53,3,0.0,23.7744
2024,CA-2016-168354,9/19/2016,9/21/2016,First Class,RH-19510,Rick Huthwaite,Home Office,United States,Providence,Rhode Island,2908,East,FUR-CH-10004675,Furniture,Chairs,"Lifetime Advantage Folding Chairs, 4/Carton",872.32,4,0.0,244.2496
2029,CA-2015-117961,11/26/2015,11/30/2015,Standard Class,GP-14740,Guy Phonely,Corporate,United States,Leominster,Massachusetts,1453,East,OFF-BI-10000343,Office Supplies,Binders,"Pressboard Covers with Storage Hooks, 9 1/2"" x 11"", Light Blue",14.73,3,0.0,6.9231
2030,CA-2015-117961,11/26/2015,11/30/2015,Standard Class,GP-14740,Guy Phonely,Corporate,United States,Leominster,Massachusetts,1453,East,OFF-ST-10001172,Office Supplies,Storage,"Tennsco Lockers, Sand",104.9,5,0.0,25.176
2031,CA-2015-117961,11/26/2015,11/30/2015,Standard Class,GP-14740,Guy Phonely,Corporate,United States,Leominster,Massachusetts,1453,East,OFF-BI-10003707,Office Supplies,Binders,Aluminum Screw Posts,61.04,4,0.0,30.52
2032,CA-2015-117961,11/26/2015,11/30/2015,Standard Class,GP-14740,Guy Phonely,Corporate,United States,Leominster,Massachusetts,1453,East,OFF-PA-10001274,Office Supplies,Paper,Loose Memo Sheets,10.95,3,0.0,5.1465
2044,US-2017-158946,11/18/2017,11/23/2017,Standard Class,JW-15220,Jane Waco,Corporate,United States,Lakewood,Ohio,44107,East,OFF-AR-10001860,Office Supplies,Art,BIC Liqua Brite Liner,38.864,7,0.2,7.7728
2046,CA-2016-131835,7/17/2016,7/21/2016,Standard Class,MC-17590,Matt Collister,Corporate,United States,Perth Amboy,New Jersey,8861,East,OFF-AP-10004487,Office Supplies,Appliances,Kensington 4 Outlet MasterPiece Compact Power Control Center,162.64,2,0.0,45.5392
2047,CA-2016-131835,7/17/2016,7/21/2016,Standard Class,MC-17590,Matt Collister,Corporate,United States,Perth Amboy,New Jersey,8861,East,TEC-PH-10001760,Technology,Phones,Bose SoundLink Bluetooth Speaker,597.0,3,0.0,280.59
2048,CA-2016-131835,7/17/2016,7/21/2016,Standard Class,MC-17590,Matt Collister,Corporate,United States,Perth Amboy,New Jersey,8861,East,OFF-PA-10004071,Office Supplies,Paper,"Eaton Premium Continuous-Feed Paper, 25% Cotton, Letter Size, White, 1000 Shts/Box",55.48,1,0.0,26.6304
2049,CA-2015-142237,7/11/2015,7/13/2015,First Class,CK-12595,Clytie Kelty,Consumer,United States,Philadelphia,Pennsylvania,19134,East,FUR-FU-10004848,Furniture,Furnishings,"Howard Miller 13-3/4"" Diameter Brushed Chrome Round Wall Clock",289.8,7,0.2,36.225
2050,CA-2015-142237,7/11/2015,7/13/2015,First Class,CK-12595,Clytie Kelty,Consumer,United States,Philadelphia,Pennsylvania,19134,East,OFF-BI-10004022,Office Supplies,Binders,Acco Suede Grain Vinyl Round Ring Binder,2.502,3,0.7,-2.0016
2051,CA-2015-142237,7/11/2015,7/13/2015,First Class,CK-12595,Clytie Kelty,Consumer,United States,Philadelphia,Pennsylvania,19134,East,OFF-BI-10003669,Office Supplies,Binders,3M Organizer Strips,6.48,4,0.7,-4.752
2052,CA-2015-142237,7/11/2015,7/13/2015,First Class,CK-12595,Clytie Kelty,Consumer,United States,Philadelphia,Pennsylvania,19134,East,FUR-CH-10003833,Furniture,Chairs,Novimex Fabric Task Chair,341.488,8,0.3,-73.176
2053,CA-2015-142237,7/11/2015,7/13/2015,First Class,CK-12595,Clytie Kelty,Consumer,United States,Philadelphia,Pennsylvania,19134,East,OFF-AR-10003732,Office Supplies,Art,Newell 333,11.12,5,0.2,0.834
2054,CA-2015-142237,7/11/2015,7/13/2015,First Class,CK-12595,Clytie Kelty,Consumer,United States,Philadelphia,Pennsylvania,19134,East,FUR-FU-10003142,Furniture,Furnishings,"Master Big Foot Doorstop, Beige",25.344,6,0.2,3.4848
2071,CA-2016-146521,7/21/2016,7/23/2016,Second Class,CC-12610,Corey Catlett,Corporate,United States,Philadelphia,Pennsylvania,19134,East,OFF-BI-10000301,Office Supplies,Binders,GBC Instant Report Kit,1.941,1,0.7,-1.294
2077,CA-2017-140676,9/12/2017,9/15/2017,First Class,BF-11080,Bart Folk,Consumer,United States,Baltimore,Maryland,21215,East,OFF-PA-10004082,Office Supplies,Paper,"Adams Telephone Message Book w/Frequently-Called Numbers Space, 400 Messages per Book",39.9,5,0.0,19.95
2078,CA-2017-140676,9/12/2017,9/15/2017,First Class,BF-11080,Bart Folk,Consumer,United States,Baltimore,Maryland,21215,East,OFF-AP-10000358,Office Supplies,Appliances,Fellowes Basic Home/Office Series Surge Protectors,90.86,7,0.0,26.3494
2079,CA-2017-140676,9/12/2017,9/15/2017,First Class,BF-11080,Bart Folk,Consumer,United States,Baltimore,Maryland,21215,East,OFF-PA-10004243,Office Supplies,Paper,Xerox 1939,94.85,5,0.0,45.528
2085,CA-2016-140501,6/23/2016,6/28/2016,Standard Class,IM-15070,Irene Maddox,Consumer,United States,New York City,New York,10009,East,OFF-LA-10003510,Office Supplies,Labels,"Avery 4027 File Folder Labels for Dot Matrix Printers, 5000 Labels per Box, White",122.12,4,0.0,56.1752
2086,CA-2016-140501,6/23/2016,6/28/2016,Standard Class,IM-15070,Irene Maddox,Consumer,United States,New York City,New York,10009,East,OFF-LA-10000248,Office Supplies,Labels,Avery 52,18.45,5,0.0,8.6715
2087,CA-2016-140501,6/23/2016,6/28/2016,Standard Class,IM-15070,Irene Maddox,Consumer,United States,New York City,New York,10009,East,OFF-ST-10000060,Office Supplies,Storage,Fellowes Bankers Box Staxonsteel Drawer File/Stacking System,324.9,5,0.0,38.988
2088,CA-2016-140501,6/23/2016,6/28/2016,Standard Class,IM-15070,Irene Maddox,Consumer,United States,New York City,New York,10009,East,OFF-PA-10003129,Office Supplies,Paper,Tops White Computer Printout Paper,146.73,3,0.0,68.9631
2089,CA-2016-140501,6/23/2016,6/28/2016,Standard Class,IM-15070,Irene Maddox,Consumer,United States,New York City,New York,10009,East,OFF-FA-10004076,Office Supplies,Fasteners,Translucent Push Pins by OIC,3.96,2,0.0,1.4652
2091,CA-2017-166142,7/15/2017,7/19/2017,Standard Class,MM-17260,Magdelene Morse,Consumer,United States,Wilmington,Delaware,19805,East,OFF-BI-10004094,Office Supplies,Binders,GBC Standard Plastic Binding Systems Combs,26.55,3,0.0,13.0095
2092,CA-2017-166142,7/15/2017,7/19/2017,Standard Class,MM-17260,Magdelene Morse,Consumer,United States,Wilmington,Delaware,19805,East,FUR-TA-10004607,Furniture,Tables,Hon 2111 Invitation Series Straight Table,310.443,3,0.3,-48.7839
2104,CA-2017-167101,3/24/2017,3/28/2017,Second Class,BM-11650,Brian Moss,Corporate,United States,New York City,New York,10009,East,OFF-PA-10000357,Office Supplies,Paper,Xerox 1888,221.92,4,0.0,106.5216
2105,CA-2017-167101,3/24/2017,3/28/2017,Second Class,BM-11650,Brian Moss,Corporate,United States,New York City,New York,10009,East,TEC-AC-10001266,Technology,Accessories,Memorex Micro Travel Drive 8 GB,26.0,2,0.0,11.7
2117,CA-2015-159786,10/12/2015,10/17/2015,Second Class,RK-19300,Ralph Kennedy,Consumer,United States,Rochester,New York,14609,East,FUR-TA-10001307,Furniture,Tables,"SAFCO PlanMaster Heigh-Adjustable Drafting Table Base, 43w x 30d x 30-37h, Black",209.67,1,0.4,-13.978
2125,CA-2017-144862,12/1/2017,12/5/2017,Standard Class,EH-14005,Erica Hernandez,Home Office,United States,Philadelphia,Pennsylvania,19143,East,OFF-EN-10003040,Office Supplies,Envelopes,Quality Park Security Envelopes,104.68,5,0.2,35.3295
2126,CA-2017-144862,12/1/2017,12/5/2017,Standard Class,EH-14005,Erica Hernandez,Home Office,United States,Philadelphia,Pennsylvania,19143,East,TEC-PH-10000923,Technology,Phones,"Belkin SportFit Armband For iPhone 5s/5c, Fuchsia",62.958,7,0.4,9.4437
2127,CA-2014-126032,6/23/2014,6/28/2014,Standard Class,BS-11665,Brian Stugart,Consumer,United States,Philadelphia,Pennsylvania,19143,East,TEC-AC-10000158,Technology,Accessories,Sony 64GB Class 10 Micro SDHC R40 Memory Card,86.376,3,0.2,1.0797
2128,CA-2015-134859,10/4/2015,10/9/2015,Standard Class,JK-16120,Julie Kriz,Home Office,United States,Philadelphia,Pennsylvania,19134,East,FUR-FU-10003623,Furniture,Furnishings,"DataProducts Ampli Magnifier Task Lamp, Black,",64.944,3,0.2,6.4944
2129,CA-2015-134859,10/4/2015,10/9/2015,Standard Class,JK-16120,Julie Kriz,Home Office,United States,Philadelphia,Pennsylvania,19134,East,OFF-PA-10001293,Office Supplies,Paper,Xerox 1946,20.736,4,0.2,7.2576
2130,US-2014-114188,5/20/2014,5/22/2014,Second Class,RF-19345,Randy Ferguson,Corporate,United States,Dover,New Hampshire,3820,East,OFF-AP-10000124,Office Supplies,Appliances,Acco 6 Outlet Guardian Basic Surge Suppressor,33.28,4,0.0,9.3184
2131,US-2014-114188,5/20/2014,5/22/2014,Second Class,RF-19345,Randy Ferguson,Corporate,United States,Dover,New Hampshire,3820,East,OFF-AR-10004511,Office Supplies,Art,"Sanford Colorific Scented Colored Pencils, 12/Pack",38.52,9,0.0,11.9412
2132,US-2014-114188,5/20/2014,5/22/2014,Second Class,RF-19345,Randy Ferguson,Corporate,United States,Dover,New Hampshire,3820,East,FUR-FU-10000076,Furniture,Furnishings,24-Hour Round Wall Clock,139.86,7,0.0,60.1398
2133,CA-2015-156524,11/20/2015,11/26/2015,Standard Class,DL-12865,Dan Lawera,Consumer,United States,New York City,New York,10011,East,OFF-PA-10003883,Office Supplies,Paper,"Message Book, Phone, Wirebound Standard Line Memo, 2 3/4"" X 5""",19.65,3,0.0,9.039
2134,CA-2015-122210,11/30/2015,12/4/2015,Standard Class,WB-21850,William Brown,Consumer,United States,Philadelphia,Pennsylvania,19134,East,OFF-BI-10003656,Office Supplies,Binders,Fellowes PB200 Plastic Comb Binding Machine,152.991,3,0.7,-122.3928
2135,CA-2015-122210,11/30/2015,12/4/2015,Standard Class,WB-21850,William Brown,Consumer,United States,Philadelphia,Pennsylvania,19134,East,OFF-FA-10000053,Office Supplies,Fasteners,Revere Boxed Rubber Bands by Revere,10.584,7,0.2,-2.3814
2136,CA-2015-122210,11/30/2015,12/4/2015,Standard Class,WB-21850,William Brown,Consumer,United States,Philadelphia,Pennsylvania,19134,East,TEC-PH-10002807,Technology,Phones,Motorla HX550 Universal Bluetooth Headset,94.92,4,0.4,15.82
2139,US-2017-157896,11/16/2017,11/16/2017,Same Day,CB-12415,Christy Brittain,Consumer,United States,New York City,New York,10009,East,OFF-PA-10004092,Office Supplies,Paper,Tops Green Bar Computer Printout Paper,146.82,3,0.0,73.41
2140,CA-2014-159520,6/6/2014,6/11/2014,Standard Class,GT-14635,Grant Thornton,Corporate,United States,Long Beach,New York,11561,East,OFF-BI-10003982,Office Supplies,Binders,Wilson Jones Century Plastic Molded Ring Binders,149.544,9,0.2,50.4711
2141,CA-2014-159520,6/6/2014,6/11/2014,Standard Class,GT-14635,Grant Thornton,Corporate,United States,Long Beach,New York,11561,East,OFF-SU-10001664,Office Supplies,Supplies,Acme Office Executive Series Stainless Steel Trimmers,17.14,2,0.0,4.4564
2142,CA-2014-159520,6/6/2014,6/11/2014,Standard Class,GT-14635,Grant Thornton,Corporate,United States,Long Beach,New York,11561,East,FUR-TA-10003238,Furniture,Tables,"Chromcraft Bull-Nose Wood 48"" x 96"" Rectangular Conference Tables",991.764,3,0.4,-347.1174
2143,CA-2016-155481,9/1/2016,9/5/2016,Standard Class,DK-13225,Dean Katz,Corporate,United States,Philadelphia,Pennsylvania,19140,East,OFF-PA-10004675,Office Supplies,Paper,"Telephone Message Books with Fax/Mobile Section, 5 1/2"" x 3 3/16""",30.48,6,0.2,9.906
2144,CA-2016-155481,9/1/2016,9/5/2016,Standard Class,DK-13225,Dean Katz,Corporate,United States,Philadelphia,Pennsylvania,19140,East,TEC-PH-10002293,Technology,Phones,Anker 36W 4-Port USB Wall Charger Travel Power Adapter for iPhone 5s 5c 5,23.988,2,0.4,-4.7976
2145,CA-2016-155481,9/1/2016,9/5/2016,Standard Class,DK-13225,Dean Katz,Corporate,United States,Philadelphia,Pennsylvania,19140,East,OFF-FA-10002780,Office Supplies,Fasteners,Staples,16.688,7,0.2,5.4236
2146,US-2016-152051,6/25/2016,6/29/2016,Standard Class,TS-21160,Theresa Swint,Corporate,United States,York,Pennsylvania,17403,East,FUR-CH-10002965,Furniture,Chairs,"Global Leather Highback Executive Chair with Pneumatic Height Adjustment, Black",422.058,3,0.3,-18.0882
2147,US-2016-152051,6/25/2016,6/29/2016,Standard Class,TS-21160,Theresa Swint,Corporate,United States,York,Pennsylvania,17403,East,OFF-BI-10004781,Office Supplies,Binders,GBC Wire Binding Strips,38.088,4,0.7,-27.9312
2148,US-2016-152051,6/25/2016,6/29/2016,Standard Class,TS-21160,Theresa Swint,Corporate,United States,York,Pennsylvania,17403,East,OFF-ST-10001713,Office Supplies,Storage,"Gould Plastics 9-Pocket Panel Bin, 18-3/8w x 5-1/4d x 20-1/2h, Black",254.352,6,0.2,-50.8704
2150,CA-2017-102771,3/31/2017,4/5/2017,Standard Class,DO-13435,Denny Ordway,Consumer,United States,New York City,New York,10035,East,TEC-PH-10001536,Technology,Phones,Spigen Samsung Galaxy S5 Case Wallet,84.95,5,0.0,22.087
2153,CA-2015-123505,11/22/2015,11/26/2015,Standard Class,AR-10540,Andy Reiter,Consumer,United States,Quincy,Massachusetts,2169,East,OFF-PA-10002586,Office Supplies,Paper,Xerox 1970,14.94,3,0.0,7.0218
2154,CA-2016-117282,7/14/2016,7/18/2016,Standard Class,DR-12880,Dan Reichenbach,Corporate,United States,New York City,New York,10009,East,OFF-BI-10004094,Office Supplies,Binders,GBC Standard Plastic Binding Systems Combs,14.16,2,0.2,5.133
2161,CA-2016-141019,5/14/2016,5/14/2016,Same Day,LH-17155,Logan Haushalter,Consumer,United States,Cincinnati,Ohio,45231,East,FUR-FU-10002937,Furniture,Furnishings,"GE 48"" Fluorescent Tube, Cool White Energy Saver, 34 Watts, 30/Box",79.384,1,0.2,29.769
2169,CA-2017-117870,1/27/2017,1/30/2017,Second Class,JH-15820,John Huston,Consumer,United States,Kent,Ohio,44240,East,OFF-AR-10004078,Office Supplies,Art,Newell 312,14.016,3,0.2,1.752
2170,CA-2017-117870,1/27/2017,1/30/2017,Second Class,JH-15820,John Huston,Consumer,United States,Kent,Ohio,44240,East,TEC-AC-10000927,Technology,Accessories,Anker Ultrathin Bluetooth Wireless Keyboard Aluminum Cover with Stand ,71.976,3,0.2,-8.997
2171,CA-2017-117870,1/27/2017,1/30/2017,Second Class,JH-15820,John Huston,Consumer,United States,Kent,Ohio,44240,East,TEC-PH-10003931,Technology,Phones,JBL Micro Wireless Portable Bluetooth Speaker,107.982,3,0.4,-26.9955
2180,CA-2016-128818,5/7/2016,5/11/2016,Standard Class,CJ-12010,Caroline Jumper,Consumer,United States,New York City,New York,10009,East,OFF-BI-10000309,Office Supplies,Binders,"GBC Twin Loop Wire Binding Elements, 9/16"" Spine, Black",85.232,7,0.2,30.8966
2181,CA-2016-128818,5/7/2016,5/11/2016,Standard Class,CJ-12010,Caroline Jumper,Consumer,United States,New York City,New York,10009,East,OFF-LA-10003923,Office Supplies,Labels,Alphabetical Labels for Top Tab Filing,44.4,3,0.0,22.2
2182,CA-2016-128818,5/7/2016,5/11/2016,Standard Class,CJ-12010,Caroline Jumper,Consumer,United States,New York City,New York,10009,East,FUR-CH-10002084,Furniture,Chairs,Hon Mobius Operator's Chair,442.764,4,0.1,59.0352
2183,CA-2016-128818,5/7/2016,5/11/2016,Standard Class,CJ-12010,Caroline Jumper,Consumer,United States,New York City,New York,10009,East,TEC-MA-10000488,Technology,Machines,Bady BDG101FRU Card Printer,3999.95,5,0.0,1159.9855
2184,CA-2016-128818,5/7/2016,5/11/2016,Standard Class,CJ-12010,Caroline Jumper,Consumer,United States,New York City,New York,10009,East,TEC-AC-10001767,Technology,Accessories,SanDisk Ultra 64 GB MicroSDHC Class 10 Memory Card,199.95,5,0.0,21.9945
2185,CA-2016-128818,5/7/2016,5/11/2016,Standard Class,CJ-12010,Caroline Jumper,Consumer,United States,New York City,New York,10009,East,FUR-FU-10001940,Furniture,Furnishings,Staple-based wall hangings,63.68,8,0.0,28.0192
2199,CA-2015-135363,3/28/2015,4/2/2015,Standard Class,CK-12205,Chloris Kastensmidt,Consumer,United States,Philadelphia,Pennsylvania,19120,East,OFF-PA-10003177,Office Supplies,Paper,Xerox 1999,15.552,3,0.2,5.4432
2200,CA-2015-135363,3/28/2015,4/2/2015,Standard Class,CK-12205,Chloris Kastensmidt,Consumer,United States,Philadelphia,Pennsylvania,19120,East,OFF-PA-10000533,Office Supplies,Paper,Southworth Parchment Paper & Envelopes,5.232,1,0.2,1.7004
2205,CA-2015-128860,6/29/2015,7/5/2015,Standard Class,SC-20725,Steven Cartwright,Consumer,United States,Lancaster,Pennsylvania,17602,East,FUR-FU-10001473,Furniture,Furnishings,"Eldon Executive Woodline II Desk Accessories, Mahogany",20.104,1,0.2,1.7591
2209,CA-2015-129854,8/22/2015,8/26/2015,Standard Class,RB-19705,Roger Barcio,Home Office,United States,New York City,New York,10009,East,OFF-AR-10000390,Office Supplies,Art,Newell Chalk Holder,16.52,4,0.0,7.5992
2210,CA-2014-125556,11/14/2014,11/16/2014,Second Class,ML-17410,Maris LaWare,Consumer,United States,Fairfield,Connecticut,6824,East,TEC-PH-10001079,Technology,Phones,Polycom SoundPoint Pro SE-225 Corded phone,832.93,7,0.0,233.2204
2211,CA-2014-125556,11/14/2014,11/16/2014,Second Class,ML-17410,Maris LaWare,Consumer,United States,Fairfield,Connecticut,6824,East,OFF-BI-10003460,Office Supplies,Binders,Acco 3-Hole Punch,43.8,10,0.0,21.024
2213,CA-2017-107874,11/21/2017,11/25/2017,Standard Class,SW-20275,Scott Williamson,Consumer,United States,New York City,New York,10035,East,FUR-FU-10003535,Furniture,Furnishings,Howard Miller Distant Time Traveler Alarm Clock,27.42,1,0.0,11.2422
2222,CA-2015-131884,12/6/2015,12/6/2015,Same Day,DK-13375,Dennis Kane,Consumer,United States,Marion,Ohio,43302,East,TEC-PH-10001578,Technology,Phones,Polycom SoundStation2 EX Conference phone,485.94,2,0.4,-89.089
2223,CA-2015-131884,12/6/2015,12/6/2015,Same Day,DK-13375,Dennis Kane,Consumer,United States,Marion,Ohio,43302,East,OFF-AR-10004078,Office Supplies,Art,Newell 312,37.376,8,0.2,4.672
2224,CA-2015-131884,12/6/2015,12/6/2015,Same Day,DK-13375,Dennis Kane,Consumer,United States,Marion,Ohio,43302,East,FUR-CH-10004860,Furniture,Chairs,Global Low Back Tilter Chair,70.686,1,0.3,-24.2352
2225,CA-2017-121909,7/31/2017,8/5/2017,Standard Class,EA-14035,Erin Ashbrook,Corporate,United States,Philadelphia,Pennsylvania,19134,East,OFF-PA-10003790,Office Supplies,Paper,Xerox 1991,54.816,3,0.2,17.8152
2229,CA-2016-139157,10/1/2016,10/5/2016,Standard Class,GM-14680,Greg Matthias,Consumer,United States,New York City,New York,10024,East,FUR-TA-10003238,Furniture,Tables,"Chromcraft Bull-Nose Wood 48"" x 96"" Rectangular Conference Tables",330.588,1,0.4,-115.7058
2235,CA-2017-104066,12/5/2017,12/10/2017,Standard Class,QJ-19255,Quincy Jones,Corporate,United States,Burlington,Vermont,5408,East,TEC-AC-10001013,Technology,Accessories,Logitech ClearChat Comfort/USB Headset H390,205.03,7,0.0,67.6599
2242,US-2016-126893,11/26/2016,12/1/2016,Standard Class,CT-11995,Carol Triggs,Consumer,United States,Philadelphia,Pennsylvania,19134,East,TEC-PH-10004165,Technology,Phones,Mitel MiVoice 5330e IP Phone,494.982,3,0.4,-115.4958
2256,CA-2016-164091,9/17/2016,9/22/2016,Standard Class,LA-16780,Laura Armstrong,Corporate,United States,Bangor,Maine,4401,East,TEC-PH-10001944,Technology,Phones,Wi-Ex zBoost YX540 Cellular Phone Signal Booster,437.85,3,0.0,131.355
2257,CA-2016-164091,9/17/2016,9/22/2016,Standard Class,LA-16780,Laura Armstrong,Corporate,United States,Bangor,Maine,4401,East,FUR-FU-10004952,Furniture,Furnishings,"C-Line Cubicle Keepers Polyproplyene Holder w/Velcro Back, 8-1/2x11, 25/Bx",109.48,2,0.0,33.9388
2262,US-2015-137960,12/18/2015,12/18/2015,Same Day,MW-18220,Mitch Webber,Consumer,United States,New York City,New York,10035,East,TEC-AC-10002253,Technology,Accessories,Imation Bio 8GB USB Flash Drive Imation Corp,166.24,1,0.0,24.936
2269,CA-2017-105480,12/20/2017,12/26/2017,Standard Class,DK-13225,Dean Katz,Corporate,United States,Rochester,New York,14609,East,OFF-PA-10002787,Office Supplies,Paper,Xerox 227,6.48,1,0.0,3.1104
2270,CA-2017-105480,12/20/2017,12/26/2017,Standard Class,DK-13225,Dean Katz,Corporate,United States,Rochester,New York,14609,East,OFF-BI-10003291,Office Supplies,Binders,Wilson Jones Leather-Like Binders with DublLock Round Rings,6.984,1,0.2,2.3571
2283,CA-2016-132143,9/3/2016,9/5/2016,First Class,FM-14215,Filia McAdams,Corporate,United States,Middletown,Connecticut,6457,East,OFF-PA-10002713,Office Supplies,Paper,"Adams Phone Message Book, 200 Message Capacity, 8 1/16 x 11",48.16,7,0.0,22.1536
2288,US-2017-112928,6/1/2017,6/5/2017,Second Class,BB-10990,Barry Blumstein,Corporate,United States,Toledo,Ohio,43615,East,OFF-AP-10002287,Office Supplies,Appliances,"Eureka Sanitaire  Multi-Pro Heavy-Duty Upright, Disposable Bags",17.48,5,0.2,1.311
2294,CA-2015-130995,11/1/2015,11/6/2015,Standard Class,QJ-19255,Quincy Jones,Corporate,United States,New York City,New York,10009,East,TEC-PH-10000347,Technology,Phones,Cush Cases Heavy Duty Rugged Cover Case for Samsung Galaxy S5 - Purple,4.95,1,0.0,1.3365
2295,CA-2017-127929,12/23/2017,12/27/2017,Standard Class,FM-14215,Filia McAdams,Corporate,United States,Middletown,Connecticut,6457,East,FUR-FU-10003708,Furniture,Furnishings,"Tenex Traditional Chairmats for Medium Pile Carpet, Standard Lip, 36"" x 48""",181.95,3,0.0,38.2095
2296,CA-2015-113145,11/1/2015,11/5/2015,Standard Class,VD-21670,Valerie Dominguez,Consumer,United States,New York City,New York,10011,East,OFF-PA-10002659,Office Supplies,Paper,Avoid Verbal Orders Carbonless Minifold Book,13.52,4,0.0,6.2192
2297,CA-2015-113145,11/1/2015,11/5/2015,Standard Class,VD-21670,Valerie Dominguez,Consumer,United States,New York City,New York,10011,East,FUR-FU-10000965,Furniture,Furnishings,"Howard Miller 11-1/2"" Diameter Ridgewood Wall Clock",259.7,5,0.0,106.477
2298,CA-2015-113145,11/1/2015,11/5/2015,Standard Class,VD-21670,Valerie Dominguez,Consumer,United States,New York City,New York,10011,East,TEC-PH-10001527,Technology,Phones,Plantronics MX500i Earset,42.95,1,0.0,1.2885
2299,CA-2015-113145,11/1/2015,11/5/2015,Standard Class,VD-21670,Valerie Dominguez,Consumer,United States,New York City,New York,10011,East,TEC-AC-10001838,Technology,Accessories,Razer Tiamat Over Ear 7.1 Surround Sound PC Gaming Headset,1399.93,7,0.0,601.9699
2300,CA-2015-113145,11/1/2015,11/5/2015,Standard Class,VD-21670,Valerie Dominguez,Consumer,United States,New York City,New York,10011,East,TEC-PH-10002597,Technology,Phones,Xblue XB-1670-86 X16 Small Office Telephone - Titanium,503.96,4,0.0,125.99
2308,CA-2017-116225,11/5/2017,11/9/2017,Standard Class,SV-20935,Susan Vittorini,Consumer,United States,New York City,New York,10009,East,TEC-AC-10001432,Technology,Accessories,Enermax Aurora Lite Keyboard,390.75,5,0.0,171.93
2326,CA-2015-105102,9/15/2015,9/19/2015,Second Class,BM-11575,Brendan Murry,Corporate,United States,New York City,New York,10035,East,OFF-BI-10002082,Office Supplies,Binders,GBC Twin Loop Wire Binding Elements,79.872,3,0.2,29.952
2327,CA-2015-105102,9/15/2015,9/19/2015,Second Class,BM-11575,Brendan Murry,Corporate,United States,New York City,New York,10035,East,FUR-BO-10004709,Furniture,Bookcases,"Bush Westfield Collection Bookcases, Medium Cherry Finish",46.384,1,0.2,1.1596
2328,CA-2015-105102,9/15/2015,9/19/2015,Second Class,BM-11575,Brendan Murry,Corporate,United States,New York City,New York,10035,East,OFF-PA-10002365,Office Supplies,Paper,Xerox 1967,12.96,2,0.0,6.2208
2330,US-2015-147739,12/25/2015,12/29/2015,Standard Class,JD-16150,Justin Deggeller,Corporate,United States,Philadelphia,Pennsylvania,19140,East,FUR-FU-10001468,Furniture,Furnishings,Tenex Antistatic Computer Chair Mats,547.136,4,0.2,-68.392
2336,CA-2017-152695,12/10/2017,12/10/2017,Same Day,CC-12220,Chris Cortes,Consumer,United States,Fairfield,Connecticut,6824,East,OFF-EN-10004030,Office Supplies,Envelopes,Convenience Packs of Business Envelopes,10.86,3,0.0,5.1042
2337,CA-2017-152695,12/10/2017,12/10/2017,Same Day,CC-12220,Chris Cortes,Consumer,United States,Fairfield,Connecticut,6824,East,OFF-AP-10000026,Office Supplies,Appliances,Tripp Lite Isotel 6 Outlet Surge Protector with Fax/Modem Protection,426.79,7,0.0,123.7691
2338,CA-2014-110639,8/23/2014,8/23/2014,Same Day,RH-19495,Rick Hansen,Consumer,United States,New York City,New York,10009,East,OFF-PA-10003936,Office Supplies,Paper,Xerox 1994,25.92,4,0.0,12.4416
2339,CA-2014-110639,8/23/2014,8/23/2014,Same Day,RH-19495,Rick Hansen,Consumer,United States,New York City,New York,10009,East,OFF-PA-10004530,Office Supplies,Paper,Personal Creations Ink Jet Cards and Labels,45.92,4,0.0,22.5008
2340,CA-2014-121727,8/19/2014,8/24/2014,Standard Class,JK-15625,Jim Karlsson,Consumer,United States,Columbus,Ohio,43229,East,OFF-AR-10004930,Office Supplies,Art,Turquoise Lead Holder with Pocket Clip,10.72,2,0.2,1.742
2342,US-2014-143231,12/31/2014,1/3/2015,First Class,GM-14455,Gary Mitchum,Home Office,United States,Franklin,Massachusetts,2038,East,FUR-FU-10002501,Furniture,Furnishings,Nu-Dell Executive Frame,63.2,5,0.0,23.384
2343,US-2014-143231,12/31/2014,1/3/2015,First Class,GM-14455,Gary Mitchum,Home Office,United States,Franklin,Massachusetts,2038,East,TEC-AC-10000358,Technology,Accessories,Imation Secure Drive + Hardware Encrypted USB flash drive - 16 GB,113.97,3,0.0,27.3528
2358,US-2014-148838,3/17/2014,3/21/2014,Standard Class,CP-12340,Christine Phan,Corporate,United States,New York City,New York,10024,East,FUR-TA-10003473,Furniture,Tables,Bretford Rectangular Conference Table Tops,1579.746,7,0.4,-447.5947
2359,US-2014-148838,3/17/2014,3/21/2014,Standard Class,CP-12340,Christine Phan,Corporate,United States,New York City,New York,10024,East,FUR-TA-10001950,Furniture,Tables,Balt Solid Wood Round Tables,1071.576,4,0.4,-553.6476
2360,US-2014-148838,3/17/2014,3/21/2014,Standard Class,CP-12340,Christine Phan,Corporate,United States,New York City,New York,10024,East,FUR-TA-10004175,Furniture,Tables,"Hon 30"" x 60"" Table with Locking Drawer",613.908,3,0.4,-122.7816
2361,US-2014-148838,3/17/2014,3/21/2014,Standard Class,CP-12340,Christine Phan,Corporate,United States,New York City,New York,10024,East,OFF-PA-10002960,Office Supplies,Paper,Xerox 1926,34.86,7,0.0,16.3842
2362,US-2014-148838,3/17/2014,3/21/2014,Standard Class,CP-12340,Christine Phan,Corporate,United States,New York City,New York,10024,East,OFF-PA-10000919,Office Supplies,Paper,Xerox 1918,155.04,4,0.0,75.9696
2363,CA-2017-136497,4/16/2017,4/20/2017,Standard Class,RF-19840,Roy Französisch,Consumer,United States,Columbus,Ohio,43229,East,OFF-BI-10001553,Office Supplies,Binders,SpineVue Locking Slant-D Ring Binders by Cardinal,13.71,5,0.7,-10.054
2368,CA-2017-123659,2/10/2017,2/13/2017,First Class,MN-17935,Michael Nguyen,Consumer,United States,Clinton,Maryland,20735,East,OFF-PA-10002464,Office Supplies,Paper,HP Office Recycled Paper (20Lb. and 87 Bright),23.12,4,0.0,11.3288
2369,US-2016-129469,9/23/2016,9/27/2016,Standard Class,KL-16555,Kelly Lampkin,Corporate,United States,Fairfield,Ohio,45014,East,FUR-FU-10002298,Furniture,Furnishings,"Rubbermaid ClusterMat Chairmats, Mat Size- 66"" x 60"", Lip 20"" x 11"" -90 Degree Angle",532.704,6,0.2,-26.6352
2370,US-2016-129469,9/23/2016,9/27/2016,Standard Class,KL-16555,Kelly Lampkin,Corporate,United States,Fairfield,Ohio,45014,East,OFF-AR-10000315,Office Supplies,Art,"Dixon Ticonderoga Maple Cedar Pencil, #2",4.912,2,0.2,0.307
2371,CA-2017-155152,7/7/2017,7/9/2017,Second Class,MP-17965,Michael Paige,Corporate,United States,Warwick,Rhode Island,2886,East,TEC-AC-10004353,Technology,Accessories,Hypercom P1300 Pinpad,252.0,4,0.0,93.24
2377,US-2014-164616,8/19/2014,8/21/2014,Second Class,MS-17770,Maxwell Schwartz,Consumer,United States,Columbus,Ohio,43229,East,OFF-BI-10001718,Office Supplies,Binders,GBC DocuBind P50 Personal Binding Machine,76.776,4,0.7,-58.8616
2378,US-2014-164616,8/19/2014,8/21/2014,Second Class,MS-17770,Maxwell Schwartz,Consumer,United States,Columbus,Ohio,43229,East,OFF-SU-10004768,Office Supplies,Supplies,Acme Kleencut Forged Steel Scissors,9.184,2,0.2,1.148
2380,CA-2016-118052,5/6/2016,5/10/2016,Standard Class,BE-11455,Brad Eason,Home Office,United States,Lorain,Ohio,44052,East,OFF-FA-10004248,Office Supplies,Fasteners,Advantus T-Pin Paper Clips,7.216,2,0.2,1.7138
2381,CA-2016-118052,5/6/2016,5/10/2016,Standard Class,BE-11455,Brad Eason,Home Office,United States,Lorain,Ohio,44052,East,OFF-PA-10002581,Office Supplies,Paper,Xerox 1951,49.568,2,0.2,15.49
2382,CA-2016-118052,5/6/2016,5/10/2016,Standard Class,BE-11455,Brad Eason,Home Office,United States,Lorain,Ohio,44052,East,FUR-FU-10004848,Furniture,Furnishings,DAX Solid Wood Frames,54.712,7,0.2,11.6263
2390,US-2015-127040,12/6/2015,12/10/2015,Standard Class,SG-20605,Speros Goranitis,Consumer,United States,New York City,New York,10009,East,OFF-PA-10004255,Office Supplies,Paper,Xerox 219,6.48,1,0.0,3.1104
2391,US-2015-127040,12/6/2015,12/10/2015,Standard Class,SG-20605,Speros Goranitis,Consumer,United States,New York City,New York,10009,East,OFF-PA-10001184,Office Supplies,Paper,Xerox 1903,41.86,7,0.0,20.5114
2392,US-2015-127040,12/6/2015,12/10/2015,Standard Class,SG-20605,Speros Goranitis,Consumer,United States,New York City,New York,10009,East,TEC-AC-10002637,Technology,Accessories,Logitech VX Revolution Cordless Laser Mouse for Notebooks (Black),1619.91,9,0.0,97.1946
2393,US-2015-127040,12/6/2015,12/10/2015,Standard Class,SG-20605,Speros Goranitis,Consumer,United States,New York City,New York,10009,East,FUR-FU-10002878,Furniture,Furnishings,"Seth Thomas 14"" Day/Date Wall Clock",113.92,4,0.0,42.1504
2394,CA-2016-128111,3/17/2016,3/23/2016,Standard Class,CS-12355,Christine Sundaresam,Consumer,United States,Malden,Massachusetts,2148,East,OFF-AR-10000588,Office Supplies,Art,Newell 345,39.68,2,0.0,10.3168
2395,CA-2015-137897,11/14/2015,11/19/2015,Standard Class,PJ-18835,Patrick Jones,Corporate,United States,New York City,New York,10035,East,TEC-AC-10002217,Technology,Accessories,Imation Clip USB flash drive - 8 GB,37.6,2,0.0,2.256
2396,CA-2015-137897,11/14/2015,11/19/2015,Standard Class,PJ-18835,Patrick Jones,Corporate,United States,New York City,New York,10035,East,TEC-AC-10001267,Technology,Accessories,Imation 32GB Pocket Pro USB 3.0 Flash Drive - 32 GB - Black - 1 P ...,59.9,2,0.0,23.96
2397,CA-2015-137897,11/14/2015,11/19/2015,Standard Class,PJ-18835,Patrick Jones,Corporate,United States,New York City,New York,10035,East,OFF-PA-10004041,Office Supplies,Paper,"It's Hot Message Books with Stickers, 2 3/4"" x 5""",37.0,5,0.0,16.65
2411,CA-2014-162684,8/1/2014,8/6/2014,Standard Class,AS-10630,Ann Steele,Home Office,United States,Philadelphia,Pennsylvania,19120,East,OFF-FA-10000992,Office Supplies,Fasteners,"Acco Clips to Go Binder Clips, 24 Clips in Two Sizes",5.68,2,0.2,1.917
2416,CA-2015-146087,7/6/2015,7/11/2015,Standard Class,PP-18955,Paul Prost,Home Office,United States,Holyoke,Massachusetts,1040,East,FUR-BO-10002824,Furniture,Bookcases,Bush Mission Pointe Library,301.96,2,0.0,60.392
2424,US-2017-147669,12/25/2017,12/30/2017,Standard Class,SV-20935,Susan Vittorini,Consumer,United States,Fairfield,Ohio,45014,East,TEC-AC-10002473,Technology,Accessories,Maxell 4.7GB DVD-R,158.928,7,0.2,41.7186
2425,US-2017-147669,12/25/2017,12/30/2017,Standard Class,SV-20935,Susan Vittorini,Consumer,United States,Fairfield,Ohio,45014,East,OFF-BI-10000632,Office Supplies,Binders,Satellite Sectional Post Binders,13.023,1,0.7,-10.4184
2426,US-2017-147669,12/25/2017,12/30/2017,Standard Class,SV-20935,Susan Vittorini,Consumer,United States,Fairfield,Ohio,45014,East,FUR-TA-10002645,Furniture,Tables,Hon Rectangular Conference Tables,273.06,2,0.4,-104.673
2427,US-2017-147669,12/25/2017,12/30/2017,Standard Class,SV-20935,Susan Vittorini,Consumer,United States,Fairfield,Ohio,45014,East,OFF-FA-10002975,Office Supplies,Fasteners,Staples,39.312,13,0.2,12.7764
2433,CA-2014-148586,3/25/2014,4/1/2014,Standard Class,AZ-10750,Annie Zypern,Consumer,United States,New York City,New York,10009,East,FUR-CH-10002439,Furniture,Chairs,"Iceberg Nesting Folding Chair, 19w x 6d x 43h",366.786,7,0.1,65.2064
2441,CA-2016-146934,5/22/2016,5/27/2016,Standard Class,AF-10870,Art Ferguson,Consumer,United States,Passaic,New Jersey,7055,East,TEC-PH-10004614,Technology,Phones,AT&T 841000 Phone,345.0,5,0.0,86.25
2442,CA-2016-146934,5/22/2016,5/27/2016,Standard Class,AF-10870,Art Ferguson,Consumer,United States,Passaic,New Jersey,7055,East,FUR-TA-10003748,Furniture,Tables,Bevis 36 x 72 Conference Tables,174.286,2,0.3,-19.9184
2443,CA-2016-146934,5/22/2016,5/27/2016,Standard Class,AF-10870,Art Ferguson,Consumer,United States,Passaic,New Jersey,7055,East,OFF-AP-10003217,Office Supplies,Appliances,Eureka Sanitaire  Commercial Upright,662.84,4,0.0,172.3384
2444,CA-2016-146934,5/22/2016,5/27/2016,Standard Class,AF-10870,Art Ferguson,Consumer,United States,Passaic,New Jersey,7055,East,TEC-AC-10002399,Technology,Accessories,SanDisk Cruzer 32 GB USB Flash Drive,95.1,5,0.0,30.432
2445,CA-2016-146934,5/22/2016,5/27/2016,Standard Class,AF-10870,Art Ferguson,Consumer,United States,Passaic,New Jersey,7055,East,OFF-EN-10002973,Office Supplies,Envelopes,Ampad #10 Peel & Seel Holiday Envelopes,26.88,6,0.0,12.9024
2446,CA-2016-146934,5/22/2016,5/27/2016,Standard Class,AF-10870,Art Ferguson,Consumer,United States,Passaic,New Jersey,7055,East,TEC-PH-10001336,Technology,Phones,Digium D40 VoIP phone,257.98,2,0.0,74.8142
2448,CA-2016-119165,10/31/2016,11/6/2016,Standard Class,BD-11320,Bill Donatelli,Consumer,United States,Philadelphia,Pennsylvania,19143,East,FUR-CH-10000988,Furniture,Chairs,Hon Olson Stacker Stools,492.835,5,0.3,-14.081
2451,CA-2017-140949,3/17/2017,3/22/2017,Second Class,DB-13405,Denny Blanton,Consumer,United States,New York City,New York,10011,East,OFF-LA-10000081,Office Supplies,Labels,Avery 496,18.75,5,0.0,9.0
2452,CA-2017-140949,3/17/2017,3/22/2017,Second Class,DB-13405,Denny Blanton,Consumer,United States,New York City,New York,10011,East,TEC-PH-10000149,Technology,Phones,Cisco SPA525G2 IP Phone - Wireless,119.7,6,0.0,31.122
2453,CA-2017-140949,3/17/2017,3/22/2017,Second Class,DB-13405,Denny Blanton,Consumer,United States,New York City,New York,10011,East,OFF-BI-10000605,Office Supplies,Binders,"Acco Pressboard Covers with Storage Hooks, 9 1/2"" x 11"", Executive Red",9.144,3,0.2,3.0861
2454,CA-2017-140949,3/17/2017,3/22/2017,Second Class,DB-13405,Denny Blanton,Consumer,United States,New York City,New York,10011,East,TEC-AC-10002399,Technology,Accessories,SanDisk Cruzer 32 GB USB Flash Drive,57.06,3,0.0,18.2592
2455,CA-2017-140949,3/17/2017,3/22/2017,Second Class,DB-13405,Denny Blanton,Consumer,United States,New York City,New York,10011,East,TEC-AC-10003038,Technology,Accessories,Kingston Digital DataTraveler 16GB USB 2.0,71.6,8,0.0,13.604
2456,CA-2017-140949,3/17/2017,3/22/2017,Second Class,DB-13405,Denny Blanton,Consumer,United States,New York City,New York,10011,East,OFF-ST-10000344,Office Supplies,Storage,"Neat Ideas Personal Hanging Folder Files, Black",107.44,8,0.0,27.9344
2457,CA-2017-140949,3/17/2017,3/22/2017,Second Class,DB-13405,Denny Blanton,Consumer,United States,New York City,New York,10011,East,OFF-LA-10004093,Office Supplies,Labels,Avery 486,7.31,1,0.0,3.4357
2458,CA-2017-140949,3/17/2017,3/22/2017,Second Class,DB-13405,Denny Blanton,Consumer,United States,New York City,New York,10011,East,OFF-AR-10001683,Office Supplies,Art,Lumber Crayons,59.1,6,0.0,22.458
2459,CA-2017-140949,3/17/2017,3/22/2017,Second Class,DB-13405,Denny Blanton,Consumer,United States,New York City,New York,10011,East,OFF-ST-10003455,Office Supplies,Storage,"Tenex File Box, Personal Filing Tote with Lid, Black",46.53,3,0.0,12.0978
2460,CA-2017-138548,8/15/2017,8/21/2017,Standard Class,JG-15160,James Galang,Consumer,United States,Plainfield,New Jersey,7060,East,OFF-AP-10002578,Office Supplies,Appliances,"Fellowes Premier Superior Surge Suppressor, 10-Outlet, With Phone and Remote",97.84,2,0.0,25.4384
2463,CA-2017-148691,12/3/2017,12/9/2017,Standard Class,CS-12460,Chuck Sachs,Consumer,United States,New York City,New York,10009,East,OFF-BI-10001524,Office Supplies,Binders,GBC Premium Transparent Covers with Diagonal Lined Pattern,83.92,5,0.2,29.372
2464,CA-2017-148691,12/3/2017,12/9/2017,Standard Class,CS-12460,Chuck Sachs,Consumer,United States,New York City,New York,10009,East,OFF-BI-10001553,Office Supplies,Binders,SpineVue Locking Slant-D Ring Binders by Cardinal,14.624,2,0.2,5.1184
2465,CA-2017-148691,12/3/2017,12/9/2017,Standard Class,CS-12460,Chuck Sachs,Consumer,United States,New York City,New York,10009,East,TEC-PH-10000576,Technology,Phones,AT&T 1080 Corded phone,136.99,1,0.0,36.9873
2466,CA-2017-148691,12/3/2017,12/9/2017,Standard Class,CS-12460,Chuck Sachs,Consumer,United States,New York City,New York,10009,East,OFF-LA-10001317,Office Supplies,Labels,Avery 520,3.15,1,0.0,1.512
2479,CA-2014-145212,9/13/2014,9/19/2014,Standard Class,DC-12850,Dan Campbell,Consumer,United States,New York City,New York,10011,East,OFF-AR-10002833,Office Supplies,Art,Newell 322,5.46,3,0.0,1.4742
2487,CA-2015-104514,1/2/2015,1/4/2015,Second Class,CB-12535,Claudia Bergmann,Corporate,United States,Newark,Delaware,19711,East,OFF-ST-10001837,Office Supplies,Storage,"SAFCO Mobile Desk Side File, Wire Frame",85.52,2,0.0,22.2352
2488,CA-2015-104514,1/2/2015,1/4/2015,Second Class,CB-12535,Claudia Bergmann,Corporate,United States,Newark,Delaware,19711,East,OFF-AR-10001473,Office Supplies,Art,Newell 313,9.84,3,0.0,2.6568
2489,CA-2015-104514,1/2/2015,1/4/2015,Second Class,CB-12535,Claudia Bergmann,Corporate,United States,Newark,Delaware,19711,East,OFF-PA-10004285,Office Supplies,Paper,Xerox 1959,20.04,3,0.0,9.6192
2490,CA-2015-141040,10/9/2015,10/13/2015,Second Class,TB-21250,Tim Brockman,Consumer,United States,New York City,New York,10024,East,TEC-PH-10001835,Technology,Phones,Jawbone JAMBOX Wireless Bluetooth Speaker,631.96,4,0.0,303.3408
2491,CA-2015-141040,10/9/2015,10/13/2015,Second Class,TB-21250,Tim Brockman,Consumer,United States,New York City,New York,10024,East,OFF-PA-10002245,Office Supplies,Paper,Xerox 1895,23.92,4,0.0,10.764
2493,CA-2014-144624,11/19/2014,11/23/2014,Standard Class,JM-15865,John Murray,Consumer,United States,Jamestown,New York,14701,East,TEC-PH-10002885,Technology,Phones,Apple iPhone 5,4548.81,7,0.0,1228.1787
2516,CA-2014-106572,9/5/2014,9/10/2014,Standard Class,NP-18700,Nora Preis,Consumer,United States,Bowling Green,Ohio,43402,East,OFF-ST-10000585,Office Supplies,Storage,Economy Rollaway Files,264.32,2,0.2,19.824
2518,CA-2017-123134,5/2/2017,5/7/2017,Standard Class,DW-13585,Dorothy Wardle,Corporate,United States,Westfield,New Jersey,7090,East,FUR-FU-10003975,Furniture,Furnishings,Eldon Advantage Chair Mats for Low to Medium Pile Carpets,129.93,3,0.0,12.993
2535,US-2017-117723,8/15/2017,8/18/2017,Second Class,DL-13495,Dionis Lloyd,Corporate,United States,Philadelphia,Pennsylvania,19120,East,OFF-ST-10004459,Office Supplies,Storage,Tennsco Single-Tier Lockers,1801.632,6,0.2,-337.806
2537,CA-2015-168746,1/27/2015,1/29/2015,Second Class,SV-20365,Seth Vernon,Consumer,United States,Cleveland,Ohio,44105,East,FUR-CH-10000513,Furniture,Chairs,High-Back Leather Manager's Chair,181.986,2,0.3,-54.5958
2538,CA-2015-168746,1/27/2015,1/29/2015,Second Class,SV-20365,Seth Vernon,Consumer,United States,Cleveland,Ohio,44105,East,TEC-PH-10000895,Technology,Phones,Polycom VVX 310 VoIP phone,431.976,4,0.4,-100.7944
2539,CA-2015-168746,1/27/2015,1/29/2015,Second Class,SV-20365,Seth Vernon,Consumer,United States,Cleveland,Ohio,44105,East,TEC-PH-10002555,Technology,Phones,Nortel Meridian M5316 Digital phone,155.37,1,0.4,-36.253
2543,CA-2014-164385,9/26/2014,10/1/2014,Second Class,NB-18580,Nicole Brennan,Corporate,United States,Philadelphia,Pennsylvania,19134,East,OFF-AP-10002191,Office Supplies,Appliances,Belkin 8 Outlet SurgeMaster II Gold Surge Protector,143.952,3,0.2,14.3952
2544,US-2016-114174,9/8/2016,9/14/2016,Standard Class,AP-10720,Anne Pryor,Home Office,United States,Malden,Massachusetts,2148,East,FUR-BO-10003450,Furniture,Bookcases,"Bush Westfield Collection Bookcases, Dark Cherry Finish",173.94,3,0.0,13.9152
2545,US-2016-114174,9/8/2016,9/14/2016,Standard Class,AP-10720,Anne Pryor,Home Office,United States,Malden,Massachusetts,2148,East,OFF-LA-10000248,Office Supplies,Labels,Avery 52,14.76,4,0.0,6.9372
2556,CA-2015-111458,9/26/2015,9/30/2015,Standard Class,PF-19165,Philip Fox,Consumer,United States,New York City,New York,10035,East,TEC-AC-10001590,Technology,Accessories,Dell Slim USB Multimedia Keyboard,50.0,2,0.0,12.0
2564,CA-2015-110632,3/17/2015,3/22/2015,Second Class,HR-14830,Harold Ryan,Corporate,United States,New York City,New York,10009,East,TEC-AC-10000387,Technology,Accessories,KeyTronic KT800P2 - Keyboard - Black,15.02,1,0.0,2.7036
2565,CA-2015-110632,3/17/2015,3/22/2015,Second Class,HR-14830,Harold Ryan,Corporate,United States,New York City,New York,10009,East,OFF-ST-10001291,Office Supplies,Storage,"Tenex Personal Self-Stacking Standard File Box, Black/Gray",33.82,2,0.0,9.1314
2569,CA-2017-148929,9/7/2017,9/11/2017,Standard Class,SP-20620,Stefania Perrino,Corporate,United States,New York City,New York,10011,East,OFF-ST-10003282,Office Supplies,Storage,"Advantus 10-Drawer Portable Organizer, Chrome Metal Frame, Smoke Drawers",478.08,8,0.0,133.8624
2570,CA-2017-134404,12/27/2017,12/27/2017,Same Day,DR-12880,Dan Reichenbach,Corporate,United States,Newark,Ohio,43055,East,TEC-PH-10000576,Technology,Phones,AT&T 1080 Corded phone,164.388,2,0.4,-35.6174
2571,CA-2017-134404,12/27/2017,12/27/2017,Same Day,DR-12880,Dan Reichenbach,Corporate,United States,Newark,Ohio,43055,East,OFF-AR-10004441,Office Supplies,Art,BIC Brite Liner Highlighters,13.248,4,0.2,3.6432
2587,CA-2017-131695,6/30/2017,7/6/2017,Standard Class,RA-19285,Ralph Arnett,Consumer,United States,New York City,New York,10024,East,OFF-ST-10001476,Office Supplies,Storage,Steel Personal Filing/Posting Tote,248.57,7,0.0,67.1139
2588,CA-2017-131695,6/30/2017,7/6/2017,Standard Class,RA-19285,Ralph Arnett,Consumer,United States,New York City,New York,10024,East,FUR-FU-10002045,Furniture,Furnishings,"Executive Impressions 14""",22.23,1,0.0,9.7812
2600,CA-2017-108553,4/23/2017,4/29/2017,Standard Class,SK-19990,Sally Knutson,Consumer,United States,New York City,New York,10024,East,OFF-AP-10000026,Office Supplies,Appliances,Tripp Lite Isotel 6 Outlet Surge Protector with Fax/Modem Protection,121.94,2,0.0,35.3626
2601,CA-2017-108553,4/23/2017,4/29/2017,Standard Class,SK-19990,Sally Knutson,Consumer,United States,New York City,New York,10024,East,OFF-SU-10002573,Office Supplies,Supplies,"Acme 10"" Easy Grip Assistive Scissors",122.71,7,0.0,36.813
2602,CA-2016-165848,6/4/2016,6/4/2016,Same Day,EN-13780,Edward Nazzal,Consumer,United States,New York City,New York,10035,East,OFF-PA-10000349,Office Supplies,Paper,Easy-staple paper,14.94,3,0.0,7.0218
2603,CA-2016-165848,6/4/2016,6/4/2016,Same Day,EN-13780,Edward Nazzal,Consumer,United States,New York City,New York,10035,East,TEC-MA-10003356,Technology,Machines,Panasonic KX MC6040 Color Laser Multifunction Printer,1349.85,3,0.0,364.4595
2604,CA-2016-165848,6/4/2016,6/4/2016,Same Day,EN-13780,Edward Nazzal,Consumer,United States,New York City,New York,10035,East,FUR-BO-10000362,Furniture,Bookcases,Sauder Inglewood Library Bookcases,136.784,1,0.2,5.1294
2605,CA-2016-165848,6/4/2016,6/4/2016,Same Day,EN-13780,Edward Nazzal,Consumer,United States,New York City,New York,10035,East,FUR-FU-10003878,Furniture,Furnishings,"Linden 10"" Round Wall Clock, Black",61.12,4,0.0,20.7808
2624,CA-2017-127180,10/22/2017,10/24/2017,First Class,TA-21385,Tom Ashbrook,Home Office,United States,New York City,New York,10024,East,TEC-CO-10004722,Technology,Copiers,Canon imageCLASS 2200 Advanced Copier,11199.968,4,0.2,3919.9888
2625,CA-2017-127180,10/22/2017,10/24/2017,First Class,TA-21385,Tom Ashbrook,Home Office,United States,New York City,New York,10024,East,TEC-PH-10001494,Technology,Phones,Polycom CX600 IP Phone VoIP phone,2399.6,8,0.0,647.892
2626,CA-2017-127180,10/22/2017,10/24/2017,First Class,TA-21385,Tom Ashbrook,Home Office,United States,New York City,New York,10024,East,OFF-EN-10002500,Office Supplies,Envelopes,Globe Weis Peel & Seel First Class Envelopes,63.9,5,0.0,28.755
2627,CA-2017-127180,10/22/2017,10/24/2017,First Class,TA-21385,Tom Ashbrook,Home Office,United States,New York City,New York,10024,East,TEC-PH-10003800,Technology,Phones,i.Sound Portable Power - 8000 mAh,52.99,1,0.0,0.5299
2628,US-2017-165344,11/13/2017,11/15/2017,First Class,SB-20290,Sean Braxton,Corporate,United States,Springfield,Ohio,45503,East,TEC-AC-10002399,Technology,Accessories,SanDisk Cruzer 32 GB USB Flash Drive,60.864,4,0.2,9.1296
2629,US-2017-165344,11/13/2017,11/15/2017,First Class,SB-20290,Sean Braxton,Corporate,United States,Springfield,Ohio,45503,East,TEC-MA-10002210,Technology,Machines,Epson TM-T88V Direct Thermal Printer - Monochrome - Desktop,652.995,7,0.7,-935.9595
2630,US-2017-165344,11/13/2017,11/15/2017,First Class,SB-20290,Sean Braxton,Corporate,United States,Springfield,Ohio,45503,East,OFF-BI-10003196,Office Supplies,Binders,Accohide Poly Flexible Ring Binders,11.22,10,0.7,-7.48
2638,CA-2017-108441,6/12/2017,6/18/2017,Standard Class,SB-20170,Sarah Bern,Consumer,United States,New York City,New York,10035,East,OFF-PA-10000697,Office Supplies,Paper,"TOPS Voice Message Log Book, Flash Format",19.04,4,0.0,9.3296
2639,CA-2017-108441,6/12/2017,6/18/2017,Standard Class,SB-20170,Sarah Bern,Consumer,United States,New York City,New York,10035,East,OFF-BI-10000848,Office Supplies,Binders,Angle-D Ring Binders,13.128,3,0.2,4.2666
2640,CA-2017-108441,6/12/2017,6/18/2017,Standard Class,SB-20170,Sarah Bern,Consumer,United States,New York City,New York,10035,East,OFF-AR-10004691,Office Supplies,Art,Boston 1730 StandUp Electric Pencil Sharpener,64.14,3,0.0,16.6764
2641,CA-2017-108441,6/12/2017,6/18/2017,Standard Class,SB-20170,Sarah Bern,Consumer,United States,New York City,New York,10035,East,FUR-CH-10000595,Furniture,Chairs,Safco Contoured Stacking Chairs,858.24,4,0.1,143.04
2661,CA-2017-123372,11/28/2017,12/2/2017,Standard Class,DG-13300,Deirdre Greer,Corporate,United States,New York City,New York,10035,East,TEC-PH-10002834,Technology,Phones,Google Nexus 5,1979.89,11,0.0,494.9725
2662,CA-2017-123372,11/28/2017,12/2/2017,Standard Class,DG-13300,Deirdre Greer,Corporate,United States,New York City,New York,10035,East,OFF-EN-10003055,Office Supplies,Envelopes,"Blue String-Tie & Button Interoffice Envelopes, 10 x 13",79.96,2,0.0,35.982
2671,CA-2014-126403,9/9/2014,9/12/2014,Second Class,RR-19525,Rick Reed,Corporate,United States,Lowell,Massachusetts,1852,East,OFF-PA-10001144,Office Supplies,Paper,Xerox 1913,166.44,3,0.0,79.8912
2672,CA-2014-126403,9/9/2014,9/12/2014,Second Class,RR-19525,Rick Reed,Corporate,United States,Lowell,Massachusetts,1852,East,FUR-CH-10003761,Furniture,Chairs,Global Italian Leather Office Chair,785.88,6,0.0,212.1876
2673,CA-2014-126403,9/9/2014,9/12/2014,Second Class,RR-19525,Rick Reed,Corporate,United States,Lowell,Massachusetts,1852,East,OFF-PA-10004665,Office Supplies,Paper,Advantus Motivational Note Cards,26.2,2,0.0,12.838
2674,CA-2014-126403,9/9/2014,9/12/2014,Second Class,RR-19525,Rick Reed,Corporate,United States,Lowell,Massachusetts,1852,East,OFF-ST-10000078,Office Supplies,Storage,Tennsco 6- and 18-Compartment Lockers,1325.85,5,0.0,238.653
2691,CA-2017-156412,12/4/2017,12/8/2017,Standard Class,CM-12160,Charles McCrossin,Consumer,United States,Philadelphia,Pennsylvania,19134,East,OFF-BI-10004364,Office Supplies,Binders,Storex Dura Pro Binders,5.346,3,0.7,-4.455
2696,CA-2016-161662,2/7/2016,2/9/2016,First Class,BE-11410,Bobby Elias,Consumer,United States,Lancaster,Ohio,43130,East,OFF-PA-10003465,Office Supplies,Paper,Xerox 1912,30.352,2,0.2,10.6232
2704,CA-2014-143413,5/24/2014,5/30/2014,Standard Class,RP-19390,Resi Pölking,Consumer,United States,Baltimore,Maryland,21215,East,OFF-PA-10002319,Office Supplies,Paper,Xerox 1944,116.28,3,0.0,56.9772
2705,CA-2017-156818,7/11/2017,7/13/2017,Second Class,JD-16015,Joy Daniels,Consumer,United States,New York City,New York,10009,East,TEC-AC-10002323,Technology,Accessories,SanDisk Ultra 32 GB MicroSDHC Class 10 Memory Card,132.6,6,0.0,17.238
2712,CA-2017-132430,10/9/2017,10/11/2017,First Class,CP-12085,Cathy Prescott,Corporate,United States,Lakewood,Ohio,44107,East,FUR-FU-10003577,Furniture,Furnishings,Nu-Dell Leatherette Frames,45.888,4,0.2,9.1776
2713,CA-2017-146031,7/29/2017,8/1/2017,Second Class,GM-14440,Gary McGarr,Consumer,United States,Troy,New York,12180,East,OFF-AR-10002656,Office Supplies,Art,Sanford Liquid Accent Highlighters,60.12,9,0.0,22.2444
2716,CA-2014-127187,12/4/2014,12/8/2014,Standard Class,CP-12085,Cathy Prescott,Corporate,United States,New York City,New York,10024,East,TEC-PH-10000673,Technology,Phones,Plantronics Voyager Pro HD - Bluetooth Headset,129.98,2,0.0,62.3904
2718,CA-2014-100006,9/7/2014,9/13/2014,Standard Class,DK-13375,Dennis Kane,Consumer,United States,New York City,New York,10024,East,TEC-PH-10002075,Technology,Phones,AT&T EL51110 DECT,377.97,3,0.0,109.6113
2726,CA-2017-149888,11/7/2017,11/13/2017,Standard Class,EP-13915,Emily Phan,Consumer,United States,Philadelphia,Pennsylvania,19120,East,TEC-PH-10003811,Technology,Phones,Jabra Supreme Plus Driver Edition Headset,359.97,5,0.4,-71.994
2727,CA-2017-149888,11/7/2017,11/13/2017,Standard Class,EP-13915,Emily Phan,Consumer,United States,Philadelphia,Pennsylvania,19120,East,FUR-TA-10000849,Furniture,Tables,Bevis Rectangular Conference Tables,350.352,4,0.4,-140.1408
2728,CA-2017-119193,12/22/2017,12/24/2017,First Class,SK-19990,Sally Knutson,Consumer,United States,Toledo,Ohio,43615,East,OFF-BI-10000848,Office Supplies,Binders,Angle-D Ring Binders,1.641,1,0.7,-1.3128
2729,CA-2017-119193,12/22/2017,12/24/2017,First Class,SK-19990,Sally Knutson,Consumer,United States,Toledo,Ohio,43615,East,TEC-PH-10003072,Technology,Phones,Panasonic KX-TG9541B DECT 6.0 Digital 2-Line Expandable Cordless Phone With Digital Answering System,629.958,7,0.4,94.4937
2733,CA-2014-107594,7/2/2014,7/6/2014,Standard Class,EH-13945,Eric Hoffmann,Consumer,United States,Plainfield,New Jersey,7060,East,TEC-PH-10002923,Technology,Phones,"Logitech B530 USB Headset - headset - Full size, Binaural",73.98,2,0.0,19.9746
2734,CA-2014-107594,7/2/2014,7/6/2014,Standard Class,EH-13945,Eric Hoffmann,Consumer,United States,Plainfield,New Jersey,7060,East,OFF-AR-10000716,Office Supplies,Art,DIXON Ticonderoga Erasable Checking Pencils,5.58,1,0.0,2.1762
2736,CA-2015-115798,11/13/2015,11/19/2015,Standard Class,KL-16645,Ken Lonsdale,Consumer,United States,Newark,Delaware,19711,East,TEC-PH-10003691,Technology,Phones,BlackBerry Q10,377.97,3,0.0,94.4925
2737,CA-2015-115798,11/13/2015,11/19/2015,Standard Class,KL-16645,Ken Lonsdale,Consumer,United States,Newark,Delaware,19711,East,OFF-PA-10001560,Office Supplies,Paper,"Adams Telephone Message Books, 5 1/4 x 11",42.28,7,0.0,19.8716
2738,CA-2015-115798,11/13/2015,11/19/2015,Standard Class,KL-16645,Ken Lonsdale,Consumer,United States,Newark,Delaware,19711,East,FUR-BO-10004467,Furniture,Bookcases,Bestar Classic Bookcase,299.97,3,0.0,56.9943
2739,CA-2015-115798,11/13/2015,11/19/2015,Standard Class,KL-16645,Ken Lonsdale,Consumer,United States,Newark,Delaware,19711,East,TEC-PH-10001819,Technology,Phones,Innergie mMini Combo Duo USB Travel Charging Kit,89.98,2,0.0,43.1904
2742,CA-2016-165015,2/25/2016,2/27/2016,Second Class,BD-11725,Bruce Degenhardt,Consumer,United States,Newark,Ohio,43055,East,OFF-EN-10003134,Office Supplies,Envelopes,Staple envelope,46.72,5,0.2,17.52
2747,CA-2014-155887,5/12/2014,5/17/2014,Standard Class,KT-16480,Kean Thornton,Consumer,United States,Franklin,Massachusetts,2038,East,FUR-TA-10002228,Furniture,Tables,"Bevis Traditional Conference Table Top, Plinth Base",700.056,3,0.3,-130.0104
2758,CA-2016-127775,6/11/2016,6/13/2016,Second Class,ES-14020,Erica Smith,Consumer,United States,New York City,New York,10035,East,TEC-AC-10002402,Technology,Accessories,Razer Kraken PRO Over Ear PC and Music Headset,239.97,3,0.0,71.991
2764,CA-2017-165757,6/22/2017,6/28/2017,Standard Class,PL-18925,Paul Lucas,Home Office,United States,Philadelphia,Pennsylvania,19140,East,OFF-BI-10003166,Office Supplies,Binders,GBC Plasticlear Binding Covers,10.332,3,0.7,-7.5768
2765,CA-2017-165757,6/22/2017,6/28/2017,Standard Class,PL-18925,Paul Lucas,Home Office,United States,Philadelphia,Pennsylvania,19140,East,OFF-BI-10003982,Office Supplies,Binders,Wilson Jones Century Plastic Molded Ring Binders,31.155,5,0.7,-23.8855
2766,CA-2017-165757,6/22/2017,6/28/2017,Standard Class,PL-18925,Paul Lucas,Home Office,United States,Philadelphia,Pennsylvania,19140,East,OFF-ST-10004835,Office Supplies,Storage,Plastic Stacking Crates & Casters,8.928,2,0.2,0.6696
2767,CA-2017-167752,1/15/2017,1/18/2017,First Class,RW-19690,Robert Waldorf,Consumer,United States,Philadelphia,Pennsylvania,19134,East,OFF-AP-10000159,Office Supplies,Appliances,Belkin F9M820V08 8 Outlet Surge,34.384,1,0.2,3.8682
2768,CA-2017-167752,1/15/2017,1/18/2017,First Class,RW-19690,Robert Waldorf,Consumer,United States,Philadelphia,Pennsylvania,19134,East,OFF-AP-10002945,Office Supplies,Appliances,Honeywell Enviracaire Portable HEPA Air Cleaner for 17' x 22' Room,1924.16,8,0.2,312.676
2775,CA-2017-143455,11/11/2017,11/18/2017,Standard Class,ML-17755,Max Ludwig,Home Office,United States,Springfield,Ohio,45503,East,OFF-PA-10004451,Office Supplies,Paper,Xerox 222,10.368,2,0.2,3.6288
2781,CA-2017-167668,5/6/2017,5/8/2017,First Class,TC-21295,Toby Carlisle,Consumer,United States,New York City,New York,10035,East,OFF-LA-10004544,Office Supplies,Labels,Avery 505,59.2,4,0.0,29.6
2784,US-2016-106677,11/5/2016,11/10/2016,Standard Class,AS-10285,Alejandro Savely,Corporate,United States,Philadelphia,Pennsylvania,19134,East,TEC-PH-10003187,Technology,Phones,Anker Astro Mini 3000mAh Ultra-Compact Portable Charger,23.988,2,0.4,-15.992
2785,CA-2016-116974,10/9/2016,10/15/2016,Standard Class,MP-17965,Michael Paige,Corporate,United States,Troy,Ohio,45373,East,TEC-PH-10004897,Technology,Phones,Mediabridge Sport Armband iPhone 5s,23.976,4,0.4,-15.5844
2816,CA-2015-104626,9/1/2015,9/8/2015,Standard Class,DR-12940,Daniel Raglin,Home Office,United States,Franklin,Massachusetts,2038,East,OFF-BI-10001510,Office Supplies,Binders,Deluxe Heavy-Duty Vinyl Round Ring Binder,114.6,5,0.0,51.57
2817,CA-2015-104626,9/1/2015,9/8/2015,Standard Class,DR-12940,Daniel Raglin,Home Office,United States,Franklin,Massachusetts,2038,East,FUR-CH-10003817,Furniture,Chairs,"Global Value Steno Chair, Gray",60.74,1,0.0,15.185
2818,CA-2015-104626,9/1/2015,9/8/2015,Standard Class,DR-12940,Daniel Raglin,Home Office,United States,Franklin,Massachusetts,2038,East,FUR-FU-10000308,Furniture,Furnishings,Deflect-o Glass Clear Studded Chair Mats,124.36,2,0.0,27.3592
2819,CA-2015-104626,9/1/2015,9/8/2015,Standard Class,DR-12940,Daniel Raglin,Home Office,United States,Franklin,Massachusetts,2038,East,OFF-ST-10003208,Office Supplies,Storage,Adjustable Depth Letter/Legal Cart,1088.76,6,0.0,315.7404
2829,CA-2016-124149,4/23/2016,4/26/2016,First Class,MJ-17740,Max Jones,Consumer,United States,Lancaster,Ohio,43130,East,OFF-PA-10002421,Office Supplies,Paper,Embossed Ink Jet Note Cards,108.336,6,0.2,37.9176
2830,CA-2016-124149,4/23/2016,4/26/2016,First Class,MJ-17740,Max Jones,Consumer,United States,Lancaster,Ohio,43130,East,OFF-ST-10000760,Office Supplies,Storage,Eldon Fold 'N Roll Cart System,55.92,5,0.2,6.291
2831,CA-2016-124149,4/23/2016,4/26/2016,First Class,MJ-17740,Max Jones,Consumer,United States,Lancaster,Ohio,43130,East,OFF-PA-10002923,Office Supplies,Paper,Xerox 1942,78.304,2,0.2,29.364
2840,US-2015-104185,9/3/2015,9/8/2015,Second Class,JB-15400,Jennifer Braxton,Corporate,United States,New York City,New York,10009,East,OFF-ST-10001526,Office Supplies,Storage,Iceberg Mobile Mega Data/Printer Cart ,120.33,1,0.0,31.2858
2844,CA-2017-112865,5/18/2017,5/22/2017,Standard Class,BH-11710,Brosina Hoffman,Consumer,United States,Philadelphia,Pennsylvania,19140,East,TEC-AC-10000387,Technology,Accessories,KeyTronic KT800P2 - Keyboard - Black,36.048,3,0.2,-0.9012
2846,CA-2017-138163,11/17/2017,11/20/2017,First Class,XP-21865,Xylona Preis,Consumer,United States,Everett,Massachusetts,2149,East,OFF-AR-10001958,Office Supplies,Art,Stanley Bostitch Contemporary Electric Pencil Sharpeners,50.94,3,0.0,14.2632
2851,US-2016-128293,6/2/2016,6/5/2016,First Class,KC-16255,Karen Carlisle,Corporate,United States,Philadelphia,Pennsylvania,19120,East,OFF-ST-10000736,Office Supplies,Storage,Carina Double Wide Media Storage Towers in Natural & Black,64.784,1,0.2,-12.9568
2853,CA-2016-136371,3/19/2016,3/21/2016,Second Class,SV-20935,Susan Vittorini,Consumer,United States,Oceanside,New York,11572,East,FUR-FU-10000409,Furniture,Furnishings,"GE 4 Foot Flourescent Tube, 40 Watt",14.98,1,0.0,6.8908
2854,CA-2016-136371,3/19/2016,3/21/2016,Second Class,SV-20935,Susan Vittorini,Consumer,United States,Oceanside,New York,11572,East,FUR-FU-10000221,Furniture,Furnishings,"Master Caster Door Stop, Brown",20.32,4,0.0,6.9088
2855,CA-2017-137344,8/20/2017,8/20/2017,Same Day,EM-13810,Eleni McCrary,Corporate,United States,Franklin,Massachusetts,2038,East,OFF-ST-10000344,Office Supplies,Storage,"Neat Ideas Personal Hanging Folder Files, Black",40.29,3,0.0,10.4754
2868,CA-2016-115588,11/10/2016,11/12/2016,Second Class,AF-10885,Art Foster,Consumer,United States,Toledo,Ohio,43615,East,OFF-SU-10001225,Office Supplies,Supplies,Staple remover,14.72,5,0.2,-3.312
2869,CA-2016-115588,11/10/2016,11/12/2016,Second Class,AF-10885,Art Foster,Consumer,United States,Toledo,Ohio,43615,East,OFF-ST-10001558,Office Supplies,Storage,Acco Perma 4000 Stacking Storage Drawers,38.976,3,0.2,-2.436
2875,US-2017-102638,12/29/2017,12/31/2017,First Class,MC-17845,Michael Chen,Consumer,United States,New York City,New York,10035,East,OFF-FA-10002988,Office Supplies,Fasteners,Ideal Clamps,6.03,3,0.0,2.9547
2878,CA-2016-152072,1/15/2016,1/19/2016,Standard Class,Dp-13240,Dean percer,Home Office,United States,Westfield,New Jersey,7090,East,OFF-EN-10003040,Office Supplies,Envelopes,Quality Park Security Envelopes,52.34,2,0.0,24.5998
2879,CA-2016-152072,1/15/2016,1/19/2016,Standard Class,Dp-13240,Dean percer,Home Office,United States,Westfield,New Jersey,7090,East,OFF-AR-10001573,Office Supplies,Art,American Pencil,4.66,2,0.0,1.3514
2880,CA-2016-152072,1/15/2016,1/19/2016,Standard Class,Dp-13240,Dean percer,Home Office,United States,Westfield,New Jersey,7090,East,TEC-AC-10000844,Technology,Accessories,Logitech Gaming G510s - Keyboard,254.97,3,0.0,91.7892
2881,CA-2016-102932,9/19/2016,9/23/2016,Second Class,SD-20485,Shirley Daniels,Home Office,United States,Orange,New Jersey,7050,East,OFF-BI-10000756,Office Supplies,Binders,Storex DuraTech Recycled Plastic Frosted Binders,25.44,6,0.0,12.72
2882,CA-2016-102932,9/19/2016,9/23/2016,Second Class,SD-20485,Shirley Daniels,Home Office,United States,Orange,New Jersey,7050,East,OFF-SU-10000381,Office Supplies,Supplies,Acme Forged Steel Scissors with Black Enamel Handles,27.93,3,0.0,8.0997
2893,CA-2017-139913,10/23/2017,10/29/2017,Standard Class,JC-16105,Julie Creighton,Corporate,United States,Rochester,New York,14609,East,OFF-PA-10003739,Office Supplies,Paper,Xerox 1969,11.56,2,0.0,5.6644
2894,CA-2017-139913,10/23/2017,10/29/2017,Standard Class,JC-16105,Julie Creighton,Corporate,United States,Rochester,New York,14609,East,OFF-PA-10002479,Office Supplies,Paper,Xerox 4200 Series MultiUse Premium Copy Paper (20Lb. and 84 Bright),26.4,5,0.0,11.88
2895,CA-2017-139913,10/23/2017,10/29/2017,Standard Class,JC-16105,Julie Creighton,Corporate,United States,Rochester,New York,14609,East,FUR-FU-10000771,Furniture,Furnishings,"Eldon 200 Class Desk Accessories, Smoke",69.08,11,0.0,29.0136
2896,CA-2017-139913,10/23/2017,10/29/2017,Standard Class,JC-16105,Julie Creighton,Corporate,United States,Rochester,New York,14609,East,TEC-PH-10001552,Technology,Phones,I Need's 3d Hello Kitty Hybrid Silicone Case Cover for HTC One X 4g with 3d Hello Kitty Stylus Pen Green/pink,35.88,3,0.0,10.0464
2897,CA-2014-169033,3/30/2014,4/3/2014,Standard Class,KM-16720,Kunst Miller,Consumer,United States,Long Beach,New York,11561,East,OFF-AR-10001915,Office Supplies,Art,Peel-Off China Markers,49.65,5,0.0,20.853
2900,CA-2015-166464,9/12/2015,9/17/2015,Standard Class,PG-18895,Paul Gonzalez,Consumer,United States,New York City,New York,10035,East,TEC-CO-10000971,Technology,Copiers,Hewlett Packard 310 Color Digital Copier,479.984,2,0.2,59.998
2901,CA-2015-166464,9/12/2015,9/17/2015,Standard Class,PG-18895,Paul Gonzalez,Consumer,United States,New York City,New York,10035,East,OFF-LA-10001317,Office Supplies,Labels,Avery 520,12.6,4,0.0,6.048
2912,CA-2014-113929,6/16/2014,6/21/2014,Standard Class,CK-12205,Chloris Kastensmidt,Consumer,United States,Hempstead,New York,11550,East,OFF-EN-10003286,Office Supplies,Envelopes,Staple envelope,41.4,5,0.0,19.458
2913,CA-2014-113929,6/16/2014,6/21/2014,Standard Class,CK-12205,Chloris Kastensmidt,Consumer,United States,Hempstead,New York,11550,East,OFF-AR-10003772,Office Supplies,Art,Boston 16750 Black Compact Battery Pencil Sharpener,35.0,4,0.0,10.5
2914,CA-2014-113929,6/16/2014,6/21/2014,Standard Class,CK-12205,Chloris Kastensmidt,Consumer,United States,Hempstead,New York,11550,East,OFF-BI-10002852,Office Supplies,Binders,Ibico Standard Transparent Covers,39.552,3,0.2,14.3376
2919,CA-2016-160129,11/23/2016,11/23/2016,Same Day,LS-17200,Luke Schmidt,Corporate,United States,Philadelphia,Pennsylvania,19140,East,OFF-FA-10002763,Office Supplies,Fasteners,Advantus Map Pennant Flags and Round Head Tacks,15.8,5,0.2,2.37
2920,CA-2016-160129,11/23/2016,11/23/2016,Same Day,LS-17200,Luke Schmidt,Corporate,United States,Philadelphia,Pennsylvania,19140,East,FUR-FU-10002088,Furniture,Furnishings,Nu-Dell Float Frame 11 x 14 1/2,14.368,2,0.2,3.9512
2921,CA-2016-160129,11/23/2016,11/23/2016,Same Day,LS-17200,Luke Schmidt,Corporate,United States,Philadelphia,Pennsylvania,19140,East,FUR-FU-10003976,Furniture,Furnishings,"DAX Executive Solid Wood Document Frame, Desktop or Hang, Mahogany, 5 x 7",70.448,7,0.2,12.3284
2925,CA-2014-157721,9/2/2014,9/5/2014,First Class,JM-16195,Justin MacKendrick,Consumer,United States,Watertown,New York,13601,East,OFF-AP-10001303,Office Supplies,Appliances,"Holmes Cool Mist Humidifier for the Whole House with 8-Gallon Output per Day, Extended Life Filter",19.9,1,0.0,8.955
2926,CA-2014-157721,9/2/2014,9/5/2014,First Class,JM-16195,Justin MacKendrick,Consumer,United States,Watertown,New York,13601,East,FUR-FU-10002116,Furniture,Furnishings,"Tenex Carpeted, Granite-Look or Clear Contemporary Contour Shape Chair Mats",70.71,1,0.0,4.9497
2956,CA-2016-153353,8/18/2016,8/24/2016,Standard Class,GG-14650,Greg Guthrie,Corporate,United States,New York City,New York,10035,East,TEC-PH-10000439,Technology,Phones,GE DSL Phone Line Filter,39.99,1,0.0,11.5971
2957,CA-2017-123638,6/27/2017,7/4/2017,Standard Class,MA-17995,Michelle Arnett,Home Office,United States,Watertown,New York,13601,East,FUR-CH-10002647,Furniture,Chairs,"Situations Contoured Folding Chairs, 4/Set",191.646,3,0.1,31.941
2958,CA-2017-168900,5/4/2017,5/9/2017,Standard Class,SH-20395,Shahid Hopkins,Consumer,United States,Springfield,Ohio,45503,East,OFF-BI-10003910,Office Supplies,Binders,DXL Angle-View Binders with Locking Rings by Samsill,2.313,1,0.7,-1.9275
2977,CA-2017-139773,12/4/2017,12/4/2017,Same Day,DV-13045,Darrin Van Huff,Corporate,United States,Philadelphia,Pennsylvania,19143,East,FUR-CH-10001797,Furniture,Chairs,"Safco Chair Connectors, 6/Carton",188.552,7,0.3,-2.6936
2978,CA-2017-134607,10/3/2017,10/8/2017,Second Class,HL-15040,Hunter Lopez,Consumer,United States,Rochester,New York,14609,East,OFF-ST-10002214,Office Supplies,Storage,X-Rack File for Hanging Folders,22.58,2,0.0,5.8708
2980,CA-2015-139850,6/12/2015,6/17/2015,Standard Class,GB-14575,Giulietta Baptist,Consumer,United States,Philadelphia,Pennsylvania,19134,East,OFF-PA-10003848,Office Supplies,Paper,Xerox 1997,20.736,4,0.2,7.2576
2981,CA-2015-139850,6/12/2015,6/17/2015,Standard Class,GB-14575,Giulietta Baptist,Consumer,United States,Philadelphia,Pennsylvania,19134,East,FUR-FU-10003623,Furniture,Furnishings,"DataProducts Ampli Magnifier Task Lamp, Black,",43.296,2,0.2,4.3296
2993,CA-2016-134376,10/2/2016,10/6/2016,Standard Class,TT-21265,Tim Taslimi,Corporate,United States,New York City,New York,10024,East,OFF-AP-10004532,Office Supplies,Appliances,Kensington 6 Outlet Guardian Standard Surge Protector,61.44,3,0.0,16.5888
2997,CA-2014-138317,6/21/2014,6/25/2014,Standard Class,NW-18400,Natalie Webber,Consumer,United States,Philadelphia,Pennsylvania,19120,East,OFF-EN-10001539,Office Supplies,Envelopes,Staple envelope,24.896,4,0.2,8.4024
2998,CA-2014-138317,6/21/2014,6/25/2014,Standard Class,NW-18400,Natalie Webber,Consumer,United States,Philadelphia,Pennsylvania,19120,East,FUR-FU-10000550,Furniture,Furnishings,Stacking Trays by OIC,3.984,1,0.2,0.6474
2999,CA-2014-138317,6/21/2014,6/25/2014,Standard Class,NW-18400,Natalie Webber,Consumer,United States,Philadelphia,Pennsylvania,19120,East,TEC-AC-10003628,Technology,Accessories,Logitech 910-002974 M325 Wireless Mouse for Web Scrolling,95.968,4,0.2,28.7904
3000,CA-2014-138317,6/21/2014,6/25/2014,Standard Class,NW-18400,Natalie Webber,Consumer,United States,Philadelphia,Pennsylvania,19120,East,TEC-MA-10004521,Technology,Machines,Epson Perfection V600 Photo Scanner,206.991,3,0.7,-172.4925
3001,CA-2014-138317,6/21/2014,6/25/2014,Standard Class,NW-18400,Natalie Webber,Consumer,United States,Philadelphia,Pennsylvania,19120,East,OFF-AP-10003860,Office Supplies,Appliances,Fellowes Advanced 8 Outlet Surge Suppressor with Phone/Fax Protection,44.416,2,0.2,3.8864
3002,CA-2014-138317,6/21/2014,6/25/2014,Standard Class,NW-18400,Natalie Webber,Consumer,United States,Philadelphia,Pennsylvania,19120,East,OFF-BI-10000069,Office Supplies,Binders,"GBC Prepunched Paper, 19-Hole, for Binding Systems, 24-lb",9.006,2,0.7,-7.2048
3004,CA-2017-104381,12/16/2017,12/23/2017,Standard Class,RD-19810,Ross DeVincentis,Home Office,United States,Rochester,New York,14609,East,OFF-BI-10001628,Office Supplies,Binders,"Acco Data Flex Cable Posts For Top & Bottom Load Binders, 6"" Capacity",33.376,4,0.2,10.43
3005,CA-2016-131499,9/8/2016,9/10/2016,First Class,MG-17875,Michael Grace,Home Office,United States,New York City,New York,10011,East,OFF-AP-10003779,Office Supplies,Appliances,Kensington 7 Outlet MasterPiece Power Center with Fax/Phone Line Protection,207.48,1,0.0,62.244
3007,CA-2017-116519,10/13/2017,10/15/2017,First Class,CR-12730,Craig Reiter,Consumer,United States,New York City,New York,10009,East,OFF-AP-10000828,Office Supplies,Appliances,Avanti 4.4 Cu. Ft. Refrigerator,904.9,5,0.0,253.372
3010,CA-2016-115525,7/25/2016,7/29/2016,Standard Class,RR-19525,Rick Reed,Corporate,United States,Toledo,Ohio,43615,East,OFF-AP-10000026,Office Supplies,Appliances,Tripp Lite Isotel 6 Outlet Surge Protector with Fax/Modem Protection,243.88,5,0.2,27.4365
3016,US-2015-138919,9/17/2015,9/21/2015,Standard Class,LS-16975,Lindsay Shagiari,Home Office,United States,New York City,New York,10035,East,FUR-TA-10004154,Furniture,Tables,"Riverside Furniture Oval Coffee Table, Oval End Table, End Table with Drawer",344.22,2,0.4,-103.266
3025,CA-2015-164441,11/8/2015,11/13/2015,Standard Class,AC-10450,Amy Cox,Consumer,United States,New York City,New York,10011,East,OFF-BI-10001922,Office Supplies,Binders,Storex Dura Pro Binders,52.272,11,0.2,17.6418
3026,CA-2015-164441,11/8/2015,11/13/2015,Standard Class,AC-10450,Amy Cox,Consumer,United States,New York City,New York,10011,East,OFF-PA-10001667,Office Supplies,Paper,Great White Multi-Use Recycled Paper (20Lb. and 84 Bright),17.94,3,0.0,8.073
3027,CA-2017-169054,4/22/2017,4/26/2017,Standard Class,MO-17800,Meg O'Connel,Home Office,United States,Philadelphia,Pennsylvania,19140,East,FUR-FU-10001488,Furniture,Furnishings,"Tenex 46"" x 60"" Computer Anti-Static Chairmat, Rectangular Shaped",254.352,3,0.2,0.0
3034,CA-2017-134173,9/16/2017,9/21/2017,Standard Class,AB-10060,Adam Bellavance,Home Office,United States,Philadelphia,Pennsylvania,19143,East,OFF-PA-10004355,Office Supplies,Paper,Xerox 231,20.736,4,0.2,7.2576
3045,CA-2015-135174,4/30/2015,5/2/2015,Second Class,BP-11230,Benjamin Patterson,Consumer,United States,Troy,Ohio,45373,East,TEC-PH-10001530,Technology,Phones,Cisco Unified IP Phone 7945G VoIP phone,1022.97,5,0.4,-255.7425
3061,CA-2016-144554,11/7/2016,11/12/2016,Standard Class,DM-13345,Denise Monton,Corporate,United States,Newark,Ohio,43055,East,TEC-AC-10002800,Technology,Accessories,Plantronics Audio 478 Stereo USB Headset,119.976,3,0.2,22.4955
3063,CA-2015-145184,11/27/2015,11/29/2015,First Class,JD-16150,Justin Deggeller,Corporate,United States,Newark,Delaware,19711,East,TEC-PH-10002350,Technology,Phones,Apple EarPods with Remote and Mic,83.97,3,0.0,23.5116
3064,CA-2015-145184,11/27/2015,11/29/2015,First Class,JD-16150,Justin Deggeller,Corporate,United States,Newark,Delaware,19711,East,TEC-AC-10000397,Technology,Accessories,"Perixx PERIBOARD-512B, Ergonomic Split Keyboard",104.97,3,0.0,7.3479
3070,US-2017-120089,11/30/2017,11/30/2017,Same Day,ML-17755,Max Ludwig,Home Office,United States,Toledo,Ohio,43615,East,OFF-AP-10003779,Office Supplies,Appliances,Kensington 7 Outlet MasterPiece Power Center with Fax/Phone Line Protection,663.936,4,0.2,82.992
3071,CA-2014-119375,11/17/2014,11/22/2014,Standard Class,YC-21895,Yoseph Carroll,Corporate,United States,Newark,Delaware,19711,East,OFF-ST-10002011,Office Supplies,Storage,Smead Adjustable Mobile File Trolley with Lockable Top,2934.33,7,0.0,792.2691
3072,CA-2014-119375,11/17/2014,11/22/2014,Standard Class,YC-21895,Yoseph Carroll,Corporate,United States,Newark,Delaware,19711,East,FUR-FU-10002379,Furniture,Furnishings,Eldon Econocleat Chair Mats for Low Pile Carpets,124.41,3,0.0,14.9292
3073,CA-2014-119375,11/17/2014,11/22/2014,Standard Class,YC-21895,Yoseph Carroll,Corporate,United States,Newark,Delaware,19711,East,OFF-AR-10003752,Office Supplies,Art,Deluxe Chalkboard Eraser Cleaner,57.75,5,0.0,26.565
3084,CA-2014-100328,1/28/2014,2/3/2014,Standard Class,JC-15340,Jasper Cacioppo,Consumer,United States,New York City,New York,10024,East,OFF-BI-10000343,Office Supplies,Binders,"Pressboard Covers with Storage Hooks, 9 1/2"" x 11"", Light Blue",3.928,1,0.2,1.3257
3091,CA-2016-112123,3/3/2016,3/8/2016,Standard Class,BH-11710,Brosina Hoffman,Consumer,United States,Newark,Delaware,19711,East,OFF-BI-10001071,Office Supplies,Binders,GBC ProClick Punch Binding System,447.86,7,0.0,219.4514
3092,CA-2016-112123,3/3/2016,3/8/2016,Standard Class,BH-11710,Brosina Hoffman,Consumer,United States,Newark,Delaware,19711,East,TEC-PH-10001557,Technology,Phones,Pyle PMP37LED,479.95,5,0.0,129.5865
3093,CA-2016-112123,3/3/2016,3/8/2016,Standard Class,BH-11710,Brosina Hoffman,Consumer,United States,Newark,Delaware,19711,East,OFF-PA-10001977,Office Supplies,Paper,Xerox 194,166.44,3,0.0,79.8912
3100,CA-2017-131233,4/14/2017,4/19/2017,Standard Class,CS-12355,Christine Sundaresam,Consumer,United States,New York City,New York,10024,East,OFF-BI-10000829,Office Supplies,Binders,Avery Non-Stick Binders,10.776,3,0.2,3.5022
3101,CA-2017-131233,4/14/2017,4/19/2017,Standard Class,CS-12355,Christine Sundaresam,Consumer,United States,New York City,New York,10024,East,FUR-BO-10003441,Furniture,Bookcases,"Bush Westfield Collection Bookcases, Fully Assembled",242.352,3,0.2,9.0882
3102,CA-2017-119578,12/22/2017,12/27/2017,Second Class,JG-15310,Jason Gross,Corporate,United States,Providence,Rhode Island,2908,East,OFF-SU-10003505,Office Supplies,Supplies,Premier Electric Letter Opener,695.16,6,0.0,34.758
3103,CA-2017-119578,12/22/2017,12/27/2017,Second Class,JG-15310,Jason Gross,Corporate,United States,Providence,Rhode Island,2908,East,FUR-BO-10003660,Furniture,Bookcases,"Bush Cubix Collection Bookcases, Fully Assembled",220.98,1,0.0,50.8254
3104,CA-2016-124562,12/8/2016,12/12/2016,Standard Class,JP-16135,Julie Prescott,Home Office,United States,Columbus,Ohio,43229,East,OFF-BI-10001267,Office Supplies,Binders,"Universal Recycled Hanging Pressboard Report Binders, Letter Size",12.957,7,0.7,-9.5018
3105,US-2017-140074,3/23/2017,3/29/2017,Standard Class,EC-14050,Erin Creighton,Consumer,United States,New York City,New York,10024,East,OFF-PA-10002741,Office Supplies,Paper,Xerox 1980,25.68,6,0.0,11.556
3127,CA-2017-149895,9/8/2017,9/12/2017,Standard Class,EB-14110,Eugene Barchas,Consumer,United States,Philadelphia,Pennsylvania,19134,East,TEC-PH-10002200,Technology,Phones,Aastra 6757i CT Wireless VoIP phone,258.528,2,0.4,-47.3968
3128,CA-2017-147564,10/2/2017,10/6/2017,Standard Class,BP-11155,Becky Pak,Consumer,United States,New York City,New York,10011,East,OFF-PA-10004438,Office Supplies,Paper,Xerox 1907,49.12,4,0.0,23.0864
3133,CA-2014-107916,8/24/2014,8/26/2014,First Class,JP-15460,Jennifer Patt,Corporate,United States,Oceanside,New York,11572,East,FUR-FU-10004586,Furniture,Furnishings,G.E. Longer-Life Indoor Recessed Floodlight Bulbs,13.28,2,0.0,6.3744
3134,CA-2014-107916,8/24/2014,8/26/2014,First Class,JP-15460,Jennifer Patt,Corporate,United States,Oceanside,New York,11572,East,OFF-BI-10001116,Office Supplies,Binders,"Wilson Jones 1"" Hanging DublLock Ring Binders",12.672,3,0.2,4.4352
3141,CA-2015-112557,4/25/2015,4/28/2015,First Class,JL-15850,John Lucas,Consumer,United States,New York City,New York,10035,East,OFF-AP-10002311,Office Supplies,Appliances,"Holmes Replacement Filter for HEPA Air Cleaner, Very Large Room, HEPA Filter",206.43,3,0.0,90.8292
3143,CA-2017-162572,9/25/2017,9/27/2017,Second Class,RB-19360,Raymond Buch,Consumer,United States,Cincinnati,Ohio,45231,East,TEC-AC-10003628,Technology,Accessories,Logitech 910-002974 M325 Wireless Mouse for Web Scrolling,119.96,5,0.2,35.988
3144,CA-2017-162572,9/25/2017,9/27/2017,Second Class,RB-19360,Raymond Buch,Consumer,United States,Cincinnati,Ohio,45231,East,OFF-AR-10001547,Office Supplies,Art,Newell 311,10.608,6,0.2,0.9282
3149,CA-2016-120558,6/7/2016,6/10/2016,First Class,RD-19810,Ross DeVincentis,Home Office,United States,New York City,New York,10035,East,OFF-PA-10003441,Office Supplies,Paper,Xerox 226,32.4,5,0.0,15.552
3151,CA-2015-147830,12/15/2015,12/18/2015,First Class,NF-18385,Natalie Fritzler,Consumer,United States,Newark,Ohio,43055,East,TEC-AC-10002049,Technology,Accessories,Plantronics Savi W720 Multi-Device Wireless Headset System,2025.36,6,0.2,607.608
3152,CA-2015-147830,12/15/2015,12/18/2015,First Class,NF-18385,Natalie Fritzler,Consumer,United States,Newark,Ohio,43055,East,TEC-MA-10000418,Technology,Machines,Cubify CubeX 3D Printer Double Head Print,1799.994,2,0.7,-2639.9912
3153,CA-2015-147830,12/15/2015,12/18/2015,First Class,NF-18385,Natalie Fritzler,Consumer,United States,Newark,Ohio,43055,East,TEC-PH-10004908,Technology,Phones,Panasonic KX TS3282W Corded phone,101.988,2,0.4,-16.998
3154,CA-2015-147830,12/15/2015,12/18/2015,First Class,NF-18385,Natalie Fritzler,Consumer,United States,Newark,Ohio,43055,East,FUR-FU-10004091,Furniture,Furnishings,"Howard Miller 13"" Diameter Goldtone Round Wall Clock",262.864,7,0.2,69.0018
3157,CA-2015-139584,8/24/2015,8/28/2015,Standard Class,EM-13810,Eleni McCrary,Corporate,United States,New York City,New York,10009,East,FUR-TA-10001539,Furniture,Tables,Chromcraft Rectangular Conference Tables,284.364,2,0.4,-75.8304
3158,CA-2015-139584,8/24/2015,8/28/2015,Standard Class,EM-13810,Eleni McCrary,Corporate,United States,New York City,New York,10009,East,TEC-AC-10001266,Technology,Accessories,Memorex Micro Travel Drive 8 GB,26.0,2,0.0,11.7
3178,CA-2017-122280,9/10/2017,9/10/2017,Same Day,SH-20395,Shahid Hopkins,Consumer,United States,New York City,New York,10024,East,OFF-PA-10004911,Office Supplies,Paper,"Rediform S.O.S. 1-Up Phone Message Bk, 4-1/4x3-1/16 Bk, 1 Form/Pg, 40 Messages/Bk, 3/Pk",18.76,2,0.0,9.0048
3179,CA-2017-105235,12/5/2017,12/11/2017,Standard Class,SM-20950,Suzanne McNair,Corporate,United States,New York City,New York,10011,East,FUR-FU-10001487,Furniture,Furnishings,"Eldon Expressions Wood and Plastic Desk Accessories, Cherry Wood",20.94,3,0.0,6.0726
3180,CA-2017-105235,12/5/2017,12/11/2017,Standard Class,SM-20950,Suzanne McNair,Corporate,United States,New York City,New York,10011,East,FUR-FU-10000521,Furniture,Furnishings,"Seth Thomas 14"" Putty-Colored Wall Clock",58.68,2,0.0,18.1908
3181,CA-2017-105235,12/5/2017,12/11/2017,Standard Class,SM-20950,Suzanne McNair,Corporate,United States,New York City,New York,10011,East,OFF-AP-10001271,Office Supplies,Appliances,Eureka The Boss Cordless Rechargeable Stick Vac,254.9,5,0.0,68.823
3182,CA-2017-152912,11/9/2017,11/12/2017,Second Class,BM-11650,Brian Moss,Corporate,United States,Columbia,Maryland,21044,East,OFF-BI-10004728,Office Supplies,Binders,Wilson Jones Turn Tabs Binder Tool for Ring Binders,9.64,2,0.0,4.4344
3183,CA-2017-152912,11/9/2017,11/12/2017,Second Class,BM-11650,Brian Moss,Corporate,United States,Columbia,Maryland,21044,East,TEC-AC-10004666,Technology,Accessories,Maxell iVDR EX 500GB Cartridge,826.62,3,0.0,355.4466
3184,CA-2017-152912,11/9/2017,11/12/2017,Second Class,BM-11650,Brian Moss,Corporate,United States,Columbia,Maryland,21044,East,OFF-ST-10003208,Office Supplies,Storage,Adjustable Depth Letter/Legal Cart,1633.14,9,0.0,473.6106
3185,CA-2017-152912,11/9/2017,11/12/2017,Second Class,BM-11650,Brian Moss,Corporate,United States,Columbia,Maryland,21044,East,OFF-ST-10003208,Office Supplies,Storage,Adjustable Depth Letter/Legal Cart,544.38,3,0.0,157.8702
3188,CA-2017-159352,3/12/2017,3/17/2017,Standard Class,KB-16585,Ken Black,Corporate,United States,Lowell,Massachusetts,1852,East,TEC-PH-10004700,Technology,Phones,PowerGen Dual USB Car Charger,69.93,7,0.0,32.1678
3192,CA-2017-123981,10/2/2017,10/8/2017,Standard Class,RW-19630,Rob Williams,Corporate,United States,New York City,New York,10035,East,TEC-PH-10002115,Technology,Phones,Plantronics 81402,65.99,1,0.0,17.1574
3197,CA-2017-109750,7/22/2017,7/28/2017,Standard Class,FH-14365,Fred Hopkins,Corporate,United States,New York City,New York,10009,East,TEC-PH-10000702,Technology,Phones,"Square Credit Card Reader, 4 1/2"" x 4 1/2"" x 1"", White",29.97,3,0.0,14.0859
3200,CA-2017-164000,12/18/2017,12/22/2017,Standard Class,AH-10030,Aaron Hawkins,Corporate,United States,Philadelphia,Pennsylvania,19134,East,OFF-AR-10003183,Office Supplies,Art,Avery Fluorescent Highlighter Four-Color Set,18.704,7,0.2,2.338
3201,CA-2014-164224,5/18/2014,5/20/2014,Second Class,TT-21070,Ted Trevino,Consumer,United States,Akron,Ohio,44312,East,FUR-FU-10000308,Furniture,Furnishings,Deflect-o Glass Clear Studded Chair Mats,149.232,3,0.2,3.7308
3202,CA-2014-164224,5/18/2014,5/20/2014,Second Class,TT-21070,Ted Trevino,Consumer,United States,Akron,Ohio,44312,East,OFF-PA-10001526,Office Supplies,Paper,Xerox 1949,15.936,4,0.2,5.7768
3214,CA-2016-132409,5/26/2016,6/1/2016,Standard Class,TH-21235,Tiffany House,Corporate,United States,Philadelphia,Pennsylvania,19134,East,OFF-AR-10001919,Office Supplies,Art,"OIC #2 Pencils, Medium Soft",1.504,1,0.2,0.1692
3215,CA-2016-132409,5/26/2016,6/1/2016,Standard Class,TH-21235,Tiffany House,Corporate,United States,Philadelphia,Pennsylvania,19134,East,OFF-AP-10002082,Office Supplies,Appliances,Holmes HEPA Air Purifier,34.848,2,0.2,6.534
3218,CA-2017-104640,11/10/2017,11/16/2017,Standard Class,FH-14275,Frank Hawley,Corporate,United States,New York City,New York,10024,East,OFF-BI-10003925,Office Supplies,Binders,Fellowes PB300 Plastic Comb Binding Machine,931.176,3,0.2,314.2719
3219,CA-2017-104640,11/10/2017,11/16/2017,Standard Class,FH-14275,Frank Hawley,Corporate,United States,New York City,New York,10024,East,TEC-PH-10002200,Technology,Phones,Aastra 6757i CT Wireless VoIP phone,430.88,2,0.0,124.9552
3220,US-2015-137008,10/2/2015,10/8/2015,Standard Class,JP-15460,Jennifer Patt,Corporate,United States,Lakewood,New Jersey,8701,East,OFF-PA-10001295,Office Supplies,Paper,Computer Printout Paper with Letter-Trim Perforations,94.85,5,0.0,45.528
3221,US-2015-137008,10/2/2015,10/8/2015,Standard Class,JP-15460,Jennifer Patt,Corporate,United States,Lakewood,New Jersey,8701,East,OFF-EN-10002500,Office Supplies,Envelopes,Globe Weis Peel & Seel First Class Envelopes,51.12,4,0.0,23.004
3222,US-2015-137008,10/2/2015,10/8/2015,Standard Class,JP-15460,Jennifer Patt,Corporate,United States,Lakewood,New Jersey,8701,East,TEC-AC-10000892,Technology,Accessories,NETGEAR N750 Dual Band Wi-Fi Gigabit Router,90.0,1,0.0,32.4
3230,CA-2014-154641,8/11/2014,8/16/2014,Standard Class,KL-16645,Ken Lonsdale,Consumer,United States,New York City,New York,10035,East,OFF-ST-10004459,Office Supplies,Storage,Tennsco Single-Tier Lockers,375.34,1,0.0,18.767
3231,CA-2017-131625,9/1/2017,9/5/2017,Second Class,BN-11515,Bradley Nguyen,Consumer,United States,New York City,New York,10009,East,FUR-FU-10004960,Furniture,Furnishings,"Seth Thomas 12"" Clock w/ Goldtone Case",114.9,5,0.0,39.066
3236,CA-2016-140746,1/15/2016,1/15/2016,Same Day,RC-19825,Roy Collins,Consumer,United States,Fairfield,Connecticut,6824,East,FUR-TA-10002903,Furniture,Tables,"Bevis Round Bullnose 29"" High Table Top",181.797,1,0.3,-15.5826
3237,CA-2016-146836,5/2/2016,5/2/2016,Same Day,CC-12475,Cindy Chapman,Consumer,United States,New York City,New York,10024,East,OFF-ST-10001580,Office Supplies,Storage,Super Decoflex Portable Personal File,44.94,3,0.0,12.5832
3238,CA-2016-146836,5/2/2016,5/2/2016,Same Day,CC-12475,Cindy Chapman,Consumer,United States,New York City,New York,10024,East,OFF-BI-10000315,Office Supplies,Binders,Poly Designer Cover & Back,45.576,3,0.2,15.9516
3252,CA-2017-119389,4/17/2017,4/19/2017,First Class,BG-11740,Bruce Geld,Consumer,United States,Philadelphia,Pennsylvania,19120,East,FUR-FU-10001473,Furniture,Furnishings,"Eldon Executive Woodline II Desk Accessories, Mahogany",60.312,3,0.2,5.2773
3266,US-2014-126571,10/11/2014,10/15/2014,Standard Class,JF-15565,Jill Fjeld,Consumer,United States,Philadelphia,Pennsylvania,19120,East,OFF-ST-10003816,Office Supplies,Storage,Fellowes High-Stak Drawer Files,281.904,2,0.2,10.5714
3267,US-2014-126571,10/11/2014,10/15/2014,Standard Class,JF-15565,Jill Fjeld,Consumer,United States,Philadelphia,Pennsylvania,19120,East,OFF-EN-10002230,Office Supplies,Envelopes,Airmail Envelopes,201.432,3,0.2,67.9833
3284,CA-2014-159478,9/30/2014,10/6/2014,Standard Class,MH-17785,Maya Herman,Corporate,United States,New York City,New York,10035,East,FUR-FU-10000221,Furniture,Furnishings,"Master Caster Door Stop, Brown",15.24,3,0.0,5.1816
3285,CA-2014-103702,9/12/2014,9/17/2014,Standard Class,AF-10885,Art Foster,Consumer,United States,Fairfield,Ohio,45014,East,OFF-BI-10002429,Office Supplies,Binders,"Premier Elliptical Ring Binder, Black",63.924,7,0.7,-46.8776
3296,CA-2017-113418,10/1/2017,10/3/2017,First Class,CM-12655,Corinna Mitchell,Home Office,United States,New York City,New York,10035,East,TEC-MA-10002428,Technology,Machines,Fellowes Powershred HS-440 4-Sheet High Security Shredder,1704.89,11,0.0,767.2005
3300,US-2014-159926,11/18/2014,11/22/2014,Standard Class,CS-11950,Carlos Soltero,Consumer,United States,Philadelphia,Pennsylvania,19140,East,OFF-BI-10003656,Office Supplies,Binders,Fellowes PB200 Plastic Comb Binding Machine,50.997,1,0.7,-40.7976
3301,US-2014-159926,11/18/2014,11/22/2014,Standard Class,CS-11950,Carlos Soltero,Consumer,United States,Philadelphia,Pennsylvania,19140,East,OFF-ST-10003656,Office Supplies,Storage,Safco Industrial Wire Shelving,76.792,1,0.2,-16.3183
3302,US-2014-159926,11/18/2014,11/22/2014,Standard Class,CS-11950,Carlos Soltero,Consumer,United States,Philadelphia,Pennsylvania,19140,East,TEC-PH-10001128,Technology,Phones,Motorola Droid Maxx,539.964,6,0.4,-107.9928
3303,US-2014-159926,11/18/2014,11/22/2014,Standard Class,CS-11950,Carlos Soltero,Consumer,United States,Philadelphia,Pennsylvania,19140,East,FUR-FU-10001473,Furniture,Furnishings,"Eldon Executive Woodline II Desk Accessories, Mahogany",60.312,3,0.2,5.2773
3304,US-2014-159926,11/18/2014,11/22/2014,Standard Class,CS-11950,Carlos Soltero,Consumer,United States,Philadelphia,Pennsylvania,19140,East,OFF-BI-10004656,Office Supplies,Binders,Peel & Stick Add-On Corner Pockets,1.944,3,0.7,-1.4256
3310,CA-2015-144386,11/5/2015,11/11/2015,Standard Class,GT-14635,Grant Thornton,Corporate,United States,New York City,New York,10009,East,OFF-BI-10001116,Office Supplies,Binders,"Wilson Jones 1"" Hanging DublLock Ring Binders",25.344,6,0.2,8.8704
3311,CA-2016-111416,9/17/2016,9/22/2016,Standard Class,LW-17215,Luke Weiss,Consumer,United States,New York City,New York,10035,East,OFF-BI-10002026,Office Supplies,Binders,Avery Arch Ring Binders,232.4,5,0.2,78.435
3315,CA-2017-169978,12/24/2017,12/28/2017,Standard Class,HG-15025,Hunter Glantz,Consumer,United States,Oceanside,New York,11572,East,FUR-CH-10002602,Furniture,Chairs,DMI Arturo Collection Mission-style Design Wood Chair,271.764,2,0.1,48.3136
3316,CA-2017-169978,12/24/2017,12/28/2017,Standard Class,HG-15025,Hunter Glantz,Consumer,United States,Oceanside,New York,11572,East,OFF-BI-10001900,Office Supplies,Binders,"DXL Angle-View Binders with Locking Rings, Black",14.376,3,0.2,4.8519
3323,CA-2015-120810,7/23/2015,7/27/2015,Standard Class,TH-21550,Tracy Hopkins,Home Office,United States,New York City,New York,10009,East,OFF-AP-10002892,Office Supplies,Appliances,Belkin F5C206VTEL 6 Outlet Surge,68.94,3,0.0,20.682
3324,CA-2015-120810,7/23/2015,7/27/2015,Standard Class,TH-21550,Tracy Hopkins,Home Office,United States,New York City,New York,10009,East,FUR-FU-10002253,Furniture,Furnishings,"Howard Miller 13"" Diameter Pewter Finish Round Wall Clock",128.82,3,0.0,50.2398
3342,CA-2016-145982,8/27/2016,9/1/2016,Second Class,TB-21055,Ted Butterfield,Consumer,United States,Quincy,Massachusetts,2169,East,OFF-PA-10000675,Office Supplies,Paper,Xerox 1919,122.97,3,0.0,60.2553
3343,CA-2016-145982,8/27/2016,9/1/2016,Second Class,TB-21055,Ted Butterfield,Consumer,United States,Quincy,Massachusetts,2169,East,FUR-TA-10001307,Furniture,Tables,"SAFCO PlanMaster Heigh-Adjustable Drafting Table Base, 43w x 30d x 30-37h, Black",244.615,1,0.3,20.967
3344,CA-2016-145982,8/27/2016,9/1/2016,Second Class,TB-21055,Ted Butterfield,Consumer,United States,Quincy,Massachusetts,2169,East,TEC-PH-10000011,Technology,Phones,PureGear Roll-On Screen Protector,59.97,3,0.0,28.7856
3345,CA-2016-145982,8/27/2016,9/1/2016,Second Class,TB-21055,Ted Butterfield,Consumer,United States,Quincy,Massachusetts,2169,East,OFF-PA-10002666,Office Supplies,Paper,Southworth 25% Cotton Linen-Finish Paper & Envelopes,81.54,9,0.0,36.693
3346,CA-2016-145982,8/27/2016,9/1/2016,Second Class,TB-21055,Ted Butterfield,Consumer,United States,Quincy,Massachusetts,2169,East,OFF-FA-10000735,Office Supplies,Fasteners,Staples,11.68,4,0.0,5.256
3347,CA-2016-145982,8/27/2016,9/1/2016,Second Class,TB-21055,Ted Butterfield,Consumer,United States,Quincy,Massachusetts,2169,East,OFF-BI-10000174,Office Supplies,Binders,"Wilson Jones Clip & Carry Folder Binder Tool for Ring Binders, Clear",29.0,5,0.0,13.92
3351,CA-2016-147536,12/26/2016,12/31/2016,Standard Class,AR-10510,Andrew Roberts,Consumer,United States,New York City,New York,10024,East,TEC-AC-10003280,Technology,Accessories,Belkin F8E887 USB Wired Ergonomic Keyboard,89.97,3,0.0,18.8937
3354,US-2014-150434,7/19/2014,7/24/2014,Standard Class,CA-12310,Christine Abelman,Corporate,United States,Bristol,Connecticut,6010,East,TEC-PH-10000895,Technology,Phones,Polycom VVX 310 VoIP phone,359.98,2,0.0,93.5948
3355,US-2014-150434,7/19/2014,7/24/2014,Standard Class,CA-12310,Christine Abelman,Corporate,United States,Bristol,Connecticut,6010,East,FUR-TA-10004152,Furniture,Tables,"Barricks 18"" x 48"" Non-Folding Utility Table with Bottom Storage Shelf",70.56,1,0.3,-4.032
3356,US-2014-150434,7/19/2014,7/24/2014,Standard Class,CA-12310,Christine Abelman,Corporate,United States,Bristol,Connecticut,6010,East,OFF-BI-10003694,Office Supplies,Binders,"Avery 3 1/2"" Diskette Storage Pages, 10/Pack",20.88,2,0.0,9.6048
3357,US-2014-150434,7/19/2014,7/24/2014,Standard Class,CA-12310,Christine Abelman,Corporate,United States,Bristol,Connecticut,6010,East,OFF-BI-10002160,Office Supplies,Binders,Acco Hanging Data Binders,3.81,1,0.0,1.8288
3361,US-2015-142020,6/4/2015,6/8/2015,Second Class,TC-21535,Tracy Collins,Home Office,United States,New York City,New York,10024,East,OFF-PA-10004569,Office Supplies,Paper,"Wirebound Message Books, Two 4 1/4"" x 5"" Forms per Page",30.44,4,0.0,14.3068
3362,US-2015-142020,6/4/2015,6/8/2015,Second Class,TC-21535,Tracy Collins,Home Office,United States,New York City,New York,10024,East,FUR-FU-10000672,Furniture,Furnishings,"Executive Impressions 10"" Spectator Wall Clock",35.28,3,0.0,11.9952
3363,CA-2015-139962,12/13/2015,12/20/2015,Standard Class,Dp-13240,Dean percer,Home Office,United States,Revere,Massachusetts,2151,East,OFF-PA-10004451,Office Supplies,Paper,Xerox 222,19.44,3,0.0,9.3312
3364,CA-2015-139962,12/13/2015,12/20/2015,Standard Class,Dp-13240,Dean percer,Home Office,United States,Revere,Massachusetts,2151,East,OFF-BI-10004738,Office Supplies,Binders,Flexible Leather- Look Classic Collection Ring Binder,37.88,2,0.0,18.94
3374,CA-2015-161718,12/4/2015,12/10/2015,Standard Class,SO-20335,Sean O'Donnell,Consumer,United States,Hempstead,New York,11550,East,FUR-FU-10002445,Furniture,Furnishings,"DAX Two-Tone Rosewood/Black Document Frame, Desktop, 5 x 7",28.44,3,0.0,11.376
3375,CA-2015-161718,12/4/2015,12/10/2015,Standard Class,SO-20335,Sean O'Donnell,Consumer,United States,Hempstead,New York,11550,East,FUR-CH-10002372,Furniture,Chairs,Office Star - Ergonomically Designed Knee Chair,364.41,5,0.1,8.098
3376,CA-2015-161718,12/4/2015,12/10/2015,Standard Class,SO-20335,Sean O'Donnell,Consumer,United States,Hempstead,New York,11550,East,TEC-PH-10000376,Technology,Phones,Square Credit Card Reader,39.96,4,0.0,10.3896
3377,CA-2015-161718,12/4/2015,12/10/2015,Standard Class,SO-20335,Sean O'Donnell,Consumer,United States,Hempstead,New York,11550,East,FUR-CH-10002965,Furniture,Chairs,"Global Leather Highback Executive Chair with Pneumatic Height Adjustment, Black",361.764,2,0.1,68.3332
3381,CA-2017-103156,11/23/2017,11/24/2017,First Class,TD-20995,Tamara Dahlen,Consumer,United States,Philadelphia,Pennsylvania,19120,East,FUR-FU-10000320,Furniture,Furnishings,OIC Stacking Trays,24.048,9,0.2,7.2144
3383,CA-2015-130659,12/4/2015,12/9/2015,Second Class,MS-17365,Maribeth Schnelling,Consumer,United States,New York City,New York,10035,East,OFF-EN-10004147,Office Supplies,Envelopes,Wausau Papers Astrobrights Colored Envelopes,17.94,3,0.0,8.7906
3384,CA-2015-130659,12/4/2015,12/9/2015,Second Class,MS-17365,Maribeth Schnelling,Consumer,United States,New York City,New York,10035,East,FUR-CH-10003535,Furniture,Chairs,"Global Armless Task Chair, Royal Blue",384.174,7,0.1,29.8802
3385,CA-2015-130659,12/4/2015,12/9/2015,Second Class,MS-17365,Maribeth Schnelling,Consumer,United States,New York City,New York,10035,East,TEC-PH-10004586,Technology,Phones,Wilson SignalBoost 841262 DB PRO Amplifier Kit,1799.75,5,0.0,539.925
3395,US-2017-131583,6/10/2017,6/10/2017,Same Day,CL-11890,Carl Ludwig,Consumer,United States,Philadelphia,Pennsylvania,19143,East,OFF-PA-10000380,Office Supplies,Paper,"REDIFORM Incoming/Outgoing Call Register, 11"" X 8 1/2"", 100 Messages",40.032,6,0.2,15.012
3406,US-2014-150119,4/23/2014,4/27/2014,Standard Class,LB-16795,Laurel Beltran,Home Office,United States,Columbus,Ohio,43229,East,FUR-CH-10002965,Furniture,Chairs,"Global Leather Highback Executive Chair with Pneumatic Height Adjustment, Black",281.372,2,0.3,-12.0588
3407,US-2014-150119,4/23/2014,4/27/2014,Standard Class,LB-16795,Laurel Beltran,Home Office,United States,Columbus,Ohio,43229,East,FUR-CH-10002965,Furniture,Chairs,"Global Leather Highback Executive Chair with Pneumatic Height Adjustment, Black",281.372,2,0.3,-12.0588
3408,US-2014-150119,4/23/2014,4/27/2014,Standard Class,LB-16795,Laurel Beltran,Home Office,United States,Columbus,Ohio,43229,East,OFF-BI-10000145,Office Supplies,Binders,Zipper Ring Binder Pockets,7.488,8,0.7,-5.2416
3409,US-2014-150119,4/23/2014,4/27/2014,Standard Class,LB-16795,Laurel Beltran,Home Office,United States,Columbus,Ohio,43229,East,FUR-FU-10002191,Furniture,Furnishings,G.E. Halogen Desk Lamp Bulbs,22.336,4,0.2,7.8176
3410,US-2017-150847,4/30/2017,5/6/2017,Standard Class,JF-15490,Jeremy Farry,Consumer,United States,Columbus,Ohio,43229,East,OFF-PA-10004451,Office Supplies,Paper,Xerox 222,10.368,2,0.2,3.6288
3420,CA-2015-150791,9/6/2015,9/13/2015,Standard Class,CC-12430,Chuck Clark,Home Office,United States,New York City,New York,10024,East,FUR-CH-10000665,Furniture,Chairs,"Global Airflow Leather Mesh Back Chair, Black",271.764,2,0.1,60.392
3428,US-2017-111024,7/3/2017,7/6/2017,Second Class,SZ-20035,Sam Zeldin,Home Office,United States,Lancaster,Ohio,43130,East,OFF-PA-10000174,Office Supplies,Paper,"Message Book, Wirebound, Four 5 1/2"" X 4"" Forms/Pg., 200 Dupl. Sets/Book",32.896,4,0.2,11.1024
3429,US-2017-111024,7/3/2017,7/6/2017,Second Class,SZ-20035,Sam Zeldin,Home Office,United States,Lancaster,Ohio,43130,East,FUR-TA-10002041,Furniture,Tables,"Bevis Round Conference Table Top, X-Base",215.148,2,0.4,-103.9882
3430,US-2017-111024,7/3/2017,7/6/2017,Second Class,SZ-20035,Sam Zeldin,Home Office,United States,Lancaster,Ohio,43130,East,OFF-PA-10002246,Office Supplies,Paper,"Wirebound Four 2-3/4 x 5 Forms per Page, 400 Sets per Book",30.96,6,0.2,11.223
3442,CA-2014-158337,3/11/2014,3/14/2014,Second Class,KA-16525,Kelly Andreada,Consumer,United States,New York City,New York,10024,East,OFF-PA-10002137,Office Supplies,Paper,"Southworth 100% Résumé Paper, 24lb.",108.92,14,0.0,49.014
3443,CA-2017-168858,11/19/2017,11/23/2017,Standard Class,JD-16150,Justin Deggeller,Corporate,United States,New York City,New York,10011,East,OFF-EN-10001415,Office Supplies,Envelopes,Staple envelope,16.74,3,0.0,8.37
3444,CA-2017-168858,11/19/2017,11/23/2017,Standard Class,JD-16150,Justin Deggeller,Corporate,United States,New York City,New York,10011,East,OFF-AP-10003849,Office Supplies,Appliances,Hoover Shoulder Vac Commercial Portable Vacuum,2504.74,7,0.0,626.185
3445,CA-2016-116344,7/29/2016,8/2/2016,Standard Class,JO-15145,Jack O'Briant,Corporate,United States,Philadelphia,Pennsylvania,19140,East,OFF-ST-10001713,Office Supplies,Storage,"Gould Plastics 9-Pocket Panel Bin, 18-3/8w x 5-1/4d x 20-1/2h, Black",84.784,2,0.2,-16.9568
3446,CA-2015-131779,6/12/2015,6/17/2015,Standard Class,LE-16810,Laurel Elliston,Consumer,United States,Newark,Delaware,19711,East,OFF-ST-10001505,Office Supplies,Storage,"Perma STOR-ALL Hanging File Box, 13 1/8""W x 12 1/4""D x 10 1/2""H",29.9,5,0.0,5.083
3447,CA-2016-158869,8/6/2016,8/7/2016,First Class,AH-10690,Anna Häberlin,Corporate,United States,New York City,New York,10024,East,OFF-PA-10000474,Office Supplies,Paper,Easy-staple paper,70.88,2,0.0,33.3136
3457,CA-2017-136448,9/16/2017,9/18/2017,First Class,AS-10090,Adam Shillingsburg,Consumer,United States,Philadelphia,Pennsylvania,19143,East,TEC-AC-10001109,Technology,Accessories,Logitech Trackman Marble Mouse,71.976,3,0.2,19.7934
3458,CA-2017-136448,9/16/2017,9/18/2017,First Class,AS-10090,Adam Shillingsburg,Consumer,United States,Philadelphia,Pennsylvania,19143,East,FUR-FU-10003832,Furniture,Furnishings,"Eldon Expressions Punched Metal & Wood Desk Accessories, Black & Cherry",22.512,3,0.2,2.2512
3459,CA-2017-136448,9/16/2017,9/18/2017,First Class,AS-10090,Adam Shillingsburg,Consumer,United States,Philadelphia,Pennsylvania,19143,East,OFF-BI-10002393,Office Supplies,Binders,Binder Posts,3.444,2,0.7,-2.7552
3460,CA-2017-136448,9/16/2017,9/18/2017,First Class,AS-10090,Adam Shillingsburg,Consumer,United States,Philadelphia,Pennsylvania,19143,East,OFF-BI-10001359,Office Supplies,Binders,GBC DocuBind TL300 Electric Binding System,538.194,2,0.7,-412.6154
3461,CA-2017-136448,9/16/2017,9/18/2017,First Class,AS-10090,Adam Shillingsburg,Consumer,United States,Philadelphia,Pennsylvania,19143,East,TEC-AC-10003628,Technology,Accessories,Logitech 910-002974 M325 Wireless Mouse for Web Scrolling,47.984,2,0.2,14.3952
3463,CA-2015-152611,2/20/2015,2/23/2015,Second Class,KA-16525,Kelly Andreada,Consumer,United States,Perth Amboy,New Jersey,8861,East,OFF-AR-10003903,Office Supplies,Art,Sanford 52201 APSCO Electric Pencil Sharpener,286.79,7,0.0,74.5654
3466,US-2015-147242,9/10/2015,9/14/2015,Standard Class,EH-13765,Edward Hooks,Corporate,United States,Revere,Massachusetts,2151,East,OFF-AP-10003842,Office Supplies,Appliances,Euro-Pro Shark Turbo Vacuum,61.96,2,0.0,16.1096
3467,US-2015-147242,9/10/2015,9/14/2015,Standard Class,EH-13765,Edward Hooks,Corporate,United States,Revere,Massachusetts,2151,East,FUR-BO-10004695,Furniture,Bookcases,O'Sullivan 2-Door Barrister Bookcase in Odessa Pine,361.96,2,0.0,83.2508
3468,US-2015-147242,9/10/2015,9/14/2015,Standard Class,EH-13765,Edward Hooks,Corporate,United States,Revere,Massachusetts,2151,East,OFF-PA-10003039,Office Supplies,Paper,Xerox 1960,278.82,9,0.0,125.469
3472,CA-2017-122644,11/12/2017,11/17/2017,Standard Class,SF-20965,Sylvia Foulston,Corporate,United States,Columbus,Ohio,43229,East,OFF-PA-10003673,Office Supplies,Paper,Strathmore Photo Mount Cards,10.848,2,0.2,3.5256
3473,CA-2017-122644,11/12/2017,11/17/2017,Standard Class,SF-20965,Sylvia Foulston,Corporate,United States,Columbus,Ohio,43229,East,TEC-AC-10003614,Technology,Accessories,"Verbatim 25 GB 6x Blu-ray Single Layer Recordable Disc, 10/Pack",18.544,2,0.2,3.0134
3486,CA-2016-151169,10/21/2016,10/26/2016,Standard Class,MY-18295,Muhammed Yedwab,Corporate,United States,Newark,Delaware,19711,East,OFF-BI-10002813,Office Supplies,Binders,Avery Reinforcements for Hole-Punch Pages,7.92,4,0.0,3.564
3505,CA-2016-150945,12/18/2016,12/20/2016,Second Class,JK-16120,Julie Kriz,Home Office,United States,New York City,New York,10009,East,OFF-ST-10003716,Office Supplies,Storage,Tennsco Double-Tier Lockers,900.08,4,0.0,117.0104
3532,CA-2016-155565,5/28/2016,5/28/2016,Same Day,EH-13765,Edward Hooks,Corporate,United States,New York City,New York,10035,East,OFF-SU-10001218,Office Supplies,Supplies,Fiskars Softgrip Scissors,54.9,5,0.0,15.372
3537,CA-2016-145842,6/17/2016,6/20/2016,Second Class,FM-14380,Fred McMath,Consumer,United States,New York City,New York,10024,East,OFF-ST-10000419,Office Supplies,Storage,"Rogers Jumbo File, Granite",40.74,3,0.0,0.4074
3542,CA-2016-157511,9/18/2016,9/20/2016,First Class,SV-20365,Seth Vernon,Consumer,United States,Columbus,Ohio,43229,East,FUR-FU-10002107,Furniture,Furnishings,Eldon Pizzaz Desk Accessories,5.352,3,0.2,1.6056
3543,CA-2016-157511,9/18/2016,9/20/2016,First Class,SV-20365,Seth Vernon,Consumer,United States,Columbus,Ohio,43229,East,FUR-CH-10002647,Furniture,Chairs,"Situations Contoured Folding Chairs, 4/Set",99.372,2,0.3,-7.098
3544,CA-2016-157511,9/18/2016,9/20/2016,First Class,SV-20365,Seth Vernon,Consumer,United States,Columbus,Ohio,43229,East,OFF-AR-10002257,Office Supplies,Art,"Eldon Spacemaker Box, Quick-Snap Lid, Clear",2.672,1,0.2,0.3674
3554,CA-2017-107832,11/23/2017,11/26/2017,Second Class,FH-14275,Frank Hawley,Corporate,United States,Philadelphia,Pennsylvania,19120,East,OFF-BI-10001658,Office Supplies,Binders,GBC Standard Therm-A-Bind Covers,7.476,1,0.7,-5.9808
3561,CA-2017-109757,9/4/2017,9/9/2017,Second Class,MD-17350,Maribeth Dona,Consumer,United States,Akron,Ohio,44312,East,OFF-AR-10002335,Office Supplies,Art,DIXON Oriole Pencils,8.256,4,0.2,0.6192
3562,CA-2017-109757,9/4/2017,9/9/2017,Second Class,MD-17350,Maribeth Dona,Consumer,United States,Akron,Ohio,44312,East,OFF-BI-10004001,Office Supplies,Binders,GBC Recycled VeloBinder Covers,25.56,5,0.7,-20.448
3563,CA-2017-109757,9/4/2017,9/9/2017,Second Class,MD-17350,Maribeth Dona,Consumer,United States,Akron,Ohio,44312,East,OFF-BI-10001634,Office Supplies,Binders,Wilson Jones Active Use Binders,4.368,2,0.7,-3.0576
3564,CA-2017-109757,9/4/2017,9/9/2017,Second Class,MD-17350,Maribeth Dona,Consumer,United States,Akron,Ohio,44312,East,OFF-PA-10000007,Office Supplies,Paper,"Telephone Message Books with Fax/Mobile Section, 4 1/4"" x 6""",11.52,4,0.2,3.744
3574,CA-2017-117023,8/7/2017,8/12/2017,Standard Class,JW-15955,Joni Wasserman,Consumer,United States,Long Beach,New York,11561,East,OFF-AR-10003602,Office Supplies,Art,"Quartet Omega Colored Chalk, 12/Pack",11.68,2,0.0,5.4896
3575,CA-2017-117023,8/7/2017,8/12/2017,Standard Class,JW-15955,Joni Wasserman,Consumer,United States,Long Beach,New York,11561,East,OFF-AR-10004062,Office Supplies,Art,Staples in misc. colors,104.8,10,0.0,26.2
3588,CA-2017-121839,9/24/2017,9/28/2017,Standard Class,MH-18115,Mick Hernandez,Home Office,United States,Lancaster,Ohio,43130,East,TEC-PH-10002885,Technology,Phones,Apple iPhone 5,1169.694,3,0.4,-253.4337
3593,CA-2016-108434,12/5/2016,12/7/2016,Second Class,JG-15160,James Galang,Consumer,United States,New York City,New York,10024,East,OFF-ST-10002615,Office Supplies,Storage,"Dual Level, Single-Width Filing Carts",465.18,3,0.0,120.9468
3594,CA-2016-164154,9/11/2016,9/17/2016,Standard Class,NZ-18565,Nick Zandusky,Home Office,United States,Toledo,Ohio,43615,East,OFF-BI-10001658,Office Supplies,Binders,GBC Standard Therm-A-Bind Covers,22.428,3,0.7,-17.9424
3595,CA-2016-164154,9/11/2016,9/17/2016,Standard Class,NZ-18565,Nick Zandusky,Home Office,United States,Toledo,Ohio,43615,East,OFF-ST-10002562,Office Supplies,Storage,Staple magnet,37.52,5,0.2,3.752
3596,CA-2017-148012,12/9/2017,12/15/2017,Standard Class,KM-16225,Kalyca Meade,Corporate,United States,Philadelphia,Pennsylvania,19143,East,OFF-AR-10004757,Office Supplies,Art,Crayola Colored Pencils,2.624,1,0.2,0.4264
3597,CA-2014-102869,9/9/2014,9/14/2014,Second Class,LC-17140,Logan Currie,Consumer,United States,Philadelphia,Pennsylvania,19140,East,OFF-PA-10000788,Office Supplies,Paper,Xerox 210,15.552,3,0.2,5.4432
3598,CA-2014-102869,9/9/2014,9/14/2014,Second Class,LC-17140,Logan Currie,Consumer,United States,Philadelphia,Pennsylvania,19140,East,TEC-AC-10002134,Technology,Accessories,Rosewill 107 Normal Keys USB Wired Standard Keyboard,64.704,6,0.2,-4.8528
3599,CA-2014-102869,9/9/2014,9/14/2014,Second Class,LC-17140,Logan Currie,Consumer,United States,Philadelphia,Pennsylvania,19140,East,FUR-FU-10002456,Furniture,Furnishings,"Master Caster Door Stop, Large Neon Orange",17.472,3,0.2,5.0232
3600,CA-2014-102869,9/9/2014,9/14/2014,Second Class,LC-17140,Logan Currie,Consumer,United States,Philadelphia,Pennsylvania,19140,East,TEC-PH-10002549,Technology,Phones,Polycom SoundPoint IP 450 VoIP phone,135.516,1,0.4,-31.6204
3602,CA-2014-159835,11/17/2014,11/24/2014,Standard Class,RB-19330,Randy Bradley,Consumer,United States,Philadelphia,Pennsylvania,19143,East,OFF-PA-10002137,Office Supplies,Paper,"Southworth 100% Résumé Paper, 24lb.",12.448,2,0.2,3.89
3603,CA-2014-159835,11/17/2014,11/24/2014,Standard Class,RB-19330,Randy Bradley,Consumer,United States,Philadelphia,Pennsylvania,19143,East,FUR-CH-10004997,Furniture,Chairs,Hon Every-Day Series Multi-Task Chairs,657.93,5,0.3,-93.99
3604,CA-2017-112956,8/21/2017,8/27/2017,Standard Class,TH-21550,Tracy Hopkins,Home Office,United States,Columbia,Maryland,21044,East,OFF-PA-10000357,Office Supplies,Paper,Xerox 1888,277.4,5,0.0,133.152
3605,CA-2017-112956,8/21/2017,8/27/2017,Standard Class,TH-21550,Tracy Hopkins,Home Office,United States,Columbia,Maryland,21044,East,FUR-FU-10003976,Furniture,Furnishings,"DAX Executive Solid Wood Document Frame, Desktop or Hang, Mahogany, 5 x 7",25.16,2,0.0,8.5544
3606,CA-2017-112956,8/21/2017,8/27/2017,Standard Class,TH-21550,Tracy Hopkins,Home Office,United States,Columbia,Maryland,21044,East,FUR-FU-10004960,Furniture,Furnishings,"Seth Thomas 12"" Clock w/ Goldtone Case",91.92,4,0.0,31.2528
3607,CA-2016-119683,3/12/2016,3/16/2016,Second Class,CK-12595,Clytie Kelty,Consumer,United States,New York City,New York,10024,East,OFF-EN-10001099,Office Supplies,Envelopes,Staple envelope,29.34,3,0.0,13.4964
3608,CA-2014-163559,9/23/2014,9/28/2014,Second Class,ST-20530,Shui Tom,Consumer,United States,New York City,New York,10035,East,OFF-BI-10002026,Office Supplies,Binders,Avery Arch Ring Binders,139.44,3,0.2,47.061
3609,CA-2014-140228,4/28/2014,5/3/2014,Standard Class,GB-14530,George Bell,Corporate,United States,Newark,Ohio,43055,East,OFF-LA-10001613,Office Supplies,Labels,Avery File Folder Labels,6.912,3,0.2,2.5056
3610,CA-2014-140228,4/28/2014,5/3/2014,Standard Class,GB-14530,George Bell,Corporate,United States,Newark,Ohio,43055,East,OFF-ST-10002214,Office Supplies,Storage,X-Rack File for Hanging Folders,27.096,3,0.2,2.0322
3611,CA-2014-140228,4/28/2014,5/3/2014,Standard Class,GB-14530,George Bell,Corporate,United States,Newark,Ohio,43055,East,OFF-ST-10001128,Office Supplies,Storage,"Carina Mini System Audio Rack, Model AR050B",177.568,2,0.2,-37.7332
3613,CA-2015-110093,12/3/2015,12/8/2015,Standard Class,AB-10255,Alejandro Ballentine,Home Office,United States,Philadelphia,Pennsylvania,19134,East,OFF-PA-10000174,Office Supplies,Paper,"Message Book, Wirebound, Four 5 1/2"" X 4"" Forms/Pg., 200 Dupl. Sets/Book",16.448,2,0.2,5.5512
3614,CA-2015-110093,12/3/2015,12/8/2015,Standard Class,AB-10255,Alejandro Ballentine,Home Office,United States,Philadelphia,Pennsylvania,19134,East,TEC-AC-10000171,Technology,Accessories,"Verbatim 25 GB 6x Blu-ray Single Layer Recordable Disc, 25/Pack",36.784,2,0.2,10.5754
3617,CA-2016-154536,9/5/2016,9/9/2016,Standard Class,JC-15340,Jasper Cacioppo,Consumer,United States,Philadelphia,Pennsylvania,19120,East,OFF-BI-10004410,Office Supplies,Binders,"C-Line Peel & Stick Add-On Filing Pockets, 8-3/4 x 5-1/8, 10/Pack",9.555,5,0.7,-7.3255
3630,CA-2017-155957,11/26/2017,11/30/2017,Standard Class,CC-12610,Corey Catlett,Corporate,United States,Columbus,Ohio,43229,East,OFF-AP-10002082,Office Supplies,Appliances,Holmes HEPA Air Purifier,52.272,3,0.2,9.801
3631,CA-2017-155957,11/26/2017,11/30/2017,Standard Class,CC-12610,Corey Catlett,Corporate,United States,Columbus,Ohio,43229,East,OFF-AP-10004708,Office Supplies,Appliances,Fellowes Superior 10 Outlet Split Surge Protector,213.136,7,0.2,23.9778
3634,CA-2016-145177,11/10/2016,11/14/2016,Standard Class,PP-18955,Paul Prost,Home Office,United States,Springfield,Ohio,45503,East,OFF-LA-10001613,Office Supplies,Labels,Avery File Folder Labels,9.216,4,0.2,3.3408
3635,CA-2016-145177,11/10/2016,11/14/2016,Standard Class,PP-18955,Paul Prost,Home Office,United States,Springfield,Ohio,45503,East,TEC-PH-10000376,Technology,Phones,Square Credit Card Reader,41.958,7,0.4,-9.7902
3636,CA-2016-145177,11/10/2016,11/14/2016,Standard Class,PP-18955,Paul Prost,Home Office,United States,Springfield,Ohio,45503,East,OFF-PA-10004039,Office Supplies,Paper,Xerox 1882,89.568,2,0.2,32.4684
3637,CA-2016-145177,11/10/2016,11/14/2016,Standard Class,PP-18955,Paul Prost,Home Office,United States,Springfield,Ohio,45503,East,OFF-PA-10001776,Office Supplies,Paper,"Wirebound Message Books, Four 2 3/4"" x 5"" Forms per Page, 600 Sets per Book",22.248,3,0.2,7.5087
3638,CA-2016-145177,11/10/2016,11/14/2016,Standard Class,PP-18955,Paul Prost,Home Office,United States,Springfield,Ohio,45503,East,OFF-AP-10002457,Office Supplies,Appliances,"Eureka The Boss Plus 12-Amp Hard Box Upright Vacuum, Red",334.88,4,0.2,29.302
3639,CA-2016-145177,11/10/2016,11/14/2016,Standard Class,PP-18955,Paul Prost,Home Office,United States,Springfield,Ohio,45503,East,FUR-FU-10000758,Furniture,Furnishings,DAX Natural Wood-Tone Poster Frame,148.288,7,0.2,29.6576
3640,CA-2016-145177,11/10/2016,11/14/2016,Standard Class,PP-18955,Paul Prost,Home Office,United States,Springfield,Ohio,45503,East,OFF-PA-10000682,Office Supplies,Paper,Xerox 1924,4.624,1,0.2,1.6762
3641,CA-2016-145177,11/10/2016,11/14/2016,Standard Class,PP-18955,Paul Prost,Home Office,United States,Springfield,Ohio,45503,East,TEC-AC-10002550,Technology,Accessories,"Memorex 25GB 6X Branded Blu-Ray Recordable Disc, 30/Pack",178.92,7,0.2,-29.0745
3642,CA-2016-145177,11/10/2016,11/14/2016,Standard Class,PP-18955,Paul Prost,Home Office,United States,Springfield,Ohio,45503,East,OFF-BI-10002082,Office Supplies,Binders,GBC Twin Loop Wire Binding Elements,69.888,7,0.7,-46.592
3657,CA-2017-158036,9/8/2017,9/14/2017,Standard Class,DB-13555,Dorothy Badders,Corporate,United States,Dublin,Ohio,43017,East,TEC-AC-10002558,Technology,Accessories,Imation Swivel Flash Drive USB flash drive - 8 GB,9.096,1,0.2,1.7055
3663,US-2017-129777,7/3/2017,7/9/2017,Standard Class,FM-14290,Frank Merwin,Home Office,United States,Quincy,Massachusetts,2169,East,TEC-AC-10003590,Technology,Accessories,"TRENDnet 56K USB 2.0 Phone, Internet and Fax Modem",258.9,10,0.0,93.204
3664,US-2017-129777,7/3/2017,7/9/2017,Standard Class,FM-14290,Frank Merwin,Home Office,United States,Quincy,Massachusetts,2169,East,OFF-PA-10001970,Office Supplies,Paper,Xerox 1881,24.56,2,0.0,11.5432
3673,CA-2016-104969,4/8/2016,4/14/2016,Standard Class,EH-14125,Eugene Hildebrand,Home Office,United States,Troy,Ohio,45373,East,OFF-EN-10002312,Office Supplies,Envelopes,#10 Self-Seal White Envelopes,8.872,1,0.2,3.2161
3674,CA-2016-104969,4/8/2016,4/14/2016,Standard Class,EH-14125,Eugene Hildebrand,Home Office,United States,Troy,Ohio,45373,East,OFF-BI-10004224,Office Supplies,Binders,Catalog Binders with Expanding Posts,121.104,6,0.7,-100.92
3675,CA-2017-154109,11/6/2017,11/11/2017,Standard Class,ML-17410,Maris LaWare,Consumer,United States,Philadelphia,Pennsylvania,19143,East,FUR-CH-10003774,Furniture,Chairs,"Global Wood Trimmed Manager's Task Chair, Khaki",127.372,2,0.3,-30.9332
3676,CA-2017-154109,11/6/2017,11/11/2017,Standard Class,ML-17410,Maris LaWare,Consumer,United States,Philadelphia,Pennsylvania,19143,East,OFF-PA-10000157,Office Supplies,Paper,Xerox 191,47.952,3,0.2,16.1838
3678,CA-2015-132626,7/9/2015,7/14/2015,Standard Class,BT-11680,Brian Thompson,Consumer,United States,Clinton,Maryland,20735,East,OFF-FA-10002763,Office Supplies,Fasteners,Advantus Map Pennant Flags and Round Head Tacks,15.8,4,0.0,5.056
3679,CA-2015-132626,7/9/2015,7/14/2015,Standard Class,BT-11680,Brian Thompson,Consumer,United States,Clinton,Maryland,20735,East,TEC-MA-10002428,Technology,Machines,Fellowes Powershred HS-440 4-Sheet High Security Shredder,464.97,3,0.0,209.2365
3680,CA-2015-132626,7/9/2015,7/14/2015,Standard Class,BT-11680,Brian Thompson,Consumer,United States,Clinton,Maryland,20735,East,FUR-FU-10002918,Furniture,Furnishings,Eldon ClusterMat Chair Mat with Cordless Antistatic Protection,181.96,2,0.0,20.0156
3681,CA-2015-132626,7/9/2015,7/14/2015,Standard Class,BT-11680,Brian Thompson,Consumer,United States,Clinton,Maryland,20735,East,OFF-LA-10000476,Office Supplies,Labels,"Avery 05222 Permanent Self-Adhesive File Folder Labels for Typewriters, on Rolls, White, 250/Roll",12.39,3,0.0,5.6994
3682,CA-2015-132626,7/9/2015,7/14/2015,Standard Class,BT-11680,Brian Thompson,Consumer,United States,Clinton,Maryland,20735,East,OFF-BI-10002854,Office Supplies,Binders,"Performers Binder/Pad Holder, Black",84.09,3,0.0,42.045
3683,CA-2015-132626,7/9/2015,7/14/2015,Standard Class,BT-11680,Brian Thompson,Consumer,United States,Clinton,Maryland,20735,East,OFF-AR-10002987,Office Supplies,Art,Prismacolor Color Pencil Set,79.36,4,0.0,32.5376
3684,CA-2015-132626,7/9/2015,7/14/2015,Standard Class,BT-11680,Brian Thompson,Consumer,United States,Clinton,Maryland,20735,East,OFF-BI-10004001,Office Supplies,Binders,GBC Recycled VeloBinder Covers,153.36,9,0.0,70.5456
3685,CA-2015-132626,7/9/2015,7/14/2015,Standard Class,BT-11680,Brian Thompson,Consumer,United States,Clinton,Maryland,20735,East,OFF-BI-10001634,Office Supplies,Binders,Wilson Jones Active Use Binders,43.68,6,0.0,21.4032
3686,CA-2015-132626,7/9/2015,7/14/2015,Standard Class,BT-11680,Brian Thompson,Consumer,United States,Clinton,Maryland,20735,East,OFF-ST-10003722,Office Supplies,Storage,Project Tote Personal File,98.21,7,0.0,28.4809
3700,CA-2017-160416,11/13/2017,11/18/2017,Second Class,AD-10180,Alan Dominguez,Home Office,United States,Yonkers,New York,10701,East,TEC-AC-10004114,Technology,Accessories,KeyTronic 6101 Series - Keyboard - Black,163.96,4,0.0,70.5028
3701,CA-2017-169411,12/24/2017,12/29/2017,Standard Class,AC-10615,Ann Chong,Corporate,United States,Rochester,New York,14609,East,FUR-FU-10001602,Furniture,Furnishings,"Eldon Delta Triangular Chair Mat, 52"" x 58"", Clear",37.93,1,0.0,6.8274
3702,CA-2016-126543,1/9/2016,1/13/2016,Second Class,MF-17665,Maureen Fritzler,Corporate,United States,Toledo,Ohio,43615,East,FUR-FU-10002445,Furniture,Furnishings,"DAX Two-Tone Rosewood/Black Document Frame, Desktop, 5 x 7",15.168,2,0.2,3.792
3727,CA-2016-165169,6/5/2016,6/11/2016,Standard Class,JL-15235,Janet Lee,Consumer,United States,Newark,Delaware,19711,East,OFF-ST-10001496,Office Supplies,Storage,Standard Rollaway File with Lock,360.38,2,0.0,93.6988
3728,CA-2016-165169,6/5/2016,6/11/2016,Standard Class,JL-15235,Janet Lee,Consumer,United States,Newark,Delaware,19711,East,OFF-AR-10000122,Office Supplies,Art,Newell 314,11.16,2,0.0,2.79
3729,CA-2016-165169,6/5/2016,6/11/2016,Standard Class,JL-15235,Janet Lee,Consumer,United States,Newark,Delaware,19711,East,OFF-LA-10000407,Office Supplies,Labels,Avery White Multi-Purpose Labels,14.94,3,0.0,6.8724
3730,CA-2015-109575,9/18/2015,9/23/2015,Standard Class,KH-16630,Ken Heidel,Corporate,United States,Clinton,Maryland,20735,East,OFF-ST-10004950,Office Supplies,Storage,Acco Perma 3000 Stacking Storage Drawers,41.96,2,0.0,7.9724
3731,CA-2015-109575,9/18/2015,9/23/2015,Standard Class,KH-16630,Ken Heidel,Corporate,United States,Clinton,Maryland,20735,East,OFF-ST-10004123,Office Supplies,Storage,Safco Industrial Wire Shelving System,636.86,7,0.0,0.0
3732,CA-2015-109575,9/18/2015,9/23/2015,Standard Class,KH-16630,Ken Heidel,Corporate,United States,Clinton,Maryland,20735,East,TEC-PH-10000730,Technology,Phones,Samsung Galaxy S4 Active,499.99,1,0.0,129.9974
3733,CA-2015-109575,9/18/2015,9/23/2015,Standard Class,KH-16630,Ken Heidel,Corporate,United States,Clinton,Maryland,20735,East,TEC-PH-10000895,Technology,Phones,Polycom VVX 310 VoIP phone,1259.93,7,0.0,327.5818
3734,CA-2015-109575,9/18/2015,9/23/2015,Standard Class,KH-16630,Ken Heidel,Corporate,United States,Clinton,Maryland,20735,East,OFF-BI-10000962,Office Supplies,Binders,"Acco Flexible ACCOHIDE Square Ring Data Binder, Dark Blue, 11 1/2"" X 14"" 7/8""",65.08,4,0.0,31.8892
3735,CA-2017-168193,3/6/2017,3/11/2017,Second Class,RM-19750,Roland Murray,Consumer,United States,New York City,New York,10011,East,OFF-PA-10002254,Office Supplies,Paper,Xerox 1883,26.38,1,0.0,12.1348
3736,CA-2017-168193,3/6/2017,3/11/2017,Second Class,RM-19750,Roland Murray,Consumer,United States,New York City,New York,10011,East,FUR-FU-10002554,Furniture,Furnishings,"Westinghouse Floor Lamp with Metal Mesh Shade, Black",71.97,3,0.0,16.5531
3737,CA-2016-115476,3/17/2016,3/17/2016,Same Day,VM-21835,Vivian Mathis,Consumer,United States,Newark,Delaware,19711,East,TEC-PH-10000673,Technology,Phones,Plantronics Voyager Pro HD - Bluetooth Headset,129.98,2,0.0,62.3904
3738,CA-2016-115476,3/17/2016,3/17/2016,Same Day,VM-21835,Vivian Mathis,Consumer,United States,Newark,Delaware,19711,East,OFF-BI-10000962,Office Supplies,Binders,"Acco Flexible ACCOHIDE Square Ring Data Binder, Dark Blue, 11 1/2"" X 14"" 7/8""",32.54,2,0.0,15.9446
3742,CA-2016-137848,1/15/2016,1/21/2016,Standard Class,WB-21850,William Brown,Consumer,United States,New York City,New York,10011,East,OFF-EN-10001137,Office Supplies,Envelopes,"#10 Gummed Flap White Envelopes, 100/Box",16.52,4,0.0,7.5992
3743,CA-2016-137848,1/15/2016,1/21/2016,Standard Class,WB-21850,William Brown,Consumer,United States,New York City,New York,10011,East,OFF-PA-10004285,Office Supplies,Paper,Xerox 1959,60.12,9,0.0,28.8576
3744,CA-2016-137848,1/15/2016,1/21/2016,Standard Class,WB-21850,William Brown,Consumer,United States,New York City,New York,10011,East,OFF-BI-10002225,Office Supplies,Binders,"Square Ring Data Binders, Rigid 75 Pt. Covers, 11"" x 14-7/8""",49.536,3,0.2,17.3376
3758,CA-2016-111283,2/29/2016,3/4/2016,Standard Class,LC-16870,Lena Cacioppo,Consumer,United States,Newark,Ohio,43055,East,OFF-AR-10001615,Office Supplies,Art,Newell 34,111.104,7,0.2,8.3328
3762,CA-2017-104577,5/12/2017,5/17/2017,Standard Class,CK-12205,Chloris Kastensmidt,Consumer,United States,Everett,Massachusetts,2149,East,OFF-PA-10000659,Office Supplies,Paper,"TOPS Carbonless Receipt Book, Four 2-3/4 x 7-1/4 Money Receipts per Page",87.6,5,0.0,42.048
3772,US-2016-101196,5/12/2016,5/17/2016,Standard Class,FM-14215,Filia McAdams,Corporate,United States,Philadelphia,Pennsylvania,19140,East,OFF-ST-10004804,Office Supplies,Storage,"Belkin 19"" Vented Equipment Shelf, Black",82.368,2,0.2,-19.5624
3780,CA-2017-118521,2/16/2017,2/20/2017,Standard Class,LF-17185,Luke Foster,Consumer,United States,New York City,New York,10035,East,OFF-PA-10003465,Office Supplies,Paper,Xerox 1912,37.94,2,0.0,18.2112
3782,CA-2015-135314,7/9/2015,7/14/2015,Second Class,MC-17575,Matt Collins,Consumer,United States,Philadelphia,Pennsylvania,19120,East,TEC-PH-10003072,Technology,Phones,Panasonic KX-TG9541B DECT 6.0 Digital 2-Line Expandable Cordless Phone With Digital Answering System,269.982,3,0.4,40.4973
3786,CA-2017-112487,12/26/2017,12/30/2017,Standard Class,TC-21535,Tracy Collins,Home Office,United States,Columbus,Ohio,43229,East,OFF-BI-10000494,Office Supplies,Binders,Acco Economy Flexible Poly Round Ring Binder,3.132,2,0.7,-2.61
3792,CA-2015-111325,2/27/2015,2/28/2015,First Class,BT-11395,Bill Tyler,Corporate,United States,Altoona,Pennsylvania,16602,East,OFF-BI-10000343,Office Supplies,Binders,"Pressboard Covers with Storage Hooks, 9 1/2"" x 11"", Light Blue",4.419,3,0.7,-3.3879
3793,CA-2015-111325,2/27/2015,2/28/2015,First Class,BT-11395,Bill Tyler,Corporate,United States,Altoona,Pennsylvania,16602,East,OFF-AR-10002257,Office Supplies,Art,"Eldon Spacemaker Box, Quick-Snap Lid, Clear",16.032,6,0.2,2.2044
3794,CA-2015-163762,11/27/2015,12/1/2015,Standard Class,JE-15475,Jeremy Ellison,Consumer,United States,New York City,New York,10024,East,OFF-AR-10001915,Office Supplies,Art,Peel-Off China Markers,29.79,3,0.0,12.5118
3820,CA-2017-141873,10/9/2017,10/14/2017,Standard Class,HG-14845,Harry Greene,Consumer,United States,New York City,New York,10024,East,OFF-BI-10001031,Office Supplies,Binders,Pressboard Data Binders by Wilson Jones,12.816,3,0.2,4.3254
3821,CA-2017-141873,10/9/2017,10/14/2017,Standard Class,HG-14845,Harry Greene,Consumer,United States,New York City,New York,10024,East,FUR-BO-10003034,Furniture,Bookcases,"O'Sullivan Elevations Bookcase, Cherry Finish",314.352,3,0.2,-15.7176
3822,CA-2017-141873,10/9/2017,10/14/2017,Standard Class,HG-14845,Harry Greene,Consumer,United States,New York City,New York,10024,East,OFF-PA-10000069,Office Supplies,Paper,"TOPS 4 x 6 Fluorescent Color Memo Sheets, 500 Sheets per Pack",18.98,2,0.0,8.9206
3823,CA-2017-141873,10/9/2017,10/14/2017,Standard Class,HG-14845,Harry Greene,Consumer,United States,New York City,New York,10024,East,OFF-BI-10003655,Office Supplies,Binders,Durable Pressboard Binders,18.24,6,0.2,6.156
3824,CA-2015-140984,9/14/2015,9/18/2015,Standard Class,CC-12685,Craig Carroll,Consumer,United States,New York City,New York,10011,East,OFF-ST-10000585,Office Supplies,Storage,Economy Rollaway Files,991.2,6,0.0,257.712
3825,CA-2015-140984,9/14/2015,9/18/2015,Standard Class,CC-12685,Craig Carroll,Consumer,United States,New York City,New York,10011,East,TEC-CO-10001571,Technology,Copiers,Sharp 1540cs Digital Laser Copier,879.984,2,0.2,329.994
3826,CA-2015-140984,9/14/2015,9/18/2015,Standard Class,CC-12685,Craig Carroll,Consumer,United States,New York City,New York,10011,East,OFF-BI-10002012,Office Supplies,Binders,Wilson Jones Easy Flow II Sheet Lifters,12.96,9,0.2,4.536
3832,US-2015-111927,11/14/2015,11/19/2015,Standard Class,LS-17230,Lycoris Saunders,Consumer,United States,Dover,Delaware,19901,East,FUR-FU-10004017,Furniture,Furnishings,"Executive Impressions 13"" Chairman Wall Clock",76.14,3,0.0,26.649
3833,US-2015-111927,11/14/2015,11/19/2015,Standard Class,LS-17230,Lycoris Saunders,Consumer,United States,Dover,Delaware,19901,East,OFF-BI-10002571,Office Supplies,Binders,"Avery Framed View Binder, EZD Ring (Locking), Navy, 1 1/2""",19.96,2,0.0,9.3812
3834,CA-2014-105984,11/24/2014,11/24/2014,Same Day,MY-18295,Muhammed Yedwab,Corporate,United States,Columbus,Ohio,43229,East,TEC-PH-10000560,Technology,Phones,Samsung Galaxy S III - 16GB - pebble blue (T-Mobile),1049.97,5,0.4,-209.994
3835,CA-2014-105984,11/24/2014,11/24/2014,Same Day,MY-18295,Muhammed Yedwab,Corporate,United States,Columbus,Ohio,43229,East,FUR-CH-10000847,Furniture,Chairs,Global Executive Mid-Back Manager's Chair,611.058,3,0.3,-34.9176
3852,CA-2015-127593,9/21/2015,9/21/2015,Same Day,DH-13675,Duane Huffman,Home Office,United States,Quincy,Massachusetts,2169,East,FUR-FU-10004006,Furniture,Furnishings,"Deflect-o DuraMat Lighweight, Studded, Beveled Mat for Low Pile Carpeting",85.3,2,0.0,14.501
3862,CA-2014-135755,5/3/2014,5/10/2014,Standard Class,NC-18415,Nathan Cano,Consumer,United States,Yonkers,New York,10701,East,OFF-BI-10004828,Office Supplies,Binders,GBC Poly Designer Binding Covers,40.176,3,0.2,14.5638
3863,CA-2014-135755,5/3/2014,5/10/2014,Standard Class,NC-18415,Nathan Cano,Consumer,United States,Yonkers,New York,10701,East,OFF-BI-10003981,Office Supplies,Binders,"Avery Durable Plastic 1"" Binders",10.896,3,0.2,3.9498
3900,CA-2017-157980,12/7/2017,12/9/2017,First Class,SH-20395,Shahid Hopkins,Consumer,United States,Toledo,Ohio,43615,East,TEC-AC-10002567,Technology,Accessories,Logitech G602 Wireless Gaming Mouse,127.984,2,0.2,25.5968
3902,CA-2015-151043,11/14/2015,11/20/2015,Standard Class,MG-17680,Maureen Gastineau,Home Office,United States,Philadelphia,Pennsylvania,19143,East,TEC-AC-10001090,Technology,Accessories,Micro Innovations Wireless Classic Keyboard with Mouse,47.984,2,0.2,-1.1996
3904,CA-2015-167010,4/5/2015,4/10/2015,Standard Class,VT-21700,Valerie Takahito,Home Office,United States,Philadelphia,Pennsylvania,19143,East,OFF-AP-10004036,Office Supplies,Appliances,Bionaire 99.97% HEPA Air Cleaner,98.112,7,0.2,18.396
3905,CA-2015-167010,4/5/2015,4/10/2015,Standard Class,VT-21700,Valerie Takahito,Home Office,United States,Philadelphia,Pennsylvania,19143,East,OFF-ST-10003816,Office Supplies,Storage,Fellowes High-Stak Drawer Files,563.808,4,0.2,21.1428
3906,CA-2015-167010,4/5/2015,4/10/2015,Standard Class,VT-21700,Valerie Takahito,Home Office,United States,Philadelphia,Pennsylvania,19143,East,OFF-BI-10002072,Office Supplies,Binders,Cardinal Slant-D Ring Binders,10.428,4,0.7,-6.952
3907,CA-2015-167010,4/5/2015,4/10/2015,Standard Class,VT-21700,Valerie Takahito,Home Office,United States,Philadelphia,Pennsylvania,19143,East,FUR-FU-10001468,Furniture,Furnishings,Tenex Antistatic Computer Chair Mats,547.136,4,0.2,-68.392
3908,CA-2015-167010,4/5/2015,4/10/2015,Standard Class,VT-21700,Valerie Takahito,Home Office,United States,Philadelphia,Pennsylvania,19143,East,TEC-PH-10000347,Technology,Phones,Cush Cases Heavy Duty Rugged Cover Case for Samsung Galaxy S5 - Purple,14.85,5,0.4,-3.2175
3909,CA-2015-167010,4/5/2015,4/10/2015,Standard Class,VT-21700,Valerie Takahito,Home Office,United States,Philadelphia,Pennsylvania,19143,East,TEC-PH-10002844,Technology,Phones,Speck Products Candyshell Flip Case,41.988,2,0.4,-9.7972
3910,CA-2015-167010,4/5/2015,4/10/2015,Standard Class,VT-21700,Valerie Takahito,Home Office,United States,Philadelphia,Pennsylvania,19143,East,FUR-FU-10001037,Furniture,Furnishings,"DAX Charcoal/Nickel-Tone Document Frame, 5 x 7",7.584,1,0.2,2.37
3911,CA-2015-167010,4/5/2015,4/10/2015,Standard Class,VT-21700,Valerie Takahito,Home Office,United States,Philadelphia,Pennsylvania,19143,East,FUR-BO-10004218,Furniture,Bookcases,"Bush Heritage Pine Collection 5-Shelf Bookcase, Albany Pine Finish, *Special Order",352.45,5,0.5,-211.47
3913,CA-2017-148068,9/18/2017,9/25/2017,Standard Class,MM-18280,Muhammed MacIntyre,Corporate,United States,New York City,New York,10035,East,OFF-PA-10001639,Office Supplies,Paper,Xerox 203,19.44,3,0.0,9.3312
3914,CA-2017-148068,9/18/2017,9/25/2017,Standard Class,MM-18280,Muhammed MacIntyre,Corporate,United States,New York City,New York,10035,East,FUR-FU-10002268,Furniture,Furnishings,Ultra Door Push Plate,9.82,2,0.0,3.2406
3932,CA-2016-132094,8/26/2016,9/2/2016,Standard Class,VG-21805,Vivek Grady,Corporate,United States,Philadelphia,Pennsylvania,19140,East,OFF-AR-10004165,Office Supplies,Art,"Binney & Smith inkTank Erasable Pocket Highlighter, Chisel Tip, Yellow",5.472,3,0.2,1.6416
3933,CA-2016-132094,8/26/2016,9/2/2016,Standard Class,VG-21805,Vivek Grady,Corporate,United States,Philadelphia,Pennsylvania,19140,East,TEC-AC-10001109,Technology,Accessories,Logitech Trackman Marble Mouse,47.984,2,0.2,13.1956
3941,CA-2017-117863,5/18/2017,5/23/2017,Standard Class,TS-21340,Toby Swindell,Consumer,United States,New York City,New York,10024,East,FUR-FU-10002456,Furniture,Furnishings,"Master Caster Door Stop, Large Neon Orange",14.56,2,0.0,6.2608
3942,CA-2017-117863,5/18/2017,5/23/2017,Standard Class,TS-21340,Toby Swindell,Consumer,United States,New York City,New York,10024,East,OFF-BI-10000605,Office Supplies,Binders,"Acco Pressboard Covers with Storage Hooks, 9 1/2"" x 11"", Executive Red",3.048,1,0.2,1.0287
3944,US-2016-142685,6/23/2016,6/30/2016,Standard Class,MG-17695,Maureen Gnade,Consumer,United States,Buffalo,New York,14215,East,OFF-SU-10000157,Office Supplies,Supplies,Compact Automatic Electric Letter Opener,835.17,7,0.0,16.7034
3952,CA-2014-121167,11/28/2014,11/30/2014,Second Class,MO-17500,Mary O'Rourke,Consumer,United States,Freeport,New York,11520,East,OFF-BI-10003676,Office Supplies,Binders,"GBC Standard Recycled Report Covers, Clear Plastic Sheets",17.248,2,0.2,6.0368
3954,CA-2017-152961,1/15/2017,1/19/2017,Standard Class,SC-20095,Sanjit Chand,Consumer,United States,Quincy,Massachusetts,2169,East,OFF-PA-10004675,Office Supplies,Paper,"Telephone Message Books with Fax/Mobile Section, 5 1/2"" x 3 3/16""",12.7,2,0.0,5.842
3965,CA-2016-120257,9/22/2016,9/28/2016,Standard Class,PW-19240,Pierre Wener,Consumer,United States,Philadelphia,Pennsylvania,19140,East,OFF-AR-10003481,Office Supplies,Art,Newell 348,7.872,3,0.2,0.8856
3967,CA-2016-149902,4/1/2016,4/6/2016,Standard Class,DW-13540,Don Weiss,Consumer,United States,New York City,New York,10024,East,OFF-AR-10002956,Office Supplies,Art,Boston 16801 Nautilus Battery Pencil Sharpener,88.04,4,0.0,22.8904
3973,CA-2016-167556,3/29/2016,4/2/2016,Standard Class,JM-15250,Janet Martin,Consumer,United States,New York City,New York,10009,East,OFF-PA-10000466,Office Supplies,Paper,"Memo Book, 100 Message Capacity, 5 3/8 x 11",13.48,2,0.0,6.74
3974,CA-2016-167556,3/29/2016,4/2/2016,Standard Class,JM-15250,Janet Martin,Consumer,United States,New York City,New York,10009,East,OFF-BI-10003708,Office Supplies,Binders,"Acco Four Pocket Poly Ring Binder with Label Holder, Smoke, 1""",29.8,5,0.2,9.3125
3975,CA-2016-167556,3/29/2016,4/2/2016,Standard Class,JM-15250,Janet Martin,Consumer,United States,New York City,New York,10009,East,FUR-FU-10004848,Furniture,Furnishings,"Howard Miller 13-3/4"" Diameter Brushed Chrome Round Wall Clock",414.0,8,0.0,124.2
3976,CA-2016-167556,3/29/2016,4/2/2016,Standard Class,JM-15250,Janet Martin,Consumer,United States,New York City,New York,10009,East,OFF-BI-10000320,Office Supplies,Binders,GBC Plastic Binding Combs,41.328,7,0.2,14.9814
3980,CA-2014-114517,12/23/2014,12/27/2014,Standard Class,TH-21235,Tiffany House,Corporate,United States,New York City,New York,10024,East,FUR-TA-10001676,Furniture,Tables,Hon 61000 Series Interactive Training Tables,53.316,2,0.4,-19.5492
3981,CA-2014-114517,12/23/2014,12/27/2014,Standard Class,TH-21235,Tiffany House,Corporate,United States,New York City,New York,10024,East,OFF-AP-10002350,Office Supplies,Appliances,Belkin F9H710-06 7 Outlet SurgeMaster Surge Protector,56.52,3,0.0,15.8256
3987,CA-2017-112333,4/8/2017,4/14/2017,Standard Class,KF-16285,Karen Ferguson,Home Office,United States,Plainfield,New Jersey,7060,East,OFF-ST-10001780,Office Supplies,Storage,Tennsco 16-Compartment Lockers with Coat Rack,2591.56,4,0.0,621.9744
3988,CA-2017-112333,4/8/2017,4/14/2017,Standard Class,KF-16285,Karen Ferguson,Home Office,United States,Plainfield,New Jersey,7060,East,OFF-AP-10001962,Office Supplies,Appliances,Black & Decker Filter for Double Action Dustbuster Cordless Vac BLDV7210,41.95,5,0.0,10.4875
3990,CA-2014-122588,11/25/2014,11/27/2014,Second Class,AR-10540,Andy Reiter,Consumer,United States,Woonsocket,Rhode Island,2895,East,FUR-FU-10001095,Furniture,Furnishings,DAX Black Cherry Wood-Tone Poster Frame,52.96,2,0.0,20.1248
3991,CA-2014-137589,11/3/2014,11/8/2014,Standard Class,MS-17770,Maxwell Schwartz,Consumer,United States,Lancaster,Pennsylvania,17602,East,OFF-SU-10000157,Office Supplies,Supplies,Compact Automatic Electric Letter Opener,286.344,3,0.2,-64.4274
4011,CA-2017-100811,11/21/2017,11/24/2017,First Class,CC-12475,Cindy Chapman,Consumer,United States,Philadelphia,Pennsylvania,19143,East,OFF-PA-10001204,Office Supplies,Paper,Xerox 1972,8.448,2,0.2,2.64
4012,CA-2017-100811,11/21/2017,11/24/2017,First Class,CC-12475,Cindy Chapman,Consumer,United States,Philadelphia,Pennsylvania,19143,East,OFF-ST-10002444,Office Supplies,Storage,Recycled Eldon Regeneration Jumbo File,39.296,4,0.2,3.9296
4021,CA-2014-154963,6/22/2014,6/27/2014,Standard Class,AA-10645,Anna Andreadi,Consumer,United States,Chester,Pennsylvania,19013,East,FUR-CH-10004698,Furniture,Chairs,"Padded Folding Chairs, Black, 4/Carton",170.058,3,0.3,-4.8588
4022,CA-2014-154963,6/22/2014,6/27/2014,Standard Class,AA-10645,Anna Andreadi,Consumer,United States,Chester,Pennsylvania,19013,East,TEC-PH-10004093,Technology,Phones,Panasonic Kx-TS550,82.782,3,0.4,-15.1767
4023,CA-2014-154963,6/22/2014,6/27/2014,Standard Class,AA-10645,Anna Andreadi,Consumer,United States,Chester,Pennsylvania,19013,East,FUR-CH-10000454,Furniture,Chairs,"Hon Deluxe Fabric Upholstered Stacking Chairs, Rounded Back",853.93,5,0.3,0.0
4035,US-2016-108777,12/12/2016,12/12/2016,Same Day,JM-15655,Jim Mitchum,Corporate,United States,Lorain,Ohio,44052,East,OFF-BI-10003982,Office Supplies,Binders,Wilson Jones Century Plastic Molded Ring Binders,18.693,3,0.7,-14.3313
4036,US-2016-108777,12/12/2016,12/12/2016,Same Day,JM-15655,Jim Mitchum,Corporate,United States,Lorain,Ohio,44052,East,TEC-AC-10002567,Technology,Accessories,Logitech G602 Wireless Gaming Mouse,383.952,6,0.2,76.7904
4048,US-2015-166520,7/16/2015,7/19/2015,First Class,KE-16420,Katrina Edelman,Corporate,United States,New York City,New York,10035,East,OFF-PA-10000501,Office Supplies,Paper,Petty Cash Envelope,80.88,3,0.0,39.6312
4049,US-2015-166520,7/16/2015,7/19/2015,First Class,KE-16420,Katrina Edelman,Corporate,United States,New York City,New York,10035,East,TEC-AC-10001990,Technology,Accessories,Kensington Orbit Wireless Mobile Trackball for PC and Mac,599.9,10,0.0,191.968
4050,CA-2017-136350,6/24/2017,6/26/2017,Second Class,GA-14515,George Ashbrook,Consumer,United States,New York City,New York,10011,East,FUR-FU-10003601,Furniture,Furnishings,"Deflect-o RollaMat Studded, Beveled Mat for Medium Pile Carpeting",276.69,3,0.0,49.8042
4051,CA-2017-136350,6/24/2017,6/26/2017,Second Class,GA-14515,George Ashbrook,Consumer,United States,New York City,New York,10011,East,FUR-CH-10001891,Furniture,Chairs,Global Deluxe Office Fabric Chairs,172.764,2,0.1,32.6332
4052,CA-2014-122931,9/29/2014,10/3/2014,Standard Class,SM-20950,Suzanne McNair,Corporate,United States,Philadelphia,Pennsylvania,19134,East,OFF-AR-10003469,Office Supplies,Art,Nontoxic Chalk,4.224,3,0.2,1.4784
4053,CA-2014-122931,9/29/2014,10/3/2014,Standard Class,SM-20950,Suzanne McNair,Corporate,United States,Philadelphia,Pennsylvania,19134,East,FUR-TA-10004175,Furniture,Tables,"Hon 30"" x 60"" Table with Locking Drawer",409.272,2,0.4,-81.8544
4054,CA-2014-122931,9/29/2014,10/3/2014,Standard Class,SM-20950,Suzanne McNair,Corporate,United States,Philadelphia,Pennsylvania,19134,East,OFF-LA-10002945,Office Supplies,Labels,"Permanent Self-Adhesive File Folder Labels for Typewriters, 1 1/8 x 3 1/2, White",55.44,11,0.2,18.018
4055,CA-2014-122931,9/29/2014,10/3/2014,Standard Class,SM-20950,Suzanne McNair,Corporate,United States,Philadelphia,Pennsylvania,19134,East,OFF-PA-10000533,Office Supplies,Paper,Southworth Parchment Paper & Envelopes,20.928,4,0.2,6.8016
4056,CA-2014-122931,9/29/2014,10/3/2014,Standard Class,SM-20950,Suzanne McNair,Corporate,United States,Philadelphia,Pennsylvania,19134,East,OFF-ST-10004459,Office Supplies,Storage,Tennsco Single-Tier Lockers,1801.632,6,0.2,-337.806
4057,CA-2014-122931,9/29/2014,10/3/2014,Standard Class,SM-20950,Suzanne McNair,Corporate,United States,Philadelphia,Pennsylvania,19134,East,FUR-TA-10004147,Furniture,Tables,Hon 4060 Series Tables,67.176,1,0.4,-20.1528
4063,US-2016-122182,3/10/2016,3/14/2016,Standard Class,BD-11770,Bryan Davis,Consumer,United States,Philadelphia,Pennsylvania,19143,East,TEC-AC-10002800,Technology,Accessories,Plantronics Audio 478 Stereo USB Headset,39.992,1,0.2,7.4985
4090,CA-2016-161473,4/1/2016,4/5/2016,Standard Class,TB-21175,Thomas Boland,Corporate,United States,New York City,New York,10035,East,OFF-LA-10001297,Office Supplies,Labels,Avery 473,20.7,2,0.0,9.936
4091,CA-2016-161473,4/1/2016,4/5/2016,Standard Class,TB-21175,Thomas Boland,Corporate,United States,New York City,New York,10035,East,OFF-SU-10001574,Office Supplies,Supplies,Acme Value Line Scissors,10.95,3,0.0,3.285
4092,CA-2016-161473,4/1/2016,4/5/2016,Standard Class,TB-21175,Thomas Boland,Corporate,United States,New York City,New York,10035,East,OFF-BI-10003305,Office Supplies,Binders,Avery Hanging File Binders,14.352,3,0.2,4.6644
4093,CA-2017-166576,5/16/2017,5/18/2017,First Class,JM-15865,John Murray,Consumer,United States,Akron,Ohio,44312,East,OFF-ST-10002574,Office Supplies,Storage,"SAFCO Commercial Wire Shelving, Black",221.024,2,0.2,-55.256
4108,CA-2015-105599,9/7/2015,9/7/2015,Same Day,MC-17275,Marc Crier,Consumer,United States,New York City,New York,10011,East,OFF-ST-10002486,Office Supplies,Storage,Eldon Shelf Savers Cubes and Bins,13.96,2,0.0,0.2792
4109,CA-2015-105599,9/7/2015,9/7/2015,Same Day,MC-17275,Marc Crier,Consumer,United States,New York City,New York,10011,East,FUR-TA-10003837,Furniture,Tables,Anderson Hickey Conga Table Tops & Accessories,27.414,3,0.4,-14.1639
4121,CA-2017-117394,9/4/2017,9/10/2017,Standard Class,MM-17920,Michael Moore,Consumer,United States,Philadelphia,Pennsylvania,19120,East,TEC-AC-10000199,Technology,Accessories,Kingston Digital DataTraveler 8GB USB 2.0,19.04,4,0.2,-1.428
4125,CA-2014-127523,5/11/2014,5/18/2014,Standard Class,BG-11695,Brooke Gillingham,Corporate,United States,Watertown,New York,13601,East,OFF-AP-10004249,Office Supplies,Appliances,Staple holder,35.91,3,0.0,9.6957
4140,CA-2017-127313,12/1/2017,12/4/2017,First Class,RA-19285,Ralph Arnett,Consumer,United States,Philadelphia,Pennsylvania,19120,East,OFF-ST-10001228,Office Supplies,Storage,Personal File Boxes with Fold-Down Carry Handle,37.392,3,0.2,2.337
4141,CA-2017-127313,12/1/2017,12/4/2017,First Class,RA-19285,Ralph Arnett,Consumer,United States,Philadelphia,Pennsylvania,19120,East,FUR-FU-10003798,Furniture,Furnishings,"Ultra Door Kickplate, 8""H x 34""W",79.12,5,0.2,13.846
4147,CA-2015-136196,11/28/2015,12/4/2015,Standard Class,TP-21415,Tom Prescott,Consumer,United States,Freeport,New York,11520,East,FUR-FU-10004017,Furniture,Furnishings,"Tenex Contemporary Contur Chairmats for Low and Medium Pile Carpet, Computer, 39"" x 49""",322.59,3,0.0,64.518
4152,CA-2017-100160,9/7/2017,9/11/2017,Standard Class,CB-12025,Cassandra Brandow,Consumer,United States,Philadelphia,Pennsylvania,19134,East,OFF-LA-10002475,Office Supplies,Labels,Avery 519,29.24,5,0.2,9.8685
4153,CA-2017-100160,9/7/2017,9/11/2017,Standard Class,CB-12025,Cassandra Brandow,Consumer,United States,Philadelphia,Pennsylvania,19134,East,OFF-PA-10003072,Office Supplies,Paper,"Eureka Recycled Copy Paper 8 1/2"" x 11"", Ream",15.552,3,0.2,5.4432
4154,CA-2017-100160,9/7/2017,9/11/2017,Standard Class,CB-12025,Cassandra Brandow,Consumer,United States,Philadelphia,Pennsylvania,19134,East,OFF-EN-10001509,Office Supplies,Envelopes,Poly String Tie Envelopes,4.896,3,0.2,1.6524
4157,CA-2015-101091,12/5/2015,12/9/2015,Second Class,SW-20245,Scot Wooten,Consumer,United States,Philadelphia,Pennsylvania,19140,East,TEC-AC-10003280,Technology,Accessories,Belkin F8E887 USB Wired Ergonomic Keyboard,47.984,2,0.2,0.5998
4158,CA-2015-101091,12/5/2015,12/9/2015,Second Class,SW-20245,Scot Wooten,Consumer,United States,Philadelphia,Pennsylvania,19140,East,OFF-BI-10001107,Office Supplies,Binders,"GBC White Gloss Covers, Plain Front",26.064,6,0.7,-19.9824
4161,CA-2017-115546,5/14/2017,5/18/2017,Standard Class,AH-10465,Amy Hunt,Consumer,United States,New York City,New York,10035,East,TEC-PH-10002834,Technology,Phones,Google Nexus 5,539.97,3,0.0,134.9925
4162,CA-2017-115546,5/14/2017,5/18/2017,Standard Class,AH-10465,Amy Hunt,Consumer,United States,New York City,New York,10035,East,OFF-ST-10002214,Office Supplies,Storage,X-Rack File for Hanging Folders,22.58,2,0.0,5.8708
4163,CA-2015-163587,3/14/2015,3/18/2015,Standard Class,EP-13915,Emily Phan,Consumer,United States,Dover,New Hampshire,3820,East,OFF-LA-10004484,Office Supplies,Labels,Avery 476,16.52,4,0.0,7.5992
4164,CA-2015-163587,3/14/2015,3/18/2015,Standard Class,EP-13915,Emily Phan,Consumer,United States,Dover,New Hampshire,3820,East,OFF-BI-10003091,Office Supplies,Binders,GBC DocuBind TL200 Manual Binding Machine,671.94,3,0.0,315.8118
4167,CA-2015-160213,3/8/2015,3/13/2015,Standard Class,AR-10825,Anthony Rawles,Corporate,United States,Long Beach,New York,11561,East,OFF-PA-10003848,Office Supplies,Paper,Xerox 1997,19.44,3,0.0,9.3312
4182,US-2017-136868,10/6/2017,10/12/2017,Standard Class,CR-12820,Cyra Reiten,Home Office,United States,New York City,New York,10035,East,TEC-AC-10001539,Technology,Accessories,Logitech G430 Surround Sound Gaming Headset with Dolby 7.1 Technology,319.96,4,0.0,115.1856
4183,US-2017-136868,10/6/2017,10/12/2017,Standard Class,CR-12820,Cyra Reiten,Home Office,United States,New York City,New York,10035,East,OFF-PA-10002377,Office Supplies,Paper,"Adams Telephone Message Book W/Dividers/Space For Phone Numbers, 5 1/4""X8 1/2"", 200/Messages",17.04,3,0.0,7.668
4184,US-2017-136868,10/6/2017,10/12/2017,Standard Class,CR-12820,Cyra Reiten,Home Office,United States,New York City,New York,10035,East,OFF-ST-10000991,Office Supplies,Storage,Space Solutions HD Industrial Steel Shelving.,344.91,3,0.0,10.3473
4185,CA-2016-143749,12/5/2016,12/7/2016,First Class,AG-10300,Aleksandra Gannaway,Corporate,United States,Franklin,Massachusetts,2038,East,FUR-BO-10002853,Furniture,Bookcases,O'Sullivan 5-Shelf Heavy-Duty Bookcases,81.94,1,0.0,20.485
4186,CA-2016-111493,10/21/2016,10/22/2016,First Class,CM-12160,Charles McCrossin,Consumer,United States,Baltimore,Maryland,21215,East,TEC-AC-10004510,Technology,Accessories,Logitech Desktop MK120 Mouse and keyboard Combo,98.16,6,0.0,9.816
4191,CA-2017-166709,11/17/2017,11/22/2017,Standard Class,HL-15040,Hunter Lopez,Consumer,United States,Newark,Delaware,19711,East,TEC-CO-10004722,Technology,Copiers,Canon imageCLASS 2200 Advanced Copier,10499.97,3,0.0,5039.9856
4197,US-2015-134271,4/18/2015,4/23/2015,Second Class,RF-19735,Roland Fjeld,Consumer,United States,New York City,New York,10024,East,OFF-LA-10004093,Office Supplies,Labels,Avery 486,21.93,3,0.0,10.3071
4198,US-2016-161683,12/3/2016,12/8/2016,Standard Class,CJ-12010,Caroline Jumper,Consumer,United States,Philadelphia,Pennsylvania,19134,East,OFF-AP-10000179,Office Supplies,Appliances,Honeywell Enviracaire Portable HEPA Air Cleaner for up to 10 x 16 Room,394.816,4,0.2,93.7688
4199,US-2016-161683,12/3/2016,12/8/2016,Standard Class,CJ-12010,Caroline Jumper,Consumer,United States,Philadelphia,Pennsylvania,19134,East,OFF-BI-10001072,Office Supplies,Binders,"GBC Clear Cover, 8-1/2 x 11, unpunched, 25 covers per pack",18.192,4,0.7,-14.5536
4200,CA-2015-143105,12/10/2015,12/10/2015,Same Day,MA-17560,Matt Abelman,Home Office,United States,New York City,New York,10024,East,OFF-LA-10004093,Office Supplies,Labels,Avery 486,7.31,1,0.0,3.4357
4201,CA-2015-143105,12/10/2015,12/10/2015,Same Day,MA-17560,Matt Abelman,Home Office,United States,New York City,New York,10024,East,TEC-CO-10002095,Technology,Copiers,Hewlett Packard 610 Color Digital Copier / Printer,799.984,2,0.2,249.995
4202,CA-2015-143105,12/10/2015,12/10/2015,Same Day,MA-17560,Matt Abelman,Home Office,United States,New York City,New York,10024,East,OFF-PA-10002713,Office Supplies,Paper,"Adams Phone Message Book, 200 Message Capacity, 8 1/16 x 11",41.28,6,0.0,18.9888
4203,CA-2015-143105,12/10/2015,12/10/2015,Same Day,MA-17560,Matt Abelman,Home Office,United States,New York City,New York,10024,East,OFF-PA-10002254,Office Supplies,Paper,Xerox 1883,184.66,7,0.0,84.9436
4204,CA-2014-145387,10/31/2014,11/2/2014,Second Class,AM-10705,Anne McFarland,Consumer,United States,Cranston,Rhode Island,2920,East,OFF-AR-10001683,Office Supplies,Art,Lumber Crayons,49.25,5,0.0,18.715
4205,CA-2014-145387,10/31/2014,11/2/2014,Second Class,AM-10705,Anne McFarland,Consumer,United States,Cranston,Rhode Island,2920,East,OFF-PA-10002195,Office Supplies,Paper,"RSVP Cards & Envelopes, Blank White, 8-1/2"" X 11"", 24 Cards/25 Envelopes/Set",10.16,2,0.0,4.7752
4206,CA-2014-145387,10/31/2014,11/2/2014,Second Class,AM-10705,Anne McFarland,Consumer,United States,Cranston,Rhode Island,2920,East,FUR-FU-10002364,Furniture,Furnishings,"Eldon Expressions Wood Desk Accessories, Oak",14.76,2,0.0,4.2804
4207,CA-2014-145387,10/31/2014,11/2/2014,Second Class,AM-10705,Anne McFarland,Consumer,United States,Cranston,Rhode Island,2920,East,OFF-BI-10004001,Office Supplies,Binders,GBC Recycled VeloBinder Covers,34.08,2,0.0,15.6768
4208,CA-2014-145387,10/31/2014,11/2/2014,Second Class,AM-10705,Anne McFarland,Consumer,United States,Cranston,Rhode Island,2920,East,FUR-FU-10000023,Furniture,Furnishings,Eldon Wave Desk Accessories,17.67,3,0.0,7.7748
4209,CA-2014-145387,10/31/2014,11/2/2014,Second Class,AM-10705,Anne McFarland,Consumer,United States,Cranston,Rhode Island,2920,East,FUR-CH-10002320,Furniture,Chairs,Hon Pagoda Stacking Chairs,1604.9,5,0.0,481.47
4210,CA-2014-145387,10/31/2014,11/2/2014,Second Class,AM-10705,Anne McFarland,Consumer,United States,Cranston,Rhode Island,2920,East,FUR-TA-10003238,Furniture,Tables,"Chromcraft Bull-Nose Wood 48"" x 96"" Rectangular Conference Tables",385.686,1,0.3,-60.6078
4216,CA-2014-103590,11/30/2014,12/4/2014,Standard Class,JL-15505,Jeremy Lonsdale,Consumer,United States,Mount Vernon,New York,10550,East,OFF-EN-10004007,Office Supplies,Envelopes,Park Ridge Embossed Executive Business Envelopes,62.28,4,0.0,29.2716
4235,CA-2014-168823,9/21/2014,9/24/2014,First Class,MA-17560,Matt Abelman,Home Office,United States,Philadelphia,Pennsylvania,19143,East,OFF-PA-10004000,Office Supplies,Paper,"While You Were Out Pads, 50 per Pad, 4 x 5 1/4, Green Cycle",11.352,3,0.2,4.1151
4236,CA-2014-168823,9/21/2014,9/24/2014,First Class,MA-17560,Matt Abelman,Home Office,United States,Philadelphia,Pennsylvania,19143,East,OFF-LA-10004425,Office Supplies,Labels,Staple-on labels,20.808,9,0.2,7.0227
4238,CA-2017-104024,8/29/2017,9/3/2017,Second Class,MD-17860,Michael Dominguez,Corporate,United States,Philadelphia,Pennsylvania,19134,East,OFF-AR-10001972,Office Supplies,Art,Newell 323,9.408,7,0.2,0.7056
4246,CA-2017-117702,11/28/2017,12/4/2017,Standard Class,LS-16975,Lindsay Shagiari,Home Office,United States,Baltimore,Maryland,21215,East,OFF-AR-10004582,Office Supplies,Art,BIC Brite Liner Grip Highlighters,1.64,1,0.0,0.738
4247,CA-2017-117702,11/28/2017,12/4/2017,Standard Class,LS-16975,Lindsay Shagiari,Home Office,United States,Baltimore,Maryland,21215,East,FUR-FU-10000576,Furniture,Furnishings,Luxo Professional Fluorescent Magnifier Lamp with Clamp-Mount Base,1049.2,5,0.0,272.792
4248,CA-2017-117702,11/28/2017,12/4/2017,Standard Class,LS-16975,Lindsay Shagiari,Home Office,United States,Baltimore,Maryland,21215,East,FUR-FU-10004270,Furniture,Furnishings,"Eldon Image Series Desk Accessories, Burgundy",20.9,5,0.0,7.524
4249,CA-2016-157336,12/1/2016,12/5/2016,Second Class,SJ-20500,Shirley Jackson,Consumer,United States,Fairfield,Connecticut,6824,East,OFF-BI-10004236,Office Supplies,Binders,"XtraLife ClearVue Slant-D Ring Binder, White, 3""",88.08,6,0.0,40.5168
4250,CA-2016-157336,12/1/2016,12/5/2016,Second Class,SJ-20500,Shirley Jackson,Consumer,United States,Fairfield,Connecticut,6824,East,FUR-CH-10004997,Furniture,Chairs,Hon Every-Day Series Multi-Task Chairs,751.92,4,0.0,150.384
4251,CA-2014-168130,9/19/2014,9/19/2014,Same Day,BS-11365,Bill Shonely,Corporate,United States,New York City,New York,10011,East,FUR-CH-10000988,Furniture,Chairs,Hon Olson Stacker Stools,887.103,7,0.1,177.4206
4260,CA-2017-118367,10/28/2017,11/2/2017,Second Class,LO-17170,Lori Olson,Corporate,United States,New York City,New York,10035,East,OFF-EN-10004386,Office Supplies,Envelopes,"Recycled Interoffice Envelopes with String and Button Closure, 10 x 13",47.98,2,0.0,23.99
4261,CA-2017-164819,10/15/2017,10/19/2017,Second Class,RS-19420,Ricardo Sperren,Corporate,United States,Fairfield,Connecticut,6824,East,OFF-LA-10001045,Office Supplies,Labels,Permanent Self-Adhesive File Folder Labels for Typewriters by Universal,13.05,5,0.0,6.003
4264,CA-2017-110429,11/3/2017,11/8/2017,Standard Class,DM-13015,Darrin Martin,Consumer,United States,Philadelphia,Pennsylvania,19143,East,OFF-BI-10000216,Office Supplies,Binders,"Mead 1st Gear 2"" Zipper Binder, Asst. Colors",11.673,3,0.7,-7.782
4272,CA-2016-123806,11/24/2016,11/27/2016,Second Class,LA-16780,Laura Armstrong,Corporate,United States,Baltimore,Maryland,21215,East,FUR-FU-10000965,Furniture,Furnishings,"Howard Miller 11-1/2"" Diameter Ridgewood Wall Clock",207.76,4,0.0,85.1816
4278,US-2016-107440,4/16/2016,4/20/2016,Standard Class,BS-11365,Bill Shonely,Corporate,United States,Lakewood,New Jersey,8701,East,TEC-MA-10001047,Technology,Machines,"3D Systems Cube Printer, 2nd Generation, Magenta",9099.93,7,0.0,2365.9818
4279,US-2016-107440,4/16/2016,4/20/2016,Standard Class,BS-11365,Bill Shonely,Corporate,United States,Lakewood,New Jersey,8701,East,FUR-FU-10000550,Furniture,Furnishings,Stacking Trays by OIC,9.96,2,0.0,3.2868
4280,US-2016-107440,4/16/2016,4/20/2016,Standard Class,BS-11365,Bill Shonely,Corporate,United States,Lakewood,New Jersey,8701,East,OFF-BI-10002432,Office Supplies,Binders,Wilson Jones Standard D-Ring Binders,25.3,5,0.0,11.891
4281,CA-2014-166989,11/14/2014,11/18/2014,Standard Class,RM-19675,Robert Marley,Home Office,United States,New York City,New York,10011,East,OFF-PA-10004470,Office Supplies,Paper,"Adams Write n' Stick Phone Message Book, 11"" X 5 1/4"", 200 Messages",11.36,2,0.0,5.2256
4282,CA-2014-166989,11/14/2014,11/18/2014,Standard Class,RM-19675,Robert Marley,Home Office,United States,New York City,New York,10011,East,FUR-CH-10001797,Furniture,Chairs,"Safco Chair Connectors, 6/Carton",69.264,2,0.1,14.6224
4294,CA-2017-130967,3/10/2017,3/16/2017,Standard Class,EB-13870,Emily Burns,Consumer,United States,Philadelphia,Pennsylvania,19140,East,TEC-PH-10004896,Technology,Phones,Nokia Lumia 521 (T-Mobile),53.982,3,0.4,-10.7964
4303,CA-2014-123253,8/22/2014,8/25/2014,Second Class,DE-13255,Deanra Eno,Home Office,United States,Lakewood,Ohio,44107,East,OFF-AR-10002804,Office Supplies,Art,Faber Castell Col-Erase Pencils,3.912,1,0.2,1.0269
4314,CA-2014-123127,9/8/2014,9/12/2014,Standard Class,SP-20620,Stefania Perrino,Corporate,United States,Long Beach,New York,11561,East,OFF-AP-10001962,Office Supplies,Appliances,Black & Decker Filter for Double Action Dustbuster Cordless Vac BLDV7210,16.78,2,0.0,4.195
4322,US-2015-147662,2/14/2015,2/19/2015,Standard Class,KB-16315,Karl Braun,Consumer,United States,Akron,Ohio,44312,East,OFF-BI-10001658,Office Supplies,Binders,GBC Standard Therm-A-Bind Covers,14.952,2,0.7,-11.9616
4323,US-2015-147662,2/14/2015,2/19/2015,Standard Class,KB-16315,Karl Braun,Consumer,United States,Akron,Ohio,44312,East,TEC-PH-10002834,Technology,Phones,Google Nexus 5,323.982,3,0.4,-80.9955
4324,US-2015-147662,2/14/2015,2/19/2015,Standard Class,KB-16315,Karl Braun,Consumer,United States,Akron,Ohio,44312,East,OFF-BI-10002160,Office Supplies,Binders,Acco Hanging Data Binders,2.286,2,0.7,-1.6764
4325,US-2015-147662,2/14/2015,2/19/2015,Standard Class,KB-16315,Karl Braun,Consumer,United States,Akron,Ohio,44312,East,OFF-AR-10004999,Office Supplies,Art,Newell 315,14.352,3,0.2,0.897
4326,US-2015-147662,2/14/2015,2/19/2015,Standard Class,KB-16315,Karl Braun,Consumer,United States,Akron,Ohio,44312,East,TEC-AC-10003280,Technology,Accessories,Belkin F8E887 USB Wired Ergonomic Keyboard,71.976,3,0.2,0.8997
4327,CA-2016-153346,1/25/2016,1/27/2016,First Class,TB-21355,Todd Boyes,Corporate,United States,Plainfield,New Jersey,7060,East,OFF-AR-10000315,Office Supplies,Art,"Dixon Ticonderoga Maple Cedar Pencil, #2",9.21,3,0.0,2.3025
4328,CA-2016-153346,1/25/2016,1/27/2016,First Class,TB-21355,Todd Boyes,Corporate,United States,Plainfield,New Jersey,7060,East,OFF-PA-10000007,Office Supplies,Paper,"Telephone Message Books with Fax/Mobile Section, 4 1/4"" x 6""",18.0,5,0.0,8.28
4329,CA-2017-118360,4/1/2017,4/7/2017,Standard Class,JC-15775,John Castell,Consumer,United States,New York City,New York,10011,East,OFF-PA-10000791,Office Supplies,Paper,"Wirebound Message Books, Four 2 3/4 x 5 Forms per Page, 200 Sets per Book",42.93,9,0.0,19.3185
4347,CA-2016-120355,9/18/2016,9/25/2016,Standard Class,MM-17260,Magdelene Morse,Consumer,United States,New Rochelle,New York,10801,East,FUR-CH-10001394,Furniture,Chairs,Global Leather Executive Chair,631.782,2,0.1,140.396
4348,CA-2016-120355,9/18/2016,9/25/2016,Standard Class,MM-17260,Magdelene Morse,Consumer,United States,New Rochelle,New York,10801,East,FUR-FU-10004053,Furniture,Furnishings,DAX Two-Tone Silver Metal Document Frame,60.72,3,0.0,26.1096
4351,US-2017-100482,4/11/2017,4/15/2017,Standard Class,JL-15130,Jack Lebron,Consumer,United States,Lancaster,Ohio,43130,East,OFF-ST-10001325,Office Supplies,Storage,Sterilite Officeware Hinged File Box,16.768,2,0.2,1.4672
4352,US-2017-100482,4/11/2017,4/15/2017,Standard Class,JL-15130,Jack Lebron,Consumer,United States,Lancaster,Ohio,43130,East,TEC-AC-10003441,Technology,Accessories,Kingston Digital DataTraveler 32GB USB 2.0,27.12,2,0.2,-4.746
4361,CA-2016-127642,5/21/2016,5/23/2016,First Class,CP-12340,Christine Phan,Corporate,United States,Warwick,Rhode Island,2886,East,OFF-PA-10000565,Office Supplies,Paper,Easy-staple paper,111.96,2,0.0,54.8604
4375,CA-2016-158575,11/18/2016,11/24/2016,Standard Class,SB-20290,Sean Braxton,Corporate,United States,Kent,Ohio,44240,East,OFF-AP-10002998,Office Supplies,Appliances,Holmes 99% HEPA Air Purifier,103.968,6,0.2,16.8948
4389,CA-2017-111556,11/20/2017,11/22/2017,First Class,CD-11920,Carlos Daly,Consumer,United States,New York City,New York,10035,East,OFF-PA-10003651,Office Supplies,Paper,Xerox 1968,46.76,7,0.0,22.4448
4390,CA-2017-111556,11/20/2017,11/22/2017,First Class,CD-11920,Carlos Daly,Consumer,United States,New York City,New York,10035,East,FUR-BO-10003159,Furniture,Bookcases,"Sauder Camden County Collection Libraries, Planked Cherry Finish",183.968,2,0.2,-25.2956
4391,CA-2017-111556,11/20/2017,11/22/2017,First Class,CD-11920,Carlos Daly,Consumer,United States,New York City,New York,10035,East,TEC-PH-10001459,Technology,Phones,Samsung Galaxy Mega 6.3,1259.97,3,0.0,327.5922
4392,CA-2017-111556,11/20/2017,11/22/2017,First Class,CD-11920,Carlos Daly,Consumer,United States,New York City,New York,10035,East,OFF-AR-10004602,Office Supplies,Art,Boston KS Multi-Size Manual Pencil Sharpener,68.97,3,0.0,19.3116
4395,CA-2014-142965,7/20/2014,7/20/2014,Same Day,SW-20245,Scot Wooten,Consumer,United States,Springfield,Ohio,45503,East,OFF-ST-10002583,Office Supplies,Storage,Fellowes Neat Ideas Storage Cubes,25.984,1,0.2,-5.1968
4396,CA-2014-142965,7/20/2014,7/20/2014,Same Day,SW-20245,Scot Wooten,Consumer,United States,Springfield,Ohio,45503,East,OFF-BI-10000977,Office Supplies,Binders,Ibico Plastic Spiral Binding Combs,27.36,3,0.7,-21.888
4398,US-2014-138758,7/7/2014,7/11/2014,Standard Class,JL-15835,John Lee,Consumer,United States,Philadelphia,Pennsylvania,19120,East,FUR-CH-10002880,Furniture,Chairs,"Global High-Back Leather Tilter, Burgundy",172.186,2,0.3,-46.7362
4399,US-2014-138758,7/7/2014,7/11/2014,Standard Class,JL-15835,John Lee,Consumer,United States,Philadelphia,Pennsylvania,19120,East,FUR-FU-10003039,Furniture,Furnishings,"Howard Miller 11-1/2"" Diameter Grantwood Wall Clock",69.008,2,0.2,12.0764
4400,CA-2016-131737,3/17/2016,3/17/2016,Same Day,GZ-14470,Gary Zandusky,Consumer,United States,Columbia,Maryland,21044,East,OFF-EN-10003055,Office Supplies,Envelopes,"Blue String-Tie & Button Interoffice Envelopes, 10 x 13",199.9,5,0.0,89.955
4401,CA-2016-131737,3/17/2016,3/17/2016,Same Day,GZ-14470,Gary Zandusky,Consumer,United States,Columbia,Maryland,21044,East,OFF-AP-10002945,Office Supplies,Appliances,Honeywell Enviracaire Portable HEPA Air Cleaner for 17' x 22' Room,901.95,3,0.0,297.6435
4402,CA-2016-131737,3/17/2016,3/17/2016,Same Day,GZ-14470,Gary Zandusky,Consumer,United States,Columbia,Maryland,21044,East,FUR-FU-10004306,Furniture,Furnishings,Electrix Halogen Magnifier Lamp,971.5,5,0.0,252.59
4404,CA-2014-127936,9/2/2014,9/4/2014,First Class,CL-12565,Clay Ludtke,Consumer,United States,New York City,New York,10009,East,OFF-AR-10002445,Office Supplies,Art,SANFORD Major Accent Highlighters,21.24,3,0.0,8.0712
4405,CA-2015-164336,7/5/2015,7/10/2015,Standard Class,MW-18220,Mitch Webber,Consumer,United States,Philadelphia,Pennsylvania,19140,East,TEC-AC-10002345,Technology,Accessories,HP Standard 104 key PS/2 Keyboard,34.8,3,0.2,2.175
4406,CA-2015-164336,7/5/2015,7/10/2015,Standard Class,MW-18220,Mitch Webber,Consumer,United States,Philadelphia,Pennsylvania,19140,East,OFF-ST-10001558,Office Supplies,Storage,Acco Perma 4000 Stacking Storage Drawers,38.976,3,0.2,-2.436
4412,CA-2014-130624,6/21/2014,6/24/2014,First Class,TB-21280,Toby Braunhardt,Consumer,United States,New York City,New York,10024,East,OFF-PA-10003883,Office Supplies,Paper,"Message Book, Phone, Wirebound Standard Line Memo, 2 3/4"" X 5""",19.65,3,0.0,9.039
4413,CA-2014-130624,6/21/2014,6/24/2014,First Class,TB-21280,Toby Braunhardt,Consumer,United States,New York City,New York,10024,East,TEC-PH-10003963,Technology,Phones,GE 2-Jack Phone Line Splitter,617.97,3,0.0,160.6722
4414,CA-2014-130624,6/21/2014,6/24/2014,First Class,TB-21280,Toby Braunhardt,Consumer,United States,New York City,New York,10024,East,OFF-AP-10001303,Office Supplies,Appliances,"Holmes Cool Mist Humidifier for the Whole House with 8-Gallon Output per Day, Extended Life Filter",59.7,3,0.0,26.865
4415,CA-2017-132339,8/19/2017,8/23/2017,Standard Class,JB-15400,Jennifer Braxton,Corporate,United States,Lawrence,Massachusetts,1841,East,OFF-BI-10003925,Office Supplies,Binders,Fellowes PB300 Plastic Comb Binding Machine,387.99,1,0.0,182.3553
4419,CA-2014-160157,12/20/2014,12/27/2014,Standard Class,MH-17455,Mark Hamilton,Consumer,United States,Hamilton,Ohio,45011,East,FUR-FU-10003773,Furniture,Furnishings,Eldon Cleatmat Plus Chair Mats for High Pile Carpets,190.848,3,0.2,-21.4704
4420,CA-2014-139633,12/17/2014,12/24/2014,Standard Class,EC-14050,Erin Creighton,Consumer,United States,Columbus,Ohio,43229,East,OFF-BI-10002954,Office Supplies,Binders,Newell 3-Hole Punched Plastic Slotted Magazine Holders for Binders,5.484,4,0.7,-4.0216
4430,CA-2017-147725,9/14/2017,9/14/2017,Same Day,LT-17110,Liz Thompson,Consumer,United States,Orange,New Jersey,7050,East,OFF-AR-10001725,Office Supplies,Art,Boston Home & Office Model 2000 Electric Pencil Sharpeners,70.95,3,0.0,18.447
4467,CA-2017-168641,11/24/2017,12/1/2017,Standard Class,KA-16525,Kelly Andreada,Consumer,United States,New York City,New York,10035,East,OFF-AR-10003759,Office Supplies,Art,"Crayola Anti Dust Chalk, 12/Pack",16.38,9,0.0,7.371
4468,CA-2017-168641,11/24/2017,12/1/2017,Standard Class,KA-16525,Kelly Andreada,Consumer,United States,New York City,New York,10035,East,OFF-EN-10003001,Office Supplies,Envelopes,Ames Color-File Green Diamond Border X-ray Mailers,167.96,2,0.0,78.9412
4469,CA-2017-168641,11/24/2017,12/1/2017,Standard Class,KA-16525,Kelly Andreada,Consumer,United States,New York City,New York,10035,East,FUR-BO-10000780,Furniture,Bookcases,O'Sullivan Plantations 2-Door Library in Landvery Oak,321.568,2,0.2,-16.0784
4470,CA-2017-168641,11/24/2017,12/1/2017,Standard Class,KA-16525,Kelly Andreada,Consumer,United States,New York City,New York,10035,East,OFF-PA-10001972,Office Supplies,Paper,Xerox 214,12.96,2,0.0,6.2208
4471,CA-2017-156895,5/8/2017,5/12/2017,Standard Class,DJ-13510,Don Jones,Corporate,United States,Philadelphia,Pennsylvania,19140,East,FUR-CH-10003535,Furniture,Chairs,"Global Armless Task Chair, Royal Blue",128.058,3,0.3,-23.7822
4472,CA-2017-121300,9/29/2017,9/29/2017,Same Day,MG-17680,Maureen Gastineau,Home Office,United States,Mentor,Ohio,44060,East,FUR-CH-10003774,Furniture,Chairs,"Global Wood Trimmed Manager's Task Chair, Khaki",63.686,1,0.3,-15.4666
4473,CA-2017-121300,9/29/2017,9/29/2017,Same Day,MG-17680,Maureen Gastineau,Home Office,United States,Mentor,Ohio,44060,East,TEC-AC-10004571,Technology,Accessories,Logitech G700s Rechargeable Gaming Mouse,239.976,3,0.2,65.9934
4474,CA-2017-121300,9/29/2017,9/29/2017,Same Day,MG-17680,Maureen Gastineau,Home Office,United States,Mentor,Ohio,44060,East,FUR-TA-10004442,Furniture,Tables,Riverside Furniture Stanwyck Manor Table Series,344.22,2,0.4,-189.321
4475,CA-2017-121300,9/29/2017,9/29/2017,Same Day,MG-17680,Maureen Gastineau,Home Office,United States,Mentor,Ohio,44060,East,OFF-PA-10002787,Office Supplies,Paper,Xerox 227,15.552,3,0.2,5.4432
4476,CA-2017-121300,9/29/2017,9/29/2017,Same Day,MG-17680,Maureen Gastineau,Home Office,United States,Mentor,Ohio,44060,East,FUR-FU-10004586,Furniture,Furnishings,G.E. Longer-Life Indoor Recessed Floodlight Bulbs,21.248,4,0.2,7.4368
4477,CA-2017-121300,9/29/2017,9/29/2017,Same Day,MG-17680,Maureen Gastineau,Home Office,United States,Mentor,Ohio,44060,East,OFF-PA-10002606,Office Supplies,Paper,Xerox 1928,8.448,2,0.2,2.64
4480,CA-2014-147235,3/24/2014,3/28/2014,Standard Class,CD-11920,Carlos Daly,Consumer,United States,New York City,New York,10024,East,OFF-PA-10004948,Office Supplies,Paper,Xerox 190,24.9,5,0.0,11.703
4492,CA-2014-150798,12/1/2014,12/3/2014,Second Class,JK-15730,Joe Kamberova,Consumer,United States,Columbus,Ohio,43229,East,TEC-CO-10001571,Technology,Copiers,Sharp 1540cs Digital Laser Copier,659.988,2,0.4,109.998
4493,CA-2014-150798,12/1/2014,12/3/2014,Second Class,JK-15730,Joe Kamberova,Consumer,United States,Columbus,Ohio,43229,East,FUR-FU-10000221,Furniture,Furnishings,"Master Caster Door Stop, Brown",8.128,2,0.2,1.4224
4494,CA-2014-150798,12/1/2014,12/3/2014,Second Class,JK-15730,Joe Kamberova,Consumer,United States,Columbus,Ohio,43229,East,OFF-PA-10001972,Office Supplies,Paper,Xerox 214,36.288,7,0.2,12.7008
4495,CA-2014-150798,12/1/2014,12/3/2014,Second Class,JK-15730,Joe Kamberova,Consumer,United States,Columbus,Ohio,43229,East,FUR-CH-10000015,Furniture,Chairs,Hon Multipurpose Stacking Arm Chairs,909.72,6,0.3,-51.984
4498,CA-2017-155075,12/2/2017,12/9/2017,Standard Class,GW-14605,Giulietta Weimer,Consumer,United States,Philadelphia,Pennsylvania,19140,East,OFF-BI-10003650,Office Supplies,Binders,GBC DocuBind 300 Electric Binding Machine,631.176,4,0.7,-462.8624
4524,CA-2014-107454,11/2/2014,11/6/2014,Standard Class,RD-19720,Roger Demir,Consumer,United States,New York City,New York,10024,East,OFF-LA-10001569,Office Supplies,Labels,Avery 499,34.86,7,0.0,16.0356
4525,CA-2014-107454,11/2/2014,11/6/2014,Standard Class,RD-19720,Roger Demir,Consumer,United States,New York City,New York,10024,East,FUR-FU-10004018,Furniture,Furnishings,Tensor Computer Mounted Lamp,89.34,6,0.0,24.1218
4526,US-2017-105046,7/17/2017,7/23/2017,Standard Class,BE-11335,Bill Eplett,Home Office,United States,Rome,New York,13440,East,TEC-PH-10004536,Technology,Phones,Avaya 5420 Digital phone,269.98,2,0.0,67.495
4527,US-2017-105046,7/17/2017,7/23/2017,Standard Class,BE-11335,Bill Eplett,Home Office,United States,Rome,New York,13440,East,OFF-PA-10004353,Office Supplies,Paper,Southworth 25% Cotton Premium Laser Paper and Envelopes,99.9,5,0.0,47.952
4528,US-2017-105046,7/17/2017,7/23/2017,Standard Class,BE-11335,Bill Eplett,Home Office,United States,Rome,New York,13440,East,FUR-FU-10004848,Furniture,Furnishings,DAX Solid Wood Frames,39.08,4,0.0,14.4596
4529,CA-2017-152856,9/8/2017,9/10/2017,Second Class,RS-19765,Roland Schwarz,Corporate,United States,Marion,Ohio,43302,East,TEC-AC-10004864,Technology,Accessories,Memorex Micro Travel Drive 32 GB,116.832,4,0.2,33.5892
4531,CA-2016-118759,11/14/2016,11/17/2016,First Class,MB-17305,Maria Bertelson,Consumer,United States,New York City,New York,10009,East,FUR-CH-10002335,Furniture,Chairs,Hon GuestStacker Chair,408.006,2,0.1,72.5344
4532,CA-2016-118759,11/14/2016,11/17/2016,First Class,MB-17305,Maria Bertelson,Consumer,United States,New York City,New York,10009,East,OFF-ST-10001590,Office Supplies,Storage,"Tenex Personal Project File with Scoop Front Design, Black",40.44,3,0.0,10.5144
4540,CA-2015-104129,2/27/2015,3/2/2015,Standard Class,ES-14080,Erin Smith,Corporate,United States,Providence,Rhode Island,2908,East,TEC-PH-10003800,Technology,Phones,i.Sound Portable Power - 8000 mAh,105.98,2,0.0,1.0598
4541,CA-2015-104129,2/27/2015,3/2/2015,Standard Class,ES-14080,Erin Smith,Corporate,United States,Providence,Rhode Island,2908,East,FUR-TA-10004152,Furniture,Tables,"Barricks 18"" x 48"" Non-Folding Utility Table with Bottom Storage Shelf",493.92,7,0.3,-28.224
4551,US-2017-107636,4/30/2017,5/2/2017,First Class,NM-18520,Neoma Murray,Consumer,United States,Manchester,Connecticut,6040,East,OFF-LA-10003388,Office Supplies,Labels,Avery 5,5.76,2,0.0,2.8224
4580,US-2014-150126,7/27/2014,8/2/2014,Standard Class,AS-10045,Aaron Smayling,Corporate,United States,New York City,New York,10035,East,OFF-PA-10002709,Office Supplies,Paper,Xerox 1956,65.78,11,0.0,32.2322
4582,CA-2016-120250,9/19/2016,9/22/2016,First Class,AP-10720,Anne Pryor,Home Office,United States,Philadelphia,Pennsylvania,19140,East,FUR-FU-10003424,Furniture,Furnishings,Nu-Dell Oak Frame,25.632,3,0.2,3.8448
4583,CA-2016-121993,6/10/2016,6/12/2016,First Class,JB-16000,Joy Bell-,Consumer,United States,Philadelphia,Pennsylvania,19140,East,OFF-LA-10003720,Office Supplies,Labels,Avery 487,23.616,8,0.2,7.9704
4597,CA-2016-140564,12/5/2016,12/10/2016,Second Class,TC-21475,Tony Chapman,Home Office,United States,Washington,District of Columbia,20016,East,OFF-AR-10000034,Office Supplies,Art,"BIC Brite Liner Grip Highlighters, Assorted, 5/Pack",33.92,8,0.0,13.2288
4600,CA-2015-146948,7/16/2015,7/20/2015,Standard Class,MG-17890,Michael Granlund,Home Office,United States,Baltimore,Maryland,21215,East,FUR-CH-10004853,Furniture,Chairs,"Global Manager's Adjustable Task Chair, Storm",150.98,1,0.0,43.7842
4601,CA-2015-146948,7/16/2015,7/20/2015,Standard Class,MG-17890,Michael Granlund,Home Office,United States,Baltimore,Maryland,21215,East,OFF-EN-10000483,Office Supplies,Envelopes,"White Envelopes, White Envelopes with Clear Poly Window",137.25,9,0.0,63.135
4602,CA-2015-146948,7/16/2015,7/20/2015,Standard Class,MG-17890,Michael Granlund,Home Office,United States,Baltimore,Maryland,21215,East,OFF-FA-10001332,Office Supplies,Fasteners,"Acco Banker's Clasps, 5 3/4""-Long",11.52,4,0.0,5.4144
4607,CA-2015-135020,5/28/2015,6/2/2015,Standard Class,MS-17770,Maxwell Schwartz,Consumer,United States,Rochester,New York,14609,East,TEC-PH-10004093,Technology,Phones,Panasonic Kx-TS550,45.99,1,0.0,13.3371
4608,CA-2015-135020,5/28/2015,6/2/2015,Standard Class,MS-17770,Maxwell Schwartz,Consumer,United States,Rochester,New York,14609,East,OFF-ST-10001490,Office Supplies,Storage,"Hot File 7-Pocket, Floor Stand",535.41,3,0.0,160.623
4609,CA-2015-135020,5/28/2015,6/2/2015,Standard Class,MS-17770,Maxwell Schwartz,Consumer,United States,Rochester,New York,14609,East,OFF-BI-10000605,Office Supplies,Binders,"Acco Pressboard Covers with Storage Hooks, 9 1/2"" x 11"", Executive Red",6.096,2,0.2,2.0574
4610,CA-2015-135020,5/28/2015,6/2/2015,Standard Class,MS-17770,Maxwell Schwartz,Consumer,United States,Rochester,New York,14609,East,OFF-PA-10004255,Office Supplies,Paper,Xerox 219,45.36,7,0.0,21.7728
4618,CA-2015-117800,9/21/2015,9/26/2015,Standard Class,TH-21550,Tracy Hopkins,Home Office,United States,Everett,Massachusetts,2149,East,TEC-PH-10002415,Technology,Phones,Polycom VoiceStation 500 Conference phone,589.9,2,0.0,147.475
4619,CA-2015-117800,9/21/2015,9/26/2015,Standard Class,TH-21550,Tracy Hopkins,Home Office,United States,Everett,Massachusetts,2149,East,FUR-CH-10000785,Furniture,Chairs,Global Ergonomic Managers Chair,542.94,3,0.0,141.1644
4622,CA-2015-161214,10/5/2015,10/8/2015,Second Class,SF-20965,Sylvia Foulston,Corporate,United States,Wilmington,Delaware,19805,East,OFF-ST-10001328,Office Supplies,Storage,"Personal Filing Tote with Lid, Black/Gray",77.55,5,0.0,21.714
4627,CA-2016-101336,11/13/2016,11/18/2016,Standard Class,CK-12760,Cyma Kinney,Corporate,United States,New York City,New York,10011,East,OFF-ST-10003455,Office Supplies,Storage,"Tenex File Box, Personal Filing Tote with Lid, Black",77.55,5,0.0,20.163
4628,CA-2016-101336,11/13/2016,11/18/2016,Standard Class,CK-12760,Cyma Kinney,Corporate,United States,New York City,New York,10011,East,OFF-ST-10000876,Office Supplies,Storage,Eldon Simplefile Box Office,24.88,2,0.0,6.9664
4629,CA-2016-101336,11/13/2016,11/18/2016,Standard Class,CK-12760,Cyma Kinney,Corporate,United States,New York City,New York,10011,East,OFF-AR-10003582,Office Supplies,Art,"Boston Electric Pencil Sharpener, Model 1818, Charcoal Black",140.75,5,0.0,39.41
4630,CA-2016-101336,11/13/2016,11/18/2016,Standard Class,CK-12760,Cyma Kinney,Corporate,United States,New York City,New York,10011,East,OFF-ST-10004258,Office Supplies,Storage,Portable Personal File Box,36.63,3,0.0,9.8901
4646,CA-2016-143910,8/12/2016,8/16/2016,Standard Class,BC-11125,Becky Castell,Home Office,United States,New York City,New York,10011,East,FUR-CH-10000225,Furniture,Chairs,"Global Geo Office Task Chair, Gray",145.764,2,0.1,-8.098
4648,CA-2016-139556,4/26/2016,5/1/2016,Standard Class,DB-13360,Dennis Bolton,Home Office,United States,New York City,New York,10009,East,FUR-CH-10004983,Furniture,Chairs,Office Star - Mid Back Dual function Ergonomic High Back Chair with 2-Way Adjustable Arms,434.646,3,0.1,62.7822
4653,CA-2017-132647,2/17/2017,2/23/2017,Standard Class,GH-14410,Gary Hansen,Home Office,United States,Perth Amboy,New Jersey,8861,East,OFF-PA-10001838,Office Supplies,Paper,"Adams Telephone Message Book W/Dividers/Space For Phone Numbers, 5 1/4""X8 1/2"", 300/Messages",11.76,2,0.0,5.7624
4654,CA-2017-132647,2/17/2017,2/23/2017,Standard Class,GH-14410,Gary Hansen,Home Office,United States,Perth Amboy,New Jersey,8861,East,OFF-ST-10003123,Office Supplies,Storage,Fellowes Bases and Tops For Staxonsteel/High-Stak Systems,166.45,5,0.0,39.948
4657,CA-2015-112130,5/3/2015,5/7/2015,Standard Class,SV-20785,Stewart Visinsky,Consumer,United States,Philadelphia,Pennsylvania,19140,East,OFF-AR-10001468,Office Supplies,Art,"Sanford Prismacolor Professional Thick Lead Art Pencils, 36-Color Set",59.904,2,0.2,14.2272
4658,CA-2015-112130,5/3/2015,5/7/2015,Standard Class,SV-20785,Stewart Visinsky,Consumer,United States,Philadelphia,Pennsylvania,19140,East,OFF-AP-10003266,Office Supplies,Appliances,"Holmes Replacement Filter for HEPA Air Cleaner, Large Room",23.696,2,0.2,6.5164
4659,CA-2015-112130,5/3/2015,5/7/2015,Standard Class,SV-20785,Stewart Visinsky,Consumer,United States,Philadelphia,Pennsylvania,19140,East,OFF-PA-10002230,Office Supplies,Paper,Xerox 1897,7.968,2,0.2,2.8884
4660,CA-2015-112130,5/3/2015,5/7/2015,Standard Class,SV-20785,Stewart Visinsky,Consumer,United States,Philadelphia,Pennsylvania,19140,East,OFF-AP-10003622,Office Supplies,Appliances,"Bravo II Megaboss 12-Amp Hard Body Upright, Replacement Belts, 2 Belts per Pack",18.2,7,0.2,2.0475
4661,CA-2015-112130,5/3/2015,5/7/2015,Standard Class,SV-20785,Stewart Visinsky,Consumer,United States,Philadelphia,Pennsylvania,19140,East,TEC-AC-10001542,Technology,Accessories,SanDisk Cruzer 16 GB USB Flash Drive,27.552,3,0.2,-0.3444
4662,CA-2015-112130,5/3/2015,5/7/2015,Standard Class,SV-20785,Stewart Visinsky,Consumer,United States,Philadelphia,Pennsylvania,19140,East,FUR-CH-10002965,Furniture,Chairs,"Global Leather Highback Executive Chair with Pneumatic Height Adjustment, Black",844.116,6,0.3,-36.1764
4663,CA-2015-112130,5/3/2015,5/7/2015,Standard Class,SV-20785,Stewart Visinsky,Consumer,United States,Philadelphia,Pennsylvania,19140,East,OFF-ST-10000563,Office Supplies,Storage,Fellowes Bankers Box Stor/Drawer Steel Plus,76.752,3,0.2,-9.594
4676,CA-2017-139416,3/27/2017,3/29/2017,Second Class,AG-10270,Alejandro Grove,Consumer,United States,Philadelphia,Pennsylvania,19120,East,FUR-FU-10003832,Furniture,Furnishings,"Eldon Expressions Punched Metal & Wood Desk Accessories, Black & Cherry",15.008,2,0.2,1.5008
4682,CA-2016-169215,7/14/2016,7/18/2016,Second Class,RE-19450,Richard Eichhorn,Consumer,United States,Auburn,New York,13021,East,OFF-FA-10000936,Office Supplies,Fasteners,Acco Hot Clips Clips to Go,29.61,9,0.0,13.3245
4684,CA-2016-159912,8/29/2016,9/3/2016,Standard Class,GB-14530,George Bell,Corporate,United States,Philadelphia,Pennsylvania,19120,East,FUR-TA-10004152,Furniture,Tables,"Barricks 18"" x 48"" Non-Folding Utility Table with Bottom Storage Shelf",241.92,4,0.4,-56.448
4685,CA-2016-159912,8/29/2016,9/3/2016,Standard Class,GB-14530,George Bell,Corporate,United States,Philadelphia,Pennsylvania,19120,East,FUR-BO-10002853,Furniture,Bookcases,O'Sullivan 5-Shelf Heavy-Duty Bookcases,163.88,4,0.5,-81.94
4686,CA-2016-159912,8/29/2016,9/3/2016,Standard Class,GB-14530,George Bell,Corporate,United States,Philadelphia,Pennsylvania,19120,East,OFF-BI-10002071,Office Supplies,Binders,Fellowes Black Plastic Comb Bindings,3.486,2,0.7,-2.7888
4687,CA-2016-159912,8/29/2016,9/3/2016,Standard Class,GB-14530,George Bell,Corporate,United States,Philadelphia,Pennsylvania,19120,East,OFF-FA-10000053,Office Supplies,Fasteners,Revere Boxed Rubber Bands by Revere,10.584,7,0.2,-2.3814
4689,US-2017-154851,3/30/2017,4/3/2017,Standard Class,BP-11155,Becky Pak,Consumer,United States,Lancaster,Pennsylvania,17602,East,OFF-BI-10001525,Office Supplies,Binders,"Acco Pressboard Covers with Storage Hooks, 14 7/8"" x 11"", Executive Red",5.715,5,0.7,-4.7625
4705,CA-2016-158435,5/17/2016,5/18/2016,First Class,AG-10900,Arthur Gainer,Consumer,United States,Waterbury,Connecticut,6708,East,OFF-SU-10000381,Office Supplies,Supplies,Acme Forged Steel Scissors with Black Enamel Handles,65.17,7,0.0,18.8993
4706,CA-2016-158435,5/17/2016,5/18/2016,First Class,AG-10900,Arthur Gainer,Consumer,United States,Waterbury,Connecticut,6708,East,OFF-LA-10002475,Office Supplies,Labels,Avery 519,14.62,2,0.0,6.8714
4707,CA-2016-158435,5/17/2016,5/18/2016,First Class,AG-10900,Arthur Gainer,Consumer,United States,Waterbury,Connecticut,6708,East,FUR-FU-10003975,Furniture,Furnishings,Eldon Advantage Chair Mats for Low to Medium Pile Carpets,173.24,4,0.0,17.324
4712,CA-2014-112403,3/31/2014,3/31/2014,Same Day,JO-15280,Jas O'Carroll,Consumer,United States,Philadelphia,Pennsylvania,19120,East,OFF-BI-10003529,Office Supplies,Binders,Avery Round Ring Poly Binders,0.852,1,0.7,-0.5964
4718,CA-2015-129042,12/12/2015,12/17/2015,Standard Class,EM-13960,Eric Murdock,Consumer,United States,Baltimore,Maryland,21215,East,OFF-AR-10001662,Office Supplies,Art,Rogers Handheld Barrel Pencil Sharpener,8.22,3,0.0,2.2194
4727,CA-2014-119151,11/25/2014,11/29/2014,Second Class,MP-18175,Mike Pelletier,Home Office,United States,New York City,New York,10009,East,OFF-ST-10003470,Office Supplies,Storage,"Tennsco Snap-Together Open Shelving Units, Starter Sets and Add-On Units",1117.92,4,0.0,55.896
4728,CA-2014-119151,11/25/2014,11/29/2014,Second Class,MP-18175,Mike Pelletier,Home Office,United States,New York City,New York,10009,East,FUR-BO-10003159,Furniture,Bookcases,"Sauder Camden County Collection Libraries, Planked Cherry Finish",275.952,3,0.2,-37.9434
4735,CA-2016-120530,4/7/2016,4/12/2016,Standard Class,Dl-13600,Dorris liebe,Corporate,United States,New York City,New York,10035,East,FUR-CH-10000454,Furniture,Chairs,"Hon Deluxe Fabric Upholstered Stacking Chairs, Rounded Back",658.746,3,0.1,146.388
4736,CA-2015-155054,6/13/2015,6/19/2015,Standard Class,PS-19045,Penelope Sewall,Home Office,United States,Lewiston,Maine,4240,East,OFF-BI-10004970,Office Supplies,Binders,"ACCOHIDE 3-Ring Binder, Blue, 1""",8.26,2,0.0,3.8822
4737,CA-2015-155054,6/13/2015,6/19/2015,Standard Class,PS-19045,Penelope Sewall,Home Office,United States,Lewiston,Maine,4240,East,OFF-BI-10002824,Office Supplies,Binders,Recycled Easel Ring Binders,29.84,2,0.0,13.428
4738,CA-2015-155054,6/13/2015,6/19/2015,Standard Class,PS-19045,Penelope Sewall,Home Office,United States,Lewiston,Maine,4240,East,TEC-AC-10003657,Technology,Accessories,Lenovo 17-Key USB Numeric Keypad,67.98,2,0.0,14.9556
4757,CA-2017-169817,9/21/2017,9/25/2017,Standard Class,EB-13870,Emily Burns,Consumer,United States,Philadelphia,Pennsylvania,19143,East,OFF-BI-10004141,Office Supplies,Binders,Insertable Tab Indexes For Data Binders,1.908,2,0.7,-1.5264
4759,CA-2014-121573,11/3/2014,11/7/2014,Standard Class,SG-20605,Speros Goranitis,Consumer,United States,New York City,New York,10009,East,TEC-PH-10000984,Technology,Phones,Panasonic KX-TG9471B,783.96,4,0.0,219.5088
4760,CA-2014-121573,11/3/2014,11/7/2014,Standard Class,SG-20605,Speros Goranitis,Consumer,United States,New York City,New York,10009,East,OFF-BI-10000666,Office Supplies,Binders,Surelock Post Binders,48.896,2,0.2,18.336
4761,CA-2014-121573,11/3/2014,11/7/2014,Standard Class,SG-20605,Speros Goranitis,Consumer,United States,New York City,New York,10009,East,OFF-BI-10003712,Office Supplies,Binders,"Acco Pressboard Covers with Storage Hooks, 14 7/8"" x 11"", Light Blue",7.856,2,0.2,2.8478
4762,CA-2016-117660,12/30/2016,1/4/2017,Standard Class,BM-11785,Bryan Mills,Consumer,United States,Columbus,Ohio,43229,East,OFF-LA-10003720,Office Supplies,Labels,Avery 487,5.904,2,0.2,1.9926
4763,CA-2016-117660,12/30/2016,1/4/2017,Standard Class,BM-11785,Bryan Mills,Consumer,United States,Columbus,Ohio,43229,East,OFF-SU-10001664,Office Supplies,Supplies,Acme Office Executive Series Stainless Steel Trimmers,13.712,2,0.2,1.0284
4766,CA-2015-118227,4/24/2015,4/28/2015,Standard Class,DB-13270,Deborah Brumfield,Home Office,United States,New York City,New York,10009,East,OFF-AR-10001044,Office Supplies,Art,"BOSTON Ranger #55 Pencil Sharpener, Black",25.99,1,0.0,7.5371
4777,CA-2016-101630,2/19/2016,2/23/2016,Second Class,CK-12760,Cyma Kinney,Corporate,United States,Long Beach,New York,11561,East,OFF-LA-10004425,Office Supplies,Labels,Staple-on labels,8.67,3,0.0,4.0749
4778,CA-2016-101630,2/19/2016,2/23/2016,Second Class,CK-12760,Cyma Kinney,Corporate,United States,Long Beach,New York,11561,East,OFF-SU-10001664,Office Supplies,Supplies,Acme Office Executive Series Stainless Steel Trimmers,25.71,3,0.0,6.6846
4779,CA-2017-132346,11/7/2017,11/11/2017,Standard Class,PK-19075,Pete Kriz,Consumer,United States,Newark,Delaware,19711,East,OFF-AP-10000696,Office Supplies,Appliances,Holmes Odor Grabber,100.94,7,0.0,33.3102
4780,CA-2014-150301,7/8/2014,7/10/2014,First Class,MH-18025,Michelle Huthwaite,Consumer,United States,Buffalo,New York,14215,East,FUR-CH-10002647,Furniture,Chairs,"Situations Contoured Folding Chairs, 4/Set",63.882,1,0.1,10.647
4794,US-2015-141684,6/29/2015,7/4/2015,Standard Class,MM-18055,Michelle Moray,Consumer,United States,New York City,New York,10011,East,OFF-PA-10002870,Office Supplies,Paper,"Ampad Phone Message Book, Recycled, 400 Message Capacity, 5 ¾ x 11",24.96,4,0.0,11.232
4804,CA-2017-136364,7/13/2017,7/17/2017,Second Class,MH-17455,Mark Hamilton,Consumer,United States,Philadelphia,Pennsylvania,19140,East,TEC-PH-10003885,Technology,Phones,Cisco SPA508G,39.594,1,0.4,-7.2589
4805,CA-2017-136364,7/13/2017,7/17/2017,Second Class,MH-17455,Mark Hamilton,Consumer,United States,Philadelphia,Pennsylvania,19140,East,FUR-FU-10002501,Furniture,Furnishings,Nu-Dell Executive Frame,91.008,9,0.2,19.3392
4809,CA-2014-149055,11/23/2014,11/28/2014,Standard Class,PB-19210,Phillip Breyer,Corporate,United States,Philadelphia,Pennsylvania,19134,East,OFF-EN-10003040,Office Supplies,Envelopes,Quality Park Security Envelopes,62.808,3,0.2,21.1977
4812,CA-2016-121370,11/14/2016,11/19/2016,Second Class,EB-14110,Eugene Barchas,Consumer,United States,Philadelphia,Pennsylvania,19134,East,FUR-CH-10000785,Furniture,Chairs,Global Ergonomic Managers Chair,380.058,3,0.3,-21.7176
4813,CA-2016-121370,11/14/2016,11/19/2016,Second Class,EB-14110,Eugene Barchas,Consumer,United States,Philadelphia,Pennsylvania,19134,East,TEC-CO-10004115,Technology,Copiers,Sharp AL-1530CS Digital Copier,1199.976,4,0.4,179.9964
4814,CA-2016-121370,11/14/2016,11/19/2016,Second Class,EB-14110,Eugene Barchas,Consumer,United States,Philadelphia,Pennsylvania,19134,East,FUR-FU-10002813,Furniture,Furnishings,"DAX Contemporary Wood Frame with Silver Metal Mat, Desktop, 11 x 14 Size",48.576,3,0.2,9.7152
4816,CA-2014-139598,12/26/2014,12/31/2014,Standard Class,MG-17695,Maureen Gnade,Consumer,United States,Philadelphia,Pennsylvania,19134,East,OFF-PA-10004569,Office Supplies,Paper,"Wirebound Message Books, Two 4 1/4"" x 5"" Forms per Page",18.264,3,0.2,6.1641
4817,CA-2014-139598,12/26/2014,12/31/2014,Standard Class,MG-17695,Maureen Gnade,Consumer,United States,Philadelphia,Pennsylvania,19134,East,OFF-AP-10002998,Office Supplies,Appliances,Holmes 99% HEPA Air Purifier,34.656,2,0.2,5.6316
4818,CA-2014-139598,12/26/2014,12/31/2014,Standard Class,MG-17695,Maureen Gnade,Consumer,United States,Philadelphia,Pennsylvania,19134,East,OFF-AP-10003287,Office Supplies,Appliances,Tripp Lite TLP810NET Broadband Surge for Modem/Fax,81.552,2,0.2,8.1552
4819,CA-2014-139598,12/26/2014,12/31/2014,Standard Class,MG-17695,Maureen Gnade,Consumer,United States,Philadelphia,Pennsylvania,19134,East,OFF-ST-10001370,Office Supplies,Storage,Sensible Storage WireTech Storage Systems,227.136,4,0.2,-42.588
4820,CA-2017-117436,6/8/2017,6/14/2017,Standard Class,LW-17125,Liz Willingham,Consumer,United States,Norwich,Connecticut,6360,East,OFF-BI-10004040,Office Supplies,Binders,Wilson Jones Impact Binders,10.36,2,0.0,5.0764
4824,CA-2016-140018,11/21/2016,11/26/2016,Standard Class,CK-12205,Chloris Kastensmidt,Consumer,United States,Columbus,Ohio,43229,East,TEC-MA-10000752,Technology,Machines,Texas Instrument TI-15 Fraction Calculator,30.345,7,0.7,-24.276
4825,CA-2016-140018,11/21/2016,11/26/2016,Standard Class,CK-12205,Chloris Kastensmidt,Consumer,United States,Columbus,Ohio,43229,East,FUR-CH-10003817,Furniture,Chairs,"Global Value Steno Chair, Gray",127.554,3,0.3,-9.111
4826,CA-2016-140018,11/21/2016,11/26/2016,Standard Class,CK-12205,Chloris Kastensmidt,Consumer,United States,Columbus,Ohio,43229,East,FUR-FU-10001876,Furniture,Furnishings,"Computer Room Manger, 14""",77.952,3,0.2,15.5904
4830,CA-2016-152408,5/15/2016,5/21/2016,Standard Class,TT-21220,Thomas Thornton,Consumer,United States,New York City,New York,10035,East,OFF-BI-10002393,Office Supplies,Binders,Binder Posts,13.776,3,0.2,4.4772
4838,CA-2017-106831,6/1/2017,6/3/2017,First Class,FH-14350,Fred Harton,Consumer,United States,Dublin,Ohio,43017,East,OFF-BI-10003429,Office Supplies,Binders,"Cardinal HOLDit! Binder Insert Strips,Extra Strips",3.798,2,0.7,-2.6586
4839,CA-2017-106831,6/1/2017,6/3/2017,First Class,FH-14350,Fred Harton,Consumer,United States,Dublin,Ohio,43017,East,OFF-PA-10000682,Office Supplies,Paper,Xerox 1924,27.744,6,0.2,10.0572
4840,CA-2017-106831,6/1/2017,6/3/2017,First Class,FH-14350,Fred Harton,Consumer,United States,Dublin,Ohio,43017,East,TEC-PH-10001700,Technology,Phones,Panasonic KX-TG6844B Expandable Digital Cordless Telephone,158.376,4,0.4,-34.3148
4842,CA-2016-136049,12/23/2016,12/28/2016,Standard Class,NM-18520,Neoma Murray,Consumer,United States,Bowling Green,Ohio,43402,East,OFF-BI-10001267,Office Supplies,Binders,"Universal Recycled Hanging Pressboard Report Binders, Letter Size",5.553,3,0.7,-4.0722
4844,US-2016-139388,11/7/2016,11/9/2016,First Class,CC-12475,Cindy Chapman,Consumer,United States,Lakewood,New Jersey,8701,East,OFF-FA-10004968,Office Supplies,Fasteners,Rubber Band Ball,14.96,4,0.0,0.2992
4846,CA-2015-124044,7/23/2015,7/26/2015,Second Class,MS-17830,Melanie Seite,Consumer,United States,Rochester,New York,14609,East,OFF-BI-10003460,Office Supplies,Binders,Acco 3-Hole Punch,10.512,3,0.2,3.6792
4861,CA-2016-101546,12/18/2016,12/24/2016,Standard Class,GK-14620,Grace Kelly,Corporate,United States,Morristown,New Jersey,7960,East,OFF-BI-10001359,Office Supplies,Binders,GBC DocuBind TL300 Electric Binding System,1793.98,2,0.0,843.1706
4863,CA-2016-125164,11/10/2016,11/14/2016,Standard Class,SH-19975,Sally Hughsby,Corporate,United States,New York City,New York,10011,East,OFF-BI-10001191,Office Supplies,Binders,Canvas Sectional Post Binders,20.368,1,0.2,7.3834
4864,CA-2016-125164,11/10/2016,11/14/2016,Standard Class,SH-19975,Sally Hughsby,Corporate,United States,New York City,New York,10011,East,OFF-BI-10003982,Office Supplies,Binders,Wilson Jones Century Plastic Molded Ring Binders,49.848,3,0.2,16.8237
4865,CA-2017-163531,6/26/2017,6/30/2017,Standard Class,SC-20725,Steven Cartwright,Consumer,United States,New York City,New York,10024,East,TEC-PH-10001425,Technology,Phones,Mophie Juice Pack Helium for iPhone,239.97,3,0.0,67.1916
4870,CA-2017-131366,11/24/2017,11/29/2017,Standard Class,SC-20440,Shaun Chance,Corporate,United States,Lancaster,Pennsylvania,17602,East,TEC-PH-10003437,Technology,Phones,Blue Parrot B250XT Professional Grade Wireless Bluetooth Headset with,89.988,2,0.4,-14.998
4871,CA-2017-131366,11/24/2017,11/29/2017,Standard Class,SC-20440,Shaun Chance,Corporate,United States,Lancaster,Pennsylvania,17602,East,OFF-PA-10000675,Office Supplies,Paper,Xerox 1919,229.544,7,0.2,83.2097
4876,CA-2014-132864,12/2/2014,12/7/2014,Standard Class,KN-16390,Katherine Nockton,Corporate,United States,Columbus,Ohio,43229,East,TEC-AC-10001267,Technology,Accessories,Imation 32GB Pocket Pro USB 3.0 Flash Drive - 32 GB - Black - 1 P ...,119.8,5,0.2,29.95
4898,US-2014-122021,10/15/2014,10/17/2014,First Class,AC-10660,Anna Chung,Consumer,United States,Parma,Ohio,44134,East,FUR-CH-10003761,Furniture,Chairs,Global Italian Leather Office Chair,183.372,2,0.3,-7.8588
4899,US-2014-122021,10/15/2014,10/17/2014,First Class,AC-10660,Anna Chung,Consumer,United States,Parma,Ohio,44134,East,OFF-PA-10002230,Office Supplies,Paper,Xerox 1897,7.968,2,0.2,2.8884
4903,CA-2017-110884,3/7/2017,3/12/2017,Standard Class,SH-20395,Shahid Hopkins,Consumer,United States,New York City,New York,10035,East,OFF-BI-10003669,Office Supplies,Binders,3M Organizer Strips,25.92,6,0.2,9.072
4904,CA-2017-110884,3/7/2017,3/12/2017,Standard Class,SH-20395,Shahid Hopkins,Consumer,United States,New York City,New York,10035,East,OFF-LA-10003510,Office Supplies,Labels,"Avery 4027 File Folder Labels for Dot Matrix Printers, 5000 Labels per Box, White",91.59,3,0.0,42.1314
4906,US-2014-146353,10/14/2014,10/16/2014,Second Class,JE-15610,Jim Epp,Corporate,United States,Concord,New Hampshire,3301,East,OFF-BI-10003476,Office Supplies,Binders,Avery Metallic Poly Binders,22.92,4,0.0,11.0016
4907,US-2014-146353,10/14/2014,10/16/2014,Second Class,JE-15610,Jim Epp,Corporate,United States,Concord,New Hampshire,3301,East,OFF-ST-10001469,Office Supplies,Storage,Fellowes Bankers Box Recycled Super Stor/Drawer,269.9,5,0.0,16.194
4908,CA-2014-133809,11/18/2014,11/23/2014,Second Class,MS-17530,MaryBeth Skach,Consumer,United States,Fairfield,Ohio,45014,East,OFF-BI-10001757,Office Supplies,Binders,Pressboard Hanging Data Binders for Unburst Sheets,11.808,8,0.7,-8.6592
4909,CA-2014-133809,11/18/2014,11/23/2014,Second Class,MS-17530,MaryBeth Skach,Consumer,United States,Fairfield,Ohio,45014,East,TEC-PH-10004875,Technology,Phones,PNY Rapid USB Car Charger - Black,9.588,2,0.4,-2.0774
4919,CA-2016-160304,1/2/2016,1/7/2016,Standard Class,BM-11575,Brendan Murry,Corporate,United States,Gaithersburg,Maryland,20877,East,FUR-BO-10004709,Furniture,Bookcases,"Bush Westfield Collection Bookcases, Medium Cherry Finish",173.94,3,0.0,38.2668
4920,CA-2016-160304,1/2/2016,1/7/2016,Standard Class,BM-11575,Brendan Murry,Corporate,United States,Gaithersburg,Maryland,20877,East,TEC-PH-10000455,Technology,Phones,GE 30522EE2,231.98,2,0.0,67.2742
4926,CA-2017-126438,9/10/2017,9/13/2017,First Class,AR-10345,Alex Russell,Corporate,United States,Lawrence,Massachusetts,1841,East,OFF-AR-10003338,Office Supplies,Art,"Eberhard Faber 3 1/2"" Golf Pencils",14.88,2,0.0,3.72
4928,CA-2017-143245,12/1/2017,12/6/2017,Standard Class,AD-10180,Alan Dominguez,Home Office,United States,Fairfield,Connecticut,6824,East,OFF-PA-10001972,Office Supplies,Paper,Xerox 214,19.44,3,0.0,9.3312
4929,CA-2017-143245,12/1/2017,12/6/2017,Standard Class,AD-10180,Alan Dominguez,Home Office,United States,Fairfield,Connecticut,6824,East,FUR-CH-10000155,Furniture,Chairs,Global Comet Stacking Armless Chair,897.15,3,0.0,251.202
4930,US-2014-138828,9/2/2014,9/3/2014,First Class,KD-16345,Katherine Ducich,Consumer,United States,New York City,New York,10009,East,OFF-AR-10000658,Office Supplies,Art,Newell 324,57.75,5,0.0,16.17
4931,US-2014-138828,9/2/2014,9/3/2014,First Class,KD-16345,Katherine Ducich,Consumer,United States,New York City,New York,10009,East,OFF-PA-10000349,Office Supplies,Paper,Easy-staple paper,14.94,3,0.0,7.0218
4941,CA-2015-156482,2/6/2015,2/13/2015,Standard Class,IL-15100,Ivan Liston,Consumer,United States,Wilmington,Delaware,19805,East,FUR-CH-10001708,Furniture,Chairs,Office Star - Contemporary Swivel Chair with Padded Adjustable Arms and Flex Back,1268.82,9,0.0,266.4522
4942,CA-2015-156482,2/6/2015,2/13/2015,Standard Class,IL-15100,Ivan Liston,Consumer,United States,Wilmington,Delaware,19805,East,FUR-BO-10002598,Furniture,Bookcases,"Hon Metal Bookcases, Putty",283.92,4,0.0,82.3368
4943,CA-2015-156482,2/6/2015,2/13/2015,Standard Class,IL-15100,Ivan Liston,Consumer,United States,Wilmington,Delaware,19805,East,OFF-AR-10001022,Office Supplies,Art,SANFORD Liquid Accent Tank-Style Highlighters,5.68,2,0.0,1.7608
4951,CA-2016-125815,10/28/2016,11/1/2016,Second Class,DL-13330,Denise Leinenbach,Consumer,United States,New York City,New York,10009,East,OFF-AR-10004441,Office Supplies,Art,BIC Brite Liner Highlighters,12.42,3,0.0,5.2164
4954,CA-2015-153906,3/16/2015,3/20/2015,Standard Class,MS-17980,Michael Stewart,Corporate,United States,New York City,New York,10009,East,TEC-PH-10001527,Technology,Phones,Plantronics MX500i Earset,85.9,2,0.0,2.577
4967,CA-2015-122406,8/2/2015,8/5/2015,Second Class,BE-11455,Brad Eason,Home Office,United States,Providence,Rhode Island,2908,East,TEC-PH-10001527,Technology,Phones,Plantronics MX500i Earset,128.85,3,0.0,3.8655
4968,CA-2015-122406,8/2/2015,8/5/2015,Second Class,BE-11455,Brad Eason,Home Office,United States,Providence,Rhode Island,2908,East,OFF-PA-10001307,Office Supplies,Paper,"Important Message Pads, 50 4-1/4 x 5-1/2 Forms per Pad",8.4,2,0.0,4.116
4969,CA-2015-122406,8/2/2015,8/5/2015,Second Class,BE-11455,Brad Eason,Home Office,United States,Providence,Rhode Island,2908,East,TEC-AC-10004571,Technology,Accessories,Logitech G700s Rechargeable Gaming Mouse,199.98,2,0.0,83.9916
4970,CA-2015-122406,8/2/2015,8/5/2015,Second Class,BE-11455,Brad Eason,Home Office,United States,Providence,Rhode Island,2908,East,FUR-CH-10001973,Furniture,Chairs,Office Star Flex Back Scooter Chair with White Frame,110.98,1,0.0,15.5372
4977,CA-2015-165050,12/7/2015,12/9/2015,First Class,AH-10210,Alan Hwang,Consumer,United States,New York City,New York,10024,East,OFF-BI-10001031,Office Supplies,Binders,Pressboard Data Binders by Wilson Jones,21.36,5,0.2,7.209
4978,CA-2015-165050,12/7/2015,12/9/2015,First Class,AH-10210,Alan Hwang,Consumer,United States,New York City,New York,10024,East,OFF-BI-10003727,Office Supplies,Binders,Avery Durable Slant Ring Binders With Label Holder,6.688,2,0.2,2.3408
4979,CA-2015-165050,12/7/2015,12/9/2015,First Class,AH-10210,Alan Hwang,Consumer,United States,New York City,New York,10024,East,TEC-PH-10001336,Technology,Phones,Digium D40 VoIP phone,773.94,6,0.0,224.4426
4986,CA-2014-125171,9/3/2014,9/3/2014,Same Day,AG-10390,Allen Goldenen,Consumer,United States,New York City,New York,10009,East,OFF-LA-10001175,Office Supplies,Labels,Avery 514,14.4,5,0.0,7.056
4996,CA-2014-132227,11/4/2014,11/10/2014,Standard Class,SZ-20035,Sam Zeldin,Home Office,United States,New York City,New York,10011,East,OFF-BI-10000962,Office Supplies,Binders,"Acco Flexible ACCOHIDE Square Ring Data Binder, Dark Blue, 11 1/2"" X 14"" 7/8""",52.064,4,0.2,18.8732
5007,CA-2015-169796,11/9/2015,11/14/2015,Standard Class,Dp-13240,Dean percer,Home Office,United States,New York City,New York,10035,East,TEC-MA-10000045,Technology,Machines,Zebra ZM400 Thermal Label Printer,2321.9,2,0.0,1114.512
5008,CA-2015-169796,11/9/2015,11/14/2015,Standard Class,Dp-13240,Dean percer,Home Office,United States,New York City,New York,10035,East,OFF-ST-10001505,Office Supplies,Storage,"Perma STOR-ALL Hanging File Box, 13 1/8""W x 12 1/4""D x 10 1/2""H",17.94,3,0.0,3.0498
5009,CA-2015-102876,9/7/2015,9/14/2015,Standard Class,LR-17035,Lisa Ryan,Corporate,United States,Philadelphia,Pennsylvania,19134,East,OFF-BI-10004781,Office Supplies,Binders,GBC Wire Binding Strips,9.522,1,0.7,-6.9828
5010,CA-2015-102876,9/7/2015,9/14/2015,Standard Class,LR-17035,Lisa Ryan,Corporate,United States,Philadelphia,Pennsylvania,19134,East,TEC-PH-10002680,Technology,Phones,Samsung Galaxy Note 3,791.964,6,0.4,-131.994
5011,CA-2015-102876,9/7/2015,9/14/2015,Standard Class,LR-17035,Lisa Ryan,Corporate,United States,Philadelphia,Pennsylvania,19134,East,OFF-BI-10000848,Office Supplies,Binders,Angle-D Ring Binders,4.923,3,0.7,-3.9384
5013,US-2017-160465,7/21/2017,7/26/2017,Standard Class,SW-20350,Sean Wendt,Home Office,United States,Cleveland,Ohio,44105,East,OFF-BI-10001670,Office Supplies,Binders,Vinyl Sectional Post Binders,33.93,3,0.7,-22.62
5014,US-2017-160465,7/21/2017,7/26/2017,Standard Class,SW-20350,Sean Wendt,Home Office,United States,Cleveland,Ohio,44105,East,OFF-ST-10000136,Office Supplies,Storage,Letter Size File,222.32,7,0.2,25.011
5015,US-2017-160465,7/21/2017,7/26/2017,Standard Class,SW-20350,Sean Wendt,Home Office,United States,Cleveland,Ohio,44105,East,TEC-PH-10004522,Technology,Phones,Dexim XPower Skin Super-Thin Power Case for iPhone 5 - Black,210.564,6,0.4,-52.641
5016,CA-2014-153850,11/24/2014,11/29/2014,Standard Class,TH-21100,Thea Hendricks,Consumer,United States,Toledo,Ohio,43615,East,FUR-FU-10002960,Furniture,Furnishings,"Eldon 200 Class Desk Accessories, Burgundy",35.168,7,0.2,9.6712
5017,CA-2014-153850,11/24/2014,11/29/2014,Standard Class,TH-21100,Thea Hendricks,Consumer,United States,Toledo,Ohio,43615,East,TEC-PH-10002584,Technology,Phones,Samsung Galaxy S4,1502.376,4,0.4,-250.396
5021,CA-2017-136511,3/23/2017,3/25/2017,Second Class,MZ-17515,Mary Zewe,Corporate,United States,New York City,New York,10011,East,OFF-SU-10003505,Office Supplies,Supplies,Premier Electric Letter Opener,347.58,3,0.0,17.379
5033,CA-2016-155166,12/26/2016,1/2/2017,Standard Class,BB-11545,Brenda Bowman,Corporate,United States,Vineland,New Jersey,8360,East,FUR-CH-10003968,Furniture,Chairs,Novimex Turbo Task Chair,212.94,3,0.0,25.5528
5034,CA-2016-155166,12/26/2016,1/2/2017,Standard Class,BB-11545,Brenda Bowman,Corporate,United States,Vineland,New Jersey,8360,East,OFF-AP-10002765,Office Supplies,Appliances,Fellowes Advanced Computer Series Surge Protectors,26.49,1,0.0,7.4172
5039,CA-2015-136469,7/11/2015,7/12/2015,First Class,TS-21370,Todd Sumrall,Corporate,United States,Wilmington,Delaware,19805,East,FUR-TA-10001520,Furniture,Tables,"Lesro Sheffield Collection Coffee Table, End Table, Center Table, Corner Table",199.836,4,0.3,-37.1124
5040,CA-2015-136469,7/11/2015,7/12/2015,First Class,TS-21370,Todd Sumrall,Corporate,United States,Wilmington,Delaware,19805,East,TEC-PH-10001817,Technology,Phones,Wilson Electronics DB Pro Signal Booster,716.0,2,0.0,193.32
5041,CA-2015-136469,7/11/2015,7/12/2015,First Class,TS-21370,Todd Sumrall,Corporate,United States,Wilmington,Delaware,19805,East,OFF-BI-10004492,Office Supplies,Binders,Tuf-Vin Binders,221.06,7,0.0,103.8982
5052,CA-2015-134922,11/7/2015,11/11/2015,Standard Class,KB-16240,Karen Bern,Corporate,United States,Philadelphia,Pennsylvania,19140,East,OFF-EN-10000483,Office Supplies,Envelopes,"White Envelopes, White Envelopes with Clear Poly Window",24.4,2,0.2,7.93
5059,CA-2016-120796,4/3/2016,4/7/2016,Standard Class,CS-11950,Carlos Soltero,Consumer,United States,Philadelphia,Pennsylvania,19140,East,OFF-BI-10004330,Office Supplies,Binders,"GBC Velobind Prepunched Cover Sets, Regency Series",99.846,9,0.7,-83.205
5065,CA-2017-122196,9/22/2017,9/24/2017,First Class,CA-12265,Christina Anderson,Consumer,United States,Wilmington,Delaware,19805,East,TEC-PH-10004977,Technology,Phones,GE 30524EE4,391.98,2,0.0,113.6742
5082,US-2015-137533,12/18/2015,12/18/2015,Same Day,JK-15640,Jim Kriz,Home Office,United States,Cleveland,Ohio,44105,East,OFF-PA-10003441,Office Supplies,Paper,Xerox 226,20.736,4,0.2,7.2576
5085,CA-2016-108350,6/6/2016,6/9/2016,Second Class,SC-20230,Scot Coram,Corporate,United States,Lowell,Massachusetts,1852,East,OFF-PA-10003656,Office Supplies,Paper,Xerox 1935,105.52,4,0.0,48.5392
5087,CA-2015-109001,3/5/2015,3/9/2015,Standard Class,KN-16390,Katherine Nockton,Corporate,United States,Philadelphia,Pennsylvania,19120,East,TEC-PH-10000562,Technology,Phones,Samsung Convoy 3,466.158,7,0.4,-93.2316
5088,CA-2015-109001,3/5/2015,3/9/2015,Standard Class,KN-16390,Katherine Nockton,Corporate,United States,Philadelphia,Pennsylvania,19120,East,TEC-AC-10001101,Technology,Accessories,Sony 16GB Class 10 Micro SDHC R40 Memory Card,10.312,1,0.2,-1.289
5089,CA-2015-109001,3/5/2015,3/9/2015,Standard Class,KN-16390,Katherine Nockton,Corporate,United States,Philadelphia,Pennsylvania,19120,East,OFF-BI-10003529,Office Supplies,Binders,Avery Round Ring Poly Binders,2.556,3,0.7,-1.7892
5093,CA-2015-119102,5/23/2015,5/27/2015,Standard Class,KH-16690,Kristen Hastings,Corporate,United States,Woonsocket,Rhode Island,2895,East,OFF-ST-10004507,Office Supplies,Storage,Advantus Rolling Storage Box,51.45,3,0.0,13.8915
5104,CA-2015-167374,3/26/2015,3/30/2015,Second Class,GM-14500,Gene McClure,Consumer,United States,Philadelphia,Pennsylvania,19140,East,OFF-PA-10001950,Office Supplies,Paper,Southworth 25% Cotton Antique Laid Paper & Envelopes,40.032,6,0.2,12.51
5105,CA-2015-167374,3/26/2015,3/30/2015,Second Class,GM-14500,Gene McClure,Consumer,United States,Philadelphia,Pennsylvania,19140,East,TEC-AC-10004633,Technology,Accessories,"Verbatim 25 GB 6x Blu-ray Single Layer Recordable Disc, 3/Pack",16.776,3,0.2,5.0328
5110,CA-2014-138450,10/18/2014,10/22/2014,Standard Class,EH-13765,Edward Hooks,Corporate,United States,Philadelphia,Pennsylvania,19134,East,OFF-EN-10001335,Office Supplies,Envelopes,"White Business Envelopes with Contemporary Seam, Recycled White Business Envelopes",52.512,6,0.2,19.692
5111,CA-2014-138450,10/18/2014,10/22/2014,Standard Class,EH-13765,Edward Hooks,Corporate,United States,Philadelphia,Pennsylvania,19134,East,OFF-ST-10003479,Office Supplies,Storage,"Eldon Base for stackable storage shelf, platinum",186.912,6,0.2,-35.046
5112,CA-2014-138450,10/18/2014,10/22/2014,Standard Class,EH-13765,Edward Hooks,Corporate,United States,Philadelphia,Pennsylvania,19134,East,OFF-PA-10003016,Office Supplies,Paper,"Adams ""While You Were Out"" Message Pads",10.048,4,0.2,3.14
5116,CA-2017-125640,7/25/2017,7/29/2017,Standard Class,DD-13570,Dorothy Dickinson,Consumer,United States,Philadelphia,Pennsylvania,19134,East,OFF-LA-10004178,Office Supplies,Labels,Avery 491,3.304,1,0.2,1.0738
5117,CA-2017-154137,11/11/2017,11/17/2017,Standard Class,MT-17815,Meg Tillman,Consumer,United States,New York City,New York,10009,East,OFF-ST-10003324,Office Supplies,Storage,Belkin OmniView SE Rackmount Kit,35.48,1,0.0,0.0
5118,CA-2015-127173,9/26/2015,10/3/2015,Standard Class,GM-14500,Gene McClure,Consumer,United States,Oceanside,New York,11572,East,OFF-FA-10004854,Office Supplies,Fasteners,"Vinyl Coated Wire Paper Clips in Organizer Box, 800/Box",34.44,3,0.0,16.1868
5119,CA-2015-127173,9/26/2015,10/3/2015,Standard Class,GM-14500,Gene McClure,Consumer,United States,Oceanside,New York,11572,East,TEC-MA-10002859,Technology,Machines,Ativa MDM8000 8-Sheet Micro-Cut Shredder,629.93,7,0.0,296.0671
5120,CA-2015-127173,9/26/2015,10/3/2015,Standard Class,GM-14500,Gene McClure,Consumer,United States,Oceanside,New York,11572,East,OFF-BI-10000088,Office Supplies,Binders,GBC Imprintable Covers,79.056,9,0.2,28.6578
5125,CA-2014-160766,9/14/2014,9/14/2014,Same Day,DM-13015,Darrin Martin,Consumer,United States,New York City,New York,10009,East,FUR-TA-10001039,Furniture,Tables,KI Adjustable-Height Table,464.292,9,0.4,-108.3348
5126,CA-2014-160766,9/14/2014,9/14/2014,Same Day,DM-13015,Darrin Martin,Consumer,United States,New York City,New York,10009,East,OFF-EN-10001099,Office Supplies,Envelopes,Staple envelope,68.46,7,0.0,31.4916
5127,CA-2014-160766,9/14/2014,9/14/2014,Same Day,DM-13015,Darrin Martin,Consumer,United States,New York City,New York,10009,East,TEC-MA-10003979,Technology,Machines,Ativa V4110MDD Micro-Cut Shredder,2799.96,4,0.0,1371.9804
5128,CA-2014-160766,9/14/2014,9/14/2014,Same Day,DM-13015,Darrin Martin,Consumer,United States,New York City,New York,10009,East,OFF-AP-10002945,Office Supplies,Appliances,Honeywell Enviracaire Portable HEPA Air Cleaner for 17' x 22' Room,601.3,2,0.0,198.429
5129,CA-2014-160766,9/14/2014,9/14/2014,Same Day,DM-13015,Darrin Martin,Consumer,United States,New York City,New York,10009,East,TEC-PH-10001536,Technology,Phones,Spigen Samsung Galaxy S5 Case Wallet,16.99,1,0.0,4.4174
5130,CA-2014-160766,9/14/2014,9/14/2014,Same Day,DM-13015,Darrin Martin,Consumer,United States,New York City,New York,10009,East,TEC-PH-10000526,Technology,Phones,Vtech CS6719,287.97,3,0.0,80.6316
5131,CA-2014-160766,9/14/2014,9/14/2014,Same Day,DM-13015,Darrin Martin,Consumer,United States,New York City,New York,10009,East,OFF-PA-10000213,Office Supplies,Paper,Xerox 198,44.82,9,0.0,21.0654
5134,CA-2017-155607,11/26/2017,11/30/2017,Standard Class,FG-14260,Frank Gastineau,Home Office,United States,New York City,New York,10009,East,OFF-AP-10001962,Office Supplies,Appliances,Black & Decker Filter for Double Action Dustbuster Cordless Vac BLDV7210,58.73,7,0.0,14.6825
5135,CA-2017-155607,11/26/2017,11/30/2017,Standard Class,FG-14260,Frank Gastineau,Home Office,United States,New York City,New York,10009,East,OFF-BI-10003364,Office Supplies,Binders,Binding Machine Supplies,93.344,4,0.2,32.6704
5139,CA-2017-128335,9/29/2017,10/5/2017,Standard Class,JA-15970,Joseph Airdo,Consumer,United States,Mount Vernon,New York,10550,East,OFF-EN-10001539,Office Supplies,Envelopes,Staple envelope,23.34,3,0.0,10.9698
5140,CA-2017-128335,9/29/2017,10/5/2017,Standard Class,JA-15970,Joseph Airdo,Consumer,United States,Mount Vernon,New York,10550,East,OFF-PA-10004996,Office Supplies,Paper,"Speediset Carbonless Redi-Letter 7"" x 8 1/2""",51.55,5,0.0,24.2285
5142,CA-2016-111213,4/1/2016,4/5/2016,Standard Class,FP-14320,Frank Preis,Consumer,United States,New York City,New York,10009,East,FUR-CH-10000454,Furniture,Chairs,"Hon Deluxe Fabric Upholstered Stacking Chairs, Rounded Back",1317.492,6,0.1,292.776
5143,CA-2016-111213,4/1/2016,4/5/2016,Standard Class,FP-14320,Frank Preis,Consumer,United States,New York City,New York,10009,East,OFF-SU-10000946,Office Supplies,Supplies,Staple remover,63.84,8,0.0,18.5136
5144,CA-2016-111213,4/1/2016,4/5/2016,Standard Class,FP-14320,Frank Preis,Consumer,United States,New York City,New York,10009,East,OFF-BI-10004140,Office Supplies,Binders,Avery Non-Stick Binders,3.592,1,0.2,1.1225
5150,CA-2014-141796,6/21/2014,6/21/2014,Same Day,JG-15160,James Galang,Consumer,United States,Long Beach,New York,11561,East,TEC-PH-10001578,Technology,Phones,Polycom SoundStation2 EX Conference phone,1214.85,3,0.0,352.3065
5153,US-2014-121566,6/30/2014,7/6/2014,Standard Class,CS-11860,Cari Schnelling,Consumer,United States,New York City,New York,10011,East,OFF-BI-10004528,Office Supplies,Binders,Cardinal Poly Pocket Divider Pockets for Ring Binders,2.688,1,0.2,0.84
5154,US-2014-121566,6/30/2014,7/6/2014,Standard Class,CS-11860,Cari Schnelling,Consumer,United States,New York City,New York,10011,East,OFF-AR-10001026,Office Supplies,Art,"Sanford Uni-Blazer View Highlighters, Chisel Tip, Yellow",6.6,3,0.0,2.904
5178,CA-2016-123015,12/26/2016,12/30/2016,Standard Class,AJ-10795,Anthony Johnson,Corporate,United States,New York City,New York,10024,East,OFF-BI-10004967,Office Supplies,Binders,Round Ring Binders,4.992,3,0.2,1.6848
5182,CA-2017-108749,9/12/2017,9/15/2017,First Class,DJ-13510,Don Jones,Corporate,United States,Woonsocket,Rhode Island,2895,East,OFF-PA-10003797,Office Supplies,Paper,Xerox 209,45.36,7,0.0,21.7728
5183,CA-2017-108749,9/12/2017,9/15/2017,First Class,DJ-13510,Don Jones,Corporate,United States,Woonsocket,Rhode Island,2895,East,OFF-BI-10003707,Office Supplies,Binders,Aluminum Screw Posts,45.78,3,0.0,22.89
5187,US-2015-154389,11/27/2015,12/3/2015,Standard Class,EH-14125,Eugene Hildebrand,Home Office,United States,Philadelphia,Pennsylvania,19140,East,TEC-PH-10002789,Technology,Phones,LG Exalt,748.752,8,0.4,-162.2296
5205,CA-2015-102015,9/12/2015,9/18/2015,Standard Class,TM-21010,Tamara Manning,Consumer,United States,Auburn,New York,13021,East,OFF-AR-10004685,Office Supplies,Art,"Binney & Smith Crayola Metallic Colored Pencils, 8-Color Set",9.26,2,0.0,3.0558
5206,CA-2015-102015,9/12/2015,9/18/2015,Standard Class,TM-21010,Tamara Manning,Consumer,United States,Auburn,New York,13021,East,OFF-ST-10001713,Office Supplies,Storage,"Gould Plastics 9-Pocket Panel Bin, 18-3/8w x 5-1/4d x 20-1/2h, Black",105.98,2,0.0,4.2392
5207,CA-2015-102015,9/12/2015,9/18/2015,Standard Class,TM-21010,Tamara Manning,Consumer,United States,Auburn,New York,13021,East,OFF-FA-10000490,Office Supplies,Fasteners,"OIC Binder Clips, Mini, 1/4"" Capacity, Black",1.24,1,0.0,0.5828
5208,CA-2015-102015,9/12/2015,9/18/2015,Standard Class,TM-21010,Tamara Manning,Consumer,United States,Auburn,New York,13021,East,OFF-LA-10002043,Office Supplies,Labels,Avery 489,20.7,2,0.0,9.936
5209,CA-2015-102015,9/12/2015,9/18/2015,Standard Class,TM-21010,Tamara Manning,Consumer,United States,Auburn,New York,13021,East,OFF-PA-10002464,Office Supplies,Paper,HP Office Recycled Paper (20Lb. and 87 Bright),28.9,5,0.0,14.161
5210,CA-2015-102015,9/12/2015,9/18/2015,Standard Class,TM-21010,Tamara Manning,Consumer,United States,Auburn,New York,13021,East,OFF-EN-10002504,Office Supplies,Envelopes,"Tyvek  Top-Opening Peel & Seel Envelopes, Plain White",27.18,1,0.0,12.7746
5211,CA-2015-156755,1/12/2015,1/18/2015,Standard Class,YS-21880,Yana Sorensen,Corporate,United States,Newark,Delaware,19711,East,OFF-ST-10002615,Office Supplies,Storage,"Dual Level, Single-Width Filing Carts",465.18,3,0.0,120.9468
5212,CA-2015-130876,5/12/2015,5/16/2015,Second Class,AZ-10750,Annie Zypern,Consumer,United States,New York City,New York,10024,East,OFF-ST-10004258,Office Supplies,Storage,Portable Personal File Box,36.63,3,0.0,9.8901
5219,CA-2017-167080,6/10/2017,6/14/2017,Standard Class,LC-16930,Linda Cazamias,Corporate,United States,New York City,New York,10011,East,OFF-AR-10001868,Office Supplies,Art,Prang Dustless Chalk Sticks,8.4,5,0.0,4.2
5226,CA-2016-119865,6/21/2016,6/26/2016,Standard Class,AS-10090,Adam Shillingsburg,Consumer,United States,New York City,New York,10011,East,OFF-BI-10001553,Office Supplies,Binders,SpineVue Locking Slant-D Ring Binders by Cardinal,36.56,5,0.2,12.796
5227,CA-2016-119865,6/21/2016,6/26/2016,Standard Class,AS-10090,Adam Shillingsburg,Consumer,United States,New York City,New York,10011,East,OFF-BI-10003007,Office Supplies,Binders,"Premium Transparent Presentation Covers, No Pattern/Clear, 8 1/2"" x 11""",186.144,6,0.2,60.4968
5228,CA-2016-119865,6/21/2016,6/26/2016,Standard Class,AS-10090,Adam Shillingsburg,Consumer,United States,New York City,New York,10011,East,FUR-BO-10003272,Furniture,Bookcases,O'Sullivan Living Dimensions 5-Shelf Bookcases,353.568,2,0.2,-44.196
5237,CA-2014-166744,9/20/2014,9/24/2014,Standard Class,DN-13690,Duane Noonan,Consumer,United States,Columbia,Maryland,21044,East,FUR-FU-10004952,Furniture,Furnishings,"C-Line Cubicle Keepers Polyproplyene Holder w/Velcro Back, 8-1/2x11, 25/Bx",164.22,3,0.0,50.9082
5238,CA-2014-166744,9/20/2014,9/24/2014,Standard Class,DN-13690,Duane Noonan,Consumer,United States,Columbia,Maryland,21044,East,FUR-BO-10001337,Furniture,Bookcases,O'Sullivan Living Dimensions 2-Shelf Bookcases,362.94,3,0.0,36.294
5239,CA-2014-166744,9/20/2014,9/24/2014,Standard Class,DN-13690,Duane Noonan,Consumer,United States,Columbia,Maryland,21044,East,TEC-AC-10003628,Technology,Accessories,Logitech 910-002974 M325 Wireless Mouse for Web Scrolling,59.98,2,0.0,26.3912
5250,CA-2015-106215,4/16/2015,4/21/2015,Standard Class,BN-11470,Brad Norvell,Corporate,United States,Philadelphia,Pennsylvania,19143,East,OFF-FA-10001229,Office Supplies,Fasteners,Staples,12.576,4,0.2,4.0872
5255,CA-2015-125185,3/5/2015,3/7/2015,Second Class,AH-10195,Alan Haines,Corporate,United States,Bethlehem,Pennsylvania,18018,East,FUR-CH-10002647,Furniture,Chairs,"Situations Contoured Folding Chairs, 4/Set",99.372,2,0.3,-7.098
5256,CA-2015-125185,3/5/2015,3/7/2015,Second Class,AH-10195,Alan Haines,Corporate,United States,Bethlehem,Pennsylvania,18018,East,FUR-FU-10003247,Furniture,Furnishings,36X48 HARDFLOOR CHAIRMAT,33.568,2,0.2,-5.4548
5260,CA-2017-158722,10/20/2017,10/26/2017,Standard Class,MA-17560,Matt Abelman,Home Office,United States,Philadelphia,Pennsylvania,19120,East,OFF-PA-10000176,Office Supplies,Paper,Xerox 1887,45.528,3,0.2,15.9348
5269,US-2017-114657,11/16/2017,11/21/2017,Standard Class,MH-18115,Mick Hernandez,Home Office,United States,Yonkers,New York,10701,East,TEC-MA-10003173,Technology,Machines,Hewlett-Packard 300S Scientific Calculator,52.44,4,0.0,24.1224
5275,CA-2015-162887,11/7/2015,11/9/2015,Second Class,SV-20785,Stewart Visinsky,Consumer,United States,Burlington,Vermont,5408,East,FUR-CH-10000595,Furniture,Chairs,Safco Contoured Stacking Chairs,715.2,3,0.0,178.8
5294,CA-2015-111073,12/26/2015,12/30/2015,Standard Class,MC-18100,Mick Crebagga,Consumer,United States,Medina,Ohio,44256,East,FUR-TA-10004086,Furniture,Tables,KI Adjustable-Height Table,51.588,1,0.4,-15.4764
5297,CA-2017-108791,7/27/2017,7/31/2017,Standard Class,TM-21490,Tony Molinari,Consumer,United States,Yonkers,New York,10701,East,FUR-FU-10004018,Furniture,Furnishings,Tensor Computer Mounted Lamp,14.89,1,0.0,4.0203
5298,CA-2017-108791,7/27/2017,7/31/2017,Standard Class,TM-21490,Tony Molinari,Consumer,United States,Yonkers,New York,10701,East,TEC-PH-10002660,Technology,Phones,Nortel Networks T7316 E Nt8 B27,543.92,8,0.0,135.98
5306,US-2016-168410,2/21/2016,2/26/2016,Standard Class,BV-11245,Benjamin Venier,Corporate,United States,Oceanside,New York,11572,East,FUR-FU-10000629,Furniture,Furnishings,9-3/4 Diameter Round Wall Clock,68.95,5,0.0,28.959
5307,US-2016-168410,2/21/2016,2/26/2016,Standard Class,BV-11245,Benjamin Venier,Corporate,United States,Oceanside,New York,11572,East,OFF-ST-10000036,Office Supplies,Storage,"Recycled Data-Pak for Archival Bound Computer Printouts, 12-1/2 x 12-1/2 x 16",296.37,3,0.0,80.0199
5308,US-2016-168410,2/21/2016,2/26/2016,Standard Class,BV-11245,Benjamin Venier,Corporate,United States,Oceanside,New York,11572,East,TEC-PH-10002583,Technology,Phones,iOttie HLCRIO102 Car Mount,39.98,2,0.0,1.999
5327,CA-2015-152681,1/17/2015,1/22/2015,Standard Class,SC-20260,Scott Cohen,Corporate,United States,Lawrence,Massachusetts,1841,East,OFF-AR-10003183,Office Supplies,Art,Avery Fluorescent Highlighter Four-Color Set,6.68,2,0.0,2.004
5330,CA-2016-111941,12/25/2016,12/28/2016,Second Class,BD-11620,Brian DeCherney,Consumer,United States,New York City,New York,10035,East,OFF-BI-10001524,Office Supplies,Binders,GBC Premium Transparent Covers with Diagonal Lined Pattern,33.568,2,0.2,11.7488
5331,CA-2016-123120,9/4/2016,9/8/2016,Standard Class,CV-12295,Christina VanderZanden,Consumer,United States,New York City,New York,10011,East,FUR-FU-10004748,Furniture,Furnishings,"Howard Miller 16"" Diameter Gallery Wall Clock",63.94,1,0.0,24.9366
5332,CA-2016-123120,9/4/2016,9/8/2016,Standard Class,CV-12295,Christina VanderZanden,Consumer,United States,New York City,New York,10011,East,OFF-BI-10001460,Office Supplies,Binders,Plastic Binding Combs,60.6,5,0.2,20.4525
5333,CA-2016-123120,9/4/2016,9/8/2016,Standard Class,CV-12295,Christina VanderZanden,Consumer,United States,New York City,New York,10011,East,OFF-SU-10002503,Office Supplies,Supplies,Acme Preferred Stainless Steel Scissors,22.72,4,0.0,6.5888
5334,CA-2014-103331,8/26/2014,9/1/2014,Standard Class,KB-16315,Karl Braun,Consumer,United States,Newark,Delaware,19711,East,FUR-FU-10001731,Furniture,Furnishings,Acrylic Self-Standing Desk Frames,10.68,4,0.0,4.0584
5335,CA-2014-103331,8/26/2014,9/1/2014,Standard Class,KB-16315,Karl Braun,Consumer,United States,Newark,Delaware,19711,East,OFF-PA-10002160,Office Supplies,Paper,Xerox 1978,17.34,3,0.0,8.4966
5336,CA-2014-103331,8/26/2014,9/1/2014,Standard Class,KB-16315,Karl Braun,Consumer,United States,Newark,Delaware,19711,East,OFF-PA-10002659,Office Supplies,Paper,Avoid Verbal Orders Carbonless Minifold Book,3.38,1,0.0,1.5548
5339,CA-2015-146486,11/9/2015,11/14/2015,Second Class,DV-13465,Dianna Vittorini,Consumer,United States,Oceanside,New York,11572,East,OFF-ST-10002554,Office Supplies,Storage,Tennsco Industrial Shelving,244.55,5,0.0,4.891
5340,CA-2015-146486,11/9/2015,11/14/2015,Second Class,DV-13465,Dianna Vittorini,Consumer,United States,Oceanside,New York,11572,East,OFF-EN-10001509,Office Supplies,Envelopes,Poly String Tie Envelopes,12.24,6,0.0,5.7528
5341,CA-2015-146486,11/9/2015,11/14/2015,Second Class,DV-13465,Dianna Vittorini,Consumer,United States,Oceanside,New York,11572,East,TEC-AC-10002018,Technology,Accessories,AmazonBasics 3-Button USB Wired Mouse,13.98,2,0.0,6.0114
5342,CA-2015-146486,11/9/2015,11/14/2015,Second Class,DV-13465,Dianna Vittorini,Consumer,United States,Oceanside,New York,11572,East,TEC-AC-10002637,Technology,Accessories,Logitech VX Revolution Cordless Laser Mouse for Notebooks (Black),899.95,5,0.0,53.997
5345,CA-2015-112053,10/11/2015,10/13/2015,Second Class,SH-20395,Shahid Hopkins,Consumer,United States,Rochester,New York,14609,East,TEC-AC-10002550,Technology,Accessories,"Memorex 25GB 6X Branded Blu-Ray Recordable Disc, 30/Pack",31.95,1,0.0,2.2365
5370,CA-2017-147403,9/10/2017,9/13/2017,First Class,KH-16630,Ken Heidel,Corporate,United States,Akron,Ohio,44312,East,OFF-PA-10003302,Office Supplies,Paper,Xerox 1906,85.056,3,0.2,28.7064
5378,CA-2014-125542,12/5/2014,12/7/2014,First Class,NB-18655,Nona Balk,Corporate,United States,Philadelphia,Pennsylvania,19134,East,OFF-EN-10000056,Office Supplies,Envelopes,Cameo Buff Policy Envelopes,348.488,7,0.2,117.6147
5379,CA-2014-125542,12/5/2014,12/7/2014,First Class,NB-18655,Nona Balk,Corporate,United States,Philadelphia,Pennsylvania,19134,East,OFF-ST-10001469,Office Supplies,Storage,Fellowes Bankers Box Recycled Super Stor/Drawer,172.736,4,0.2,-30.2288
5385,CA-2017-161410,6/26/2017,7/3/2017,Standard Class,CC-12220,Chris Cortes,Consumer,United States,Philadelphia,Pennsylvania,19143,East,TEC-PH-10001760,Technology,Phones,Bose SoundLink Bluetooth Speaker,358.2,3,0.4,41.79
5386,CA-2017-161410,6/26/2017,7/3/2017,Standard Class,CC-12220,Chris Cortes,Consumer,United States,Philadelphia,Pennsylvania,19143,East,TEC-PH-10000673,Technology,Phones,Plantronics Voyager Pro HD - Bluetooth Headset,545.916,14,0.4,72.7888
5392,US-2014-123183,11/19/2014,11/25/2014,Standard Class,GR-14560,Georgia Rosenberg,Corporate,United States,Wilmington,Delaware,19805,East,OFF-LA-10002787,Office Supplies,Labels,Avery 480,22.5,6,0.0,10.8
5393,US-2014-123183,11/19/2014,11/25/2014,Standard Class,GR-14560,Georgia Rosenberg,Corporate,United States,Wilmington,Delaware,19805,East,OFF-LA-10001569,Office Supplies,Labels,Avery 499,9.96,2,0.0,4.5816
5394,US-2014-123183,11/19/2014,11/25/2014,Standard Class,GR-14560,Georgia Rosenberg,Corporate,United States,Wilmington,Delaware,19805,East,OFF-BI-10002429,Office Supplies,Binders,"Premier Elliptical Ring Binder, Black",213.08,7,0.0,102.2784
5395,US-2014-123183,11/19/2014,11/25/2014,Standard Class,GR-14560,Georgia Rosenberg,Corporate,United States,Wilmington,Delaware,19805,East,FUR-BO-10000362,Furniture,Bookcases,Sauder Inglewood Library Bookcases,1025.88,6,0.0,235.9524
5399,CA-2016-163202,9/27/2016,10/2/2016,Standard Class,BM-11650,Brian Moss,Corporate,United States,Lancaster,Ohio,43130,East,OFF-BI-10002764,Office Supplies,Binders,Recycled Pressboard Report Cover with Reinforced Top Hinge,2.907,3,0.7,-2.0349
5403,CA-2017-123043,8/24/2017,8/29/2017,Standard Class,AH-10195,Alan Haines,Corporate,United States,New York City,New York,10024,East,OFF-BI-10003910,Office Supplies,Binders,DXL Angle-View Binders with Locking Rings by Samsill,24.672,4,0.2,7.71
5404,CA-2017-123043,8/24/2017,8/29/2017,Standard Class,AH-10195,Alan Haines,Corporate,United States,New York City,New York,10024,East,OFF-BI-10000138,Office Supplies,Binders,Acco Translucent Poly Ring Binders,3.744,1,0.2,1.3104
5421,US-2016-151827,3/31/2016,4/2/2016,Second Class,CS-11950,Carlos Soltero,Consumer,United States,Philadelphia,Pennsylvania,19134,East,TEC-PH-10002789,Technology,Phones,LG Exalt,280.782,3,0.4,-60.8361
5422,US-2016-151827,3/31/2016,4/2/2016,Second Class,CS-11950,Carlos Soltero,Consumer,United States,Philadelphia,Pennsylvania,19134,East,TEC-AC-10003289,Technology,Accessories,Anker Ultra-Slim Mini Bluetooth 3.0 Wireless Keyboard,31.984,2,0.2,1.1994
5425,US-2017-120649,1/20/2017,1/26/2017,Standard Class,JF-15490,Jeremy Farry,Consumer,United States,Waterbury,Connecticut,6708,East,OFF-AR-10001545,Office Supplies,Art,Newell 326,3.52,2,0.0,1.0208
5431,CA-2017-117422,10/21/2017,10/25/2017,Standard Class,FC-14245,Frank Carlisle,Home Office,United States,Lakewood,Ohio,44107,East,OFF-AP-10000938,Office Supplies,Appliances,Avanti 1.7 Cu. Ft. Refrigerator,161.568,2,0.2,16.1568
5432,CA-2017-117422,10/21/2017,10/25/2017,Standard Class,FC-14245,Frank Carlisle,Home Office,United States,Lakewood,Ohio,44107,East,OFF-PA-10002195,Office Supplies,Paper,"RSVP Cards & Envelopes, Blank White, 8-1/2"" X 11"", 24 Cards/25 Envelopes/Set",4.064,1,0.2,1.3716
5433,CA-2017-117422,10/21/2017,10/25/2017,Standard Class,FC-14245,Frank Carlisle,Home Office,United States,Lakewood,Ohio,44107,East,OFF-BI-10002799,Office Supplies,Binders,"SlimView Poly Binder, 3/8""",6.216,4,0.7,-4.9728
5440,CA-2016-167115,4/4/2016,4/9/2016,Standard Class,EH-14185,Evan Henry,Consumer,United States,New York City,New York,10035,East,OFF-BI-10004600,Office Supplies,Binders,Ibico Ibimaster 300 Manual Binding System,588.784,2,0.2,183.995
5443,CA-2015-148712,4/17/2015,4/23/2015,Standard Class,JM-15535,Jessica Myrick,Consumer,United States,New York City,New York,10035,East,TEC-AC-10003198,Technology,Accessories,Enermax Acrylux Wireless Keyboard,99.6,1,0.0,36.852
5444,CA-2015-148712,4/17/2015,4/23/2015,Standard Class,JM-15535,Jessica Myrick,Consumer,United States,New York City,New York,10035,East,OFF-BI-10001900,Office Supplies,Binders,"DXL Angle-View Binders with Locking Rings, Black",62.296,13,0.2,21.0249
5445,CA-2015-148712,4/17/2015,4/23/2015,Standard Class,JM-15535,Jessica Myrick,Consumer,United States,New York City,New York,10035,East,OFF-AR-10000614,Office Supplies,Art,Barrel Sharpener,10.71,3,0.0,2.7846
5447,US-2016-127425,8/26/2016,8/31/2016,Standard Class,DR-12880,Dan Reichenbach,Corporate,United States,New York City,New York,10035,East,TEC-PH-10003442,Technology,Phones,Samsung Replacement EH64AVFWE Premium Headset,33.0,6,0.0,8.25
5448,US-2016-127425,8/26/2016,8/31/2016,Standard Class,DR-12880,Dan Reichenbach,Corporate,United States,New York City,New York,10035,East,TEC-AC-10002800,Technology,Accessories,Plantronics Audio 478 Stereo USB Headset,249.95,5,0.0,87.4825
5455,CA-2017-160962,4/28/2017,5/2/2017,Standard Class,MC-17605,Matt Connell,Corporate,United States,Philadelphia,Pennsylvania,19143,East,OFF-ST-10001325,Office Supplies,Storage,Sterilite Officeware Hinged File Box,8.384,1,0.2,0.7336
5456,CA-2017-160962,4/28/2017,5/2/2017,Standard Class,MC-17605,Matt Connell,Corporate,United States,Philadelphia,Pennsylvania,19143,East,OFF-AR-10003056,Office Supplies,Art,Newell 341,6.848,2,0.2,0.7704
5471,CA-2016-158547,5/30/2016,6/4/2016,Standard Class,JM-16195,Justin MacKendrick,Consumer,United States,Hamilton,Ohio,45011,East,OFF-AP-10003842,Office Supplies,Appliances,Euro-Pro Shark Turbo Vacuum,123.92,5,0.2,9.294
5479,CA-2016-121356,11/20/2016,11/24/2016,Standard Class,SJ-20500,Shirley Jackson,Consumer,United States,Newark,Delaware,19711,East,OFF-BI-10002133,Office Supplies,Binders,"Wilson Jones Elliptical Ring 3 1/2"" Capacity Binders, 800 sheets",128.4,3,0.0,62.916
5496,CA-2015-113523,9/4/2015,9/8/2015,Standard Class,SC-20440,Shaun Chance,Corporate,United States,Philadelphia,Pennsylvania,19140,East,OFF-BI-10001249,Office Supplies,Binders,Avery Heavy-Duty EZD View Binder with Locking Rings,7.656,4,0.7,-6.1248
5497,CA-2017-117821,6/12/2017,6/16/2017,Standard Class,HG-15025,Hunter Glantz,Consumer,United States,Marion,Ohio,43302,East,TEC-AC-10004469,Technology,Accessories,Microsoft Sculpt Comfort Mouse,63.92,2,0.2,19.176
5498,CA-2017-164378,7/15/2017,7/18/2017,Second Class,MM-18055,Michelle Moray,Consumer,United States,New York City,New York,10024,East,OFF-AR-10001177,Office Supplies,Art,Newell 349,6.56,2,0.0,1.9024
5499,CA-2017-164378,7/15/2017,7/18/2017,Second Class,MM-18055,Michelle Moray,Consumer,United States,New York City,New York,10024,East,OFF-LA-10000634,Office Supplies,Labels,Avery 509,7.83,3,0.0,3.6018
5500,CA-2017-164378,7/15/2017,7/18/2017,Second Class,MM-18055,Michelle Moray,Consumer,United States,New York City,New York,10024,East,TEC-AC-10004708,Technology,Accessories,Sony 32GB Class 10 Micro SDHC R40 Memory Card,41.9,2,0.0,8.799
5501,CA-2017-164378,7/15/2017,7/18/2017,Second Class,MM-18055,Michelle Moray,Consumer,United States,New York City,New York,10024,East,FUR-CH-10002084,Furniture,Chairs,Hon Mobius Operator's Chair,664.146,6,0.1,88.5528
5502,CA-2017-164378,7/15/2017,7/18/2017,Second Class,MM-18055,Michelle Moray,Consumer,United States,New York City,New York,10024,East,OFF-PA-10004519,Office Supplies,Paper,Spiral Phone Message Books with Labels by Adams,8.96,2,0.0,4.3904
5503,CA-2017-127782,11/2/2017,11/6/2017,Standard Class,TH-21115,Thea Hudgings,Corporate,United States,Philadelphia,Pennsylvania,19140,East,FUR-FU-10001847,Furniture,Furnishings,Eldon Image Series Black Desk Accessories,3.312,1,0.2,0.6624
5504,CA-2017-127782,11/2/2017,11/6/2017,Standard Class,TH-21115,Thea Hudgings,Corporate,United States,Philadelphia,Pennsylvania,19140,East,OFF-AP-10001962,Office Supplies,Appliances,Black & Decker Filter for Double Action Dustbuster Cordless Vac BLDV7210,20.136,3,0.2,1.2585
5505,CA-2017-127782,11/2/2017,11/6/2017,Standard Class,TH-21115,Thea Hudgings,Corporate,United States,Philadelphia,Pennsylvania,19140,East,OFF-EN-10003845,Office Supplies,Envelopes,Colored Envelopes,8.856,3,0.2,2.8782
5506,CA-2017-127782,11/2/2017,11/6/2017,Standard Class,TH-21115,Thea Hudgings,Corporate,United States,Philadelphia,Pennsylvania,19140,East,TEC-PH-10001817,Technology,Phones,Wilson Electronics DB Pro Signal Booster,859.2,4,0.4,-186.16
5514,CA-2015-103177,5/30/2015,6/1/2015,First Class,EN-13780,Edward Nazzal,Consumer,United States,New York City,New York,10009,East,TEC-PH-10001795,Technology,Phones,RCA H5401RE1 DECT 6.0 4-Line Cordless Handset With Caller ID/Call Waiting,239.97,3,0.0,2.3997
5515,CA-2015-103177,5/30/2015,6/1/2015,First Class,EN-13780,Edward Nazzal,Consumer,United States,New York City,New York,10009,East,OFF-AP-10004540,Office Supplies,Appliances,"Eureka The Boss Lite 10-Amp Upright Vacuum, Blue",160.32,2,0.0,44.8896
5516,CA-2015-103177,5/30/2015,6/1/2015,First Class,EN-13780,Edward Nazzal,Consumer,United States,New York City,New York,10009,East,TEC-PH-10001527,Technology,Phones,Plantronics MX500i Earset,128.85,3,0.0,3.8655
5518,CA-2017-117667,12/4/2017,12/9/2017,Standard Class,MS-17980,Michael Stewart,Corporate,United States,Philadelphia,Pennsylvania,19134,East,FUR-CH-10004540,Furniture,Chairs,Global Chrome Stack Chair,239.96,10,0.3,-10.284
5519,CA-2017-117667,12/4/2017,12/9/2017,Standard Class,MS-17980,Michael Stewart,Corporate,United States,Philadelphia,Pennsylvania,19134,East,FUR-FU-10004093,Furniture,Furnishings,Hand-Finished Solid Wood Document Frame,54.768,2,0.2,6.846
5520,CA-2017-117667,12/4/2017,12/9/2017,Standard Class,MS-17980,Michael Stewart,Corporate,United States,Philadelphia,Pennsylvania,19134,East,OFF-AR-10000716,Office Supplies,Art,DIXON Ticonderoga Erasable Checking Pencils,13.392,3,0.2,3.1806
5521,CA-2017-117667,12/4/2017,12/9/2017,Standard Class,MS-17980,Michael Stewart,Corporate,United States,Philadelphia,Pennsylvania,19134,East,OFF-PA-10002709,Office Supplies,Paper,Xerox 1956,23.92,5,0.2,8.671
5522,CA-2017-117667,12/4/2017,12/9/2017,Standard Class,MS-17980,Michael Stewart,Corporate,United States,Philadelphia,Pennsylvania,19134,East,TEC-AC-10000580,Technology,Accessories,Logitech G13 Programmable Gameboard with LCD Display,255.968,4,0.2,-28.7964
5528,CA-2015-142055,5/8/2015,5/10/2015,First Class,AB-10255,Alejandro Ballentine,Home Office,United States,New York City,New York,10009,East,OFF-PA-10003465,Office Supplies,Paper,Xerox 1912,37.94,2,0.0,18.2112
5546,CA-2017-102967,9/22/2017,9/26/2017,Standard Class,MG-17890,Michael Granlund,Home Office,United States,Concord,New Hampshire,3301,East,OFF-ST-10001590,Office Supplies,Storage,"Tenex Personal Project File with Scoop Front Design, Black",67.4,5,0.0,17.524
5572,CA-2014-151162,12/5/2014,12/9/2014,Standard Class,EA-14035,Erin Ashbrook,Corporate,United States,Columbus,Ohio,43229,East,OFF-PA-10001033,Office Supplies,Paper,Xerox 1893,98.376,3,0.2,35.6613
5573,CA-2014-151162,12/5/2014,12/9/2014,Standard Class,EA-14035,Erin Ashbrook,Corporate,United States,Columbus,Ohio,43229,East,OFF-BI-10003719,Office Supplies,Binders,Large Capacity Hanging Post Binders,29.94,4,0.7,-23.952
5574,CA-2014-151162,12/5/2014,12/9/2014,Standard Class,EA-14035,Erin Ashbrook,Corporate,United States,Columbus,Ohio,43229,East,OFF-PA-10003036,Office Supplies,Paper,"Black Print Carbonless 8 1/2"" x 8 1/4"" Rapid Memo Book",17.472,3,0.2,5.6784
5575,CA-2014-151162,12/5/2014,12/9/2014,Standard Class,EA-14035,Erin Ashbrook,Corporate,United States,Columbus,Ohio,43229,East,TEC-PH-10001870,Technology,Phones,Lunatik TT5L-002 Taktik Strike Impact Protection System for iPhone 5,36.738,1,0.4,-9.1845
5576,CA-2014-151162,12/5/2014,12/9/2014,Standard Class,EA-14035,Erin Ashbrook,Corporate,United States,Columbus,Ohio,43229,East,TEC-PH-10001809,Technology,Phones,Panasonic KX T7736-B Digital phone,179.94,2,0.4,-44.985
5582,CA-2017-163818,10/4/2017,10/8/2017,Standard Class,PS-18970,Paul Stevenson,Home Office,United States,Clinton,Maryland,20735,East,FUR-FU-10000076,Furniture,Furnishings,24-Hour Round Wall Clock,19.98,1,0.0,8.5914
5583,CA-2016-161158,5/9/2016,5/13/2016,Standard Class,PS-18970,Paul Stevenson,Home Office,United States,New York City,New York,10024,East,OFF-AR-10000462,Office Supplies,Art,Sanford Pocket Accent Highlighters,8.0,5,0.0,3.44
5585,CA-2017-105333,11/30/2017,12/4/2017,Standard Class,VP-21730,Victor Preis,Home Office,United States,New York City,New York,10011,East,OFF-ST-10002182,Office Supplies,Storage,"Iris 3-Drawer Stacking Bin, Black",83.56,4,0.0,1.6712
5586,CA-2017-105333,11/30/2017,12/4/2017,Standard Class,VP-21730,Victor Preis,Home Office,United States,New York City,New York,10011,East,TEC-PH-10001468,Technology,Phones,Panasonic Business Telephones KX-T7736,546.06,3,0.0,163.818
5587,CA-2017-105333,11/30/2017,12/4/2017,Standard Class,VP-21730,Victor Preis,Home Office,United States,New York City,New York,10011,East,OFF-ST-10001809,Office Supplies,Storage,Fellowes Officeware Wire Shelving,269.49,3,0.0,5.3898
5592,CA-2014-164742,10/13/2014,10/18/2014,Second Class,ML-17395,Marina Lichtenstein,Corporate,United States,Lakewood,New Jersey,8701,East,FUR-CH-10002880,Furniture,Chairs,"Global High-Back Leather Tilter, Burgundy",245.98,2,0.0,27.0578
5593,CA-2014-164742,10/13/2014,10/18/2014,Second Class,ML-17395,Marina Lichtenstein,Corporate,United States,Lakewood,New Jersey,8701,East,OFF-BI-10004738,Office Supplies,Binders,Flexible Leather- Look Classic Collection Ring Binder,18.94,1,0.0,9.47
5594,US-2017-108014,11/19/2017,11/25/2017,Standard Class,JH-15430,Jennifer Halladay,Consumer,United States,Cleveland,Ohio,44105,East,OFF-BI-10003984,Office Supplies,Binders,Lock-Up Easel 'Spel-Binder',59.913,7,0.7,-45.9333
5595,CA-2017-160325,9/24/2017,9/24/2017,Same Day,BP-11095,Bart Pistole,Corporate,United States,Lawrence,Massachusetts,1841,East,TEC-PH-10000984,Technology,Phones,Panasonic KX-TG9471B,391.98,2,0.0,109.7544
5596,CA-2017-160325,9/24/2017,9/24/2017,Same Day,BP-11095,Bart Pistole,Corporate,United States,Lawrence,Massachusetts,1841,East,TEC-PH-10001944,Technology,Phones,Wi-Ex zBoost YX540 Cellular Phone Signal Booster,437.85,3,0.0,131.355
5597,CA-2015-159779,9/25/2015,9/29/2015,Standard Class,SB-20185,Sarah Brown,Consumer,United States,Concord,New Hampshire,3301,East,OFF-BI-10002735,Office Supplies,Binders,GBC Prestige Therm-A-Bind Covers,68.62,2,0.0,32.2514
5598,CA-2017-151176,2/13/2017,2/20/2017,Standard Class,SV-20785,Stewart Visinsky,Consumer,United States,Baltimore,Maryland,21215,East,OFF-SU-10001165,Office Supplies,Supplies,Acme Elite Stainless Steel Scissors,25.02,3,0.0,6.5052
5599,CA-2017-151176,2/13/2017,2/20/2017,Standard Class,SV-20785,Stewart Visinsky,Consumer,United States,Baltimore,Maryland,21215,East,OFF-AR-10000614,Office Supplies,Art,Barrel Sharpener,10.71,3,0.0,2.7846
5600,CA-2014-108903,10/3/2014,10/3/2014,Same Day,DO-13435,Denny Ordway,Consumer,United States,Columbus,Ohio,43229,East,OFF-AR-10004010,Office Supplies,Art,Hunt Boston Vacuum Mount KS Pencil Sharpener,55.984,2,0.2,4.1988
5601,CA-2014-108903,10/3/2014,10/3/2014,Same Day,DO-13435,Denny Ordway,Consumer,United States,Columbus,Ohio,43229,East,OFF-EN-10004030,Office Supplies,Envelopes,Convenience Packs of Business Envelopes,14.48,5,0.2,4.887
5602,CA-2014-108903,10/3/2014,10/3/2014,Same Day,DO-13435,Denny Ordway,Consumer,United States,Columbus,Ohio,43229,East,TEC-AC-10003023,Technology,Accessories,Logitech G105 Gaming Keyboard,142.488,3,0.2,-3.5622
5605,CA-2015-142475,12/3/2015,12/7/2015,Standard Class,BS-11380,Bill Stewart,Corporate,United States,New York City,New York,10011,East,OFF-BI-10003718,Office Supplies,Binders,GBC Therma-A-Bind 250T Electric Binding System,590.352,6,0.2,206.6232
5608,CA-2017-105193,3/25/2017,3/31/2017,Standard Class,JL-15835,John Lee,Consumer,United States,New York City,New York,10024,East,OFF-AR-10001547,Office Supplies,Art,Newell 311,11.05,5,0.0,2.9835
5611,CA-2015-145828,10/5/2015,10/7/2015,First Class,MB-17305,Maria Bertelson,Consumer,United States,Cincinnati,Ohio,45231,East,TEC-AC-10002323,Technology,Accessories,SanDisk Ultra 32 GB MicroSDHC Class 10 Memory Card,53.04,3,0.2,-4.641
5614,CA-2016-147431,2/2/2016,2/7/2016,Standard Class,AB-10105,Adrian Barton,Consumer,United States,New York City,New York,10011,East,OFF-ST-10003994,Office Supplies,Storage,"Belkin 19"" Center-Weighted Shelf, Gray",117.96,2,0.0,5.898
5615,CA-2016-158001,8/23/2016,8/27/2016,Standard Class,JP-15460,Jennifer Patt,Corporate,United States,New York City,New York,10035,East,OFF-AR-10002399,Office Supplies,Art,"Dixon Prang Watercolor Pencils, 10-Color Set with Brush",21.3,5,0.0,8.733
5616,CA-2016-158001,8/23/2016,8/27/2016,Standard Class,JP-15460,Jennifer Patt,Corporate,United States,New York City,New York,10035,East,OFF-AP-10002118,Office Supplies,Appliances,"1.7 Cubic Foot Compact ""Cube"" Office Refrigerators",1040.8,5,0.0,281.016
5617,CA-2016-158001,8/23/2016,8/27/2016,Standard Class,JP-15460,Jennifer Patt,Corporate,United States,New York City,New York,10035,East,OFF-AR-10001954,Office Supplies,Art,Newell 331,29.34,6,0.0,7.9218
5630,US-2016-146066,8/21/2016,8/23/2016,Second Class,RB-19465,Rick Bensley,Home Office,United States,Philadelphia,Pennsylvania,19143,East,FUR-TA-10002530,Furniture,Tables,"Iceberg OfficeWorks 42"" Round Tables",815.292,9,0.4,-339.705
5634,CA-2016-101742,9/23/2016,9/28/2016,Second Class,CR-12580,Clay Rozendal,Home Office,United States,New York City,New York,10009,East,OFF-BI-10004187,Office Supplies,Binders,3-ring staple pack,10.528,7,0.2,3.6848
5641,CA-2014-147900,9/23/2014,9/28/2014,Standard Class,JK-15640,Jim Kriz,Home Office,United States,Lakewood,Ohio,44107,East,OFF-PA-10003063,Office Supplies,Paper,EcoTones Memo Sheets,28.8,9,0.2,10.08
5642,CA-2017-106355,4/2/2017,4/5/2017,First Class,AT-10435,Alyssa Tate,Home Office,United States,Meriden,Connecticut,6450,East,OFF-AR-10000246,Office Supplies,Art,Newell 318,11.12,4,0.0,2.8912
5646,CA-2017-127117,4/14/2017,4/19/2017,Standard Class,HM-14860,Harry Marie,Corporate,United States,Morristown,New Jersey,7960,East,FUR-FU-10004018,Furniture,Furnishings,Tensor Computer Mounted Lamp,74.45,5,0.0,20.1015
5653,CA-2017-109099,10/6/2017,10/11/2017,Standard Class,MM-18280,Muhammed MacIntyre,Corporate,United States,New York City,New York,10009,East,OFF-PA-10001033,Office Supplies,Paper,Xerox 1893,40.99,1,0.0,20.0851
5664,CA-2016-141957,7/21/2016,7/21/2016,Same Day,JG-15310,Jason Gross,Corporate,United States,Newark,Ohio,43055,East,OFF-AR-10000914,Office Supplies,Art,Boston 16765 Mini Stand Up Battery Pencil Sharpener,18.656,2,0.2,1.3992
5665,CA-2016-141957,7/21/2016,7/21/2016,Same Day,JG-15310,Jason Gross,Corporate,United States,Newark,Ohio,43055,East,OFF-BI-10001116,Office Supplies,Binders,"Wilson Jones 1"" Hanging DublLock Ring Binders",11.088,7,0.7,-8.1312
5666,CA-2016-141957,7/21/2016,7/21/2016,Same Day,JG-15310,Jason Gross,Corporate,United States,Newark,Ohio,43055,East,OFF-ST-10002276,Office Supplies,Storage,Safco Steel Mobile File Cart,66.688,1,0.2,4.168
5667,CA-2016-141957,7/21/2016,7/21/2016,Same Day,JG-15310,Jason Gross,Corporate,United States,Newark,Ohio,43055,East,OFF-ST-10004340,Office Supplies,Storage,"Fellowes Mobile File Cart, Black",99.488,2,0.2,8.7052
5691,US-2015-138093,12/10/2015,12/16/2015,Standard Class,KM-16225,Kalyca Meade,Corporate,United States,Baltimore,Maryland,21215,East,OFF-AR-10000817,Office Supplies,Art,Manco Dry-Lighter Erasable Highlighter,27.36,9,0.0,9.3024
5692,US-2015-138093,12/10/2015,12/16/2015,Standard Class,KM-16225,Kalyca Meade,Corporate,United States,Baltimore,Maryland,21215,East,OFF-PA-10001509,Office Supplies,Paper,"Recycled Desk Saver Line ""While You Were Out"" Book, 5 1/2"" X 4""",44.75,5,0.0,20.585
5693,US-2015-138093,12/10/2015,12/16/2015,Standard Class,KM-16225,Kalyca Meade,Corporate,United States,Baltimore,Maryland,21215,East,TEC-PH-10004667,Technology,Phones,Cisco 8x8 Inc. 6753i IP Business Phone System,134.99,1,0.0,36.4473
5694,US-2015-138093,12/10/2015,12/16/2015,Standard Class,KM-16225,Kalyca Meade,Corporate,United States,Baltimore,Maryland,21215,East,OFF-PA-10000143,Office Supplies,Paper,Astroparche Fine Business Paper,26.4,5,0.0,12.672
5695,US-2015-138093,12/10/2015,12/16/2015,Standard Class,KM-16225,Kalyca Meade,Corporate,United States,Baltimore,Maryland,21215,East,FUR-CH-10000785,Furniture,Chairs,Global Ergonomic Managers Chair,542.94,3,0.0,141.1644
5701,CA-2016-125661,11/24/2016,11/26/2016,First Class,CA-12055,Cathy Armstrong,Home Office,United States,Cleveland,Ohio,44105,East,OFF-EN-10001532,Office Supplies,Envelopes,Brown Kraft Recycled Envelopes,40.752,3,0.2,15.282
5702,CA-2016-125661,11/24/2016,11/26/2016,First Class,CA-12055,Cathy Armstrong,Home Office,United States,Cleveland,Ohio,44105,East,TEC-AC-10004855,Technology,Accessories,V7 USB Numeric Keypad,139.96,5,0.2,-22.7435
5703,US-2014-123519,12/14/2014,12/21/2014,Standard Class,SS-20875,Sung Shariari,Consumer,United States,Marion,Ohio,43302,East,OFF-AR-10003829,Office Supplies,Art,Newell 35,2.624,1,0.2,0.2952
5704,US-2014-123519,12/14/2014,12/21/2014,Standard Class,SS-20875,Sung Shariari,Consumer,United States,Marion,Ohio,43302,East,FUR-TA-10002645,Furniture,Tables,Hon Rectangular Conference Tables,136.53,1,0.4,-52.3365
5705,US-2014-123519,12/14/2014,12/21/2014,Standard Class,SS-20875,Sung Shariari,Consumer,United States,Marion,Ohio,43302,East,TEC-AC-10003033,Technology,Accessories,Plantronics CS510 - Over-the-Head monaural Wireless Headset System,263.96,1,0.2,42.8935
5706,CA-2014-155593,11/3/2014,11/8/2014,Standard Class,RP-19390,Resi Pölking,Consumer,United States,Fairfield,Connecticut,6824,East,OFF-SU-10002522,Office Supplies,Supplies,Acme Kleen Earth Office Shears,11.64,3,0.0,3.3756
5707,CA-2017-136000,9/22/2017,9/25/2017,Second Class,SC-20440,Shaun Chance,Corporate,United States,New York City,New York,10009,East,OFF-BI-10004828,Office Supplies,Binders,GBC Poly Designer Binding Covers,40.176,3,0.2,14.5638
5708,US-2015-160857,5/8/2015,5/15/2015,Standard Class,NW-18400,Natalie Webber,Consumer,United States,New York City,New York,10024,East,FUR-FU-10001095,Furniture,Furnishings,DAX Black Cherry Wood-Tone Poster Frame,79.44,3,0.0,30.1872
5709,US-2015-160857,5/8/2015,5/15/2015,Standard Class,NW-18400,Natalie Webber,Consumer,United States,New York City,New York,10024,East,OFF-SU-10000157,Office Supplies,Supplies,Compact Automatic Electric Letter Opener,357.93,3,0.0,7.1586
5710,US-2015-160857,5/8/2015,5/15/2015,Standard Class,NW-18400,Natalie Webber,Consumer,United States,New York City,New York,10024,East,FUR-CH-10002647,Furniture,Chairs,"Situations Contoured Folding Chairs, 4/Set",127.764,2,0.1,21.294
5711,US-2015-160857,5/8/2015,5/15/2015,Standard Class,NW-18400,Natalie Webber,Consumer,United States,New York City,New York,10024,East,TEC-CO-10004115,Technology,Copiers,Sharp AL-1530CS Digital Copier,2799.944,7,0.2,1014.9797
5712,US-2015-160857,5/8/2015,5/15/2015,Standard Class,NW-18400,Natalie Webber,Consumer,United States,New York City,New York,10024,East,OFF-PA-10003363,Office Supplies,Paper,Xerox 204,19.44,3,0.0,9.3312
5714,US-2014-143707,3/1/2014,3/5/2014,Standard Class,HR-14770,Hallie Redmond,Home Office,United States,New York City,New York,10035,East,TEC-PH-10003655,Technology,Phones,Sannysis Cute Owl Design Soft Skin Case Cover for Samsung Galaxy S4,5.94,3,0.0,1.6038
5726,CA-2015-103933,9/25/2015,9/27/2015,First Class,DR-12880,Dan Reichenbach,Corporate,United States,New York City,New York,10011,East,TEC-AC-10004171,Technology,Accessories,Razer Kraken 7.1 Surround Sound Over Ear USB Gaming Headset,899.91,9,0.0,395.9604
5733,CA-2017-143574,6/29/2017,7/2/2017,First Class,DR-12880,Dan Reichenbach,Corporate,United States,Milford,Connecticut,6460,East,FUR-BO-10002598,Furniture,Bookcases,"Hon Metal Bookcases, Putty",638.82,9,0.0,185.2578
5734,CA-2017-143574,6/29/2017,7/2/2017,First Class,DR-12880,Dan Reichenbach,Corporate,United States,Milford,Connecticut,6460,East,OFF-SU-10002537,Office Supplies,Supplies,Acme Box Cutter Scissors,30.69,3,0.0,7.9794
5735,CA-2017-143574,6/29/2017,7/2/2017,First Class,DR-12880,Dan Reichenbach,Corporate,United States,Milford,Connecticut,6460,East,FUR-FU-10003976,Furniture,Furnishings,"DAX Executive Solid Wood Document Frame, Desktop or Hang, Mahogany, 5 x 7",25.16,2,0.0,8.5544
5736,CA-2014-111773,6/29/2014,7/3/2014,Standard Class,JK-15625,Jim Karlsson,Consumer,United States,New York City,New York,10024,East,OFF-BI-10000174,Office Supplies,Binders,"Wilson Jones Clip & Carry Folder Binder Tool for Ring Binders, Clear",13.92,3,0.2,4.872
5750,CA-2017-104913,11/18/2017,11/22/2017,Standard Class,DK-13090,Dave Kipp,Consumer,United States,Long Beach,New York,11561,East,TEC-PH-10000923,Technology,Phones,"Belkin SportFit Armband For iPhone 5s/5c, Fuchsia",74.95,5,0.0,36.7255
5764,CA-2015-162047,11/3/2015,11/5/2015,First Class,FH-14365,Fred Hopkins,Corporate,United States,Long Beach,New York,11561,East,FUR-CH-10004983,Furniture,Chairs,Office Star - Mid Back Dual function Ergonomic High Back Chair with 2-Way Adjustable Arms,1448.82,10,0.1,209.274
5769,CA-2015-154900,2/25/2015,3/1/2015,Standard Class,SS-20875,Sung Shariari,Consumer,United States,Leominster,Massachusetts,1453,East,OFF-LA-10001641,Office Supplies,Labels,Avery 518,3.15,1,0.0,1.512
5770,CA-2015-154900,2/25/2015,3/1/2015,Standard Class,SS-20875,Sung Shariari,Consumer,United States,Leominster,Massachusetts,1453,East,OFF-PA-10002377,Office Supplies,Paper,"Adams Telephone Message Book W/Dividers/Space For Phone Numbers, 5 1/4""X8 1/2"", 200/Messages",22.72,4,0.0,10.224
5777,CA-2016-105277,12/4/2016,12/8/2016,Standard Class,LM-17065,Liz MacKendrick,Consumer,United States,Auburn,New York,13021,East,OFF-BI-10000301,Office Supplies,Binders,GBC Instant Report Kit,15.528,3,0.2,5.823
5796,CA-2014-124856,9/29/2014,10/3/2014,Second Class,LD-17005,Lisa DeCherney,Consumer,United States,New York City,New York,10011,East,OFF-ST-10002615,Office Supplies,Storage,"Dual Level, Single-Width Filing Carts",1395.54,9,0.0,362.8404
5797,CA-2014-124856,9/29/2014,10/3/2014,Second Class,LD-17005,Lisa DeCherney,Consumer,United States,New York City,New York,10011,East,FUR-FU-10000521,Furniture,Furnishings,"Seth Thomas 14"" Putty-Colored Wall Clock",117.36,4,0.0,36.3816
5798,CA-2014-124856,9/29/2014,10/3/2014,Second Class,LD-17005,Lisa DeCherney,Consumer,United States,New York City,New York,10011,East,OFF-LA-10000121,Office Supplies,Labels,Avery 48,18.9,3,0.0,8.694
5799,CA-2014-124856,9/29/2014,10/3/2014,Second Class,LD-17005,Lisa DeCherney,Consumer,United States,New York City,New York,10011,East,OFF-PA-10001289,Office Supplies,Paper,White Computer Printout Paper by Universal,77.52,2,0.0,37.9848
5804,US-2017-106796,5/12/2017,5/19/2017,Standard Class,JP-16135,Julie Prescott,Home Office,United States,Springfield,Ohio,45503,East,OFF-AR-10003504,Office Supplies,Art,Newell 347,10.272,3,0.2,1.1556
5814,CA-2015-150196,7/2/2015,7/3/2015,First Class,SR-20740,Steven Roelle,Home Office,United States,New York City,New York,10024,East,OFF-PA-10003797,Office Supplies,Paper,Xerox 209,19.44,3,0.0,9.3312
5816,CA-2014-124730,11/26/2014,11/26/2014,Same Day,LS-17245,Lynn Smith,Consumer,United States,Utica,New York,13501,East,TEC-PH-10002170,Technology,Phones,ClearSounds CSC500 Amplified Spirit Phone Corded phone,279.96,4,0.0,78.3888
5817,CA-2014-124730,11/26/2014,11/26/2014,Same Day,LS-17245,Lynn Smith,Consumer,United States,Utica,New York,13501,East,OFF-BI-10001078,Office Supplies,Binders,"Acco PRESSTEX Data Binder with Storage Hooks, Dark Blue, 14 7/8"" X 11""",12.912,3,0.2,4.6806
5818,CA-2014-124730,11/26/2014,11/26/2014,Same Day,LS-17245,Lynn Smith,Consumer,United States,Utica,New York,13501,East,OFF-BI-10001031,Office Supplies,Binders,Pressboard Data Binders by Wilson Jones,17.088,4,0.2,5.7672
5819,CA-2014-124730,11/26/2014,11/26/2014,Same Day,LS-17245,Lynn Smith,Consumer,United States,Utica,New York,13501,East,OFF-LA-10001158,Office Supplies,Labels,"Avery Address/Shipping Labels for Typewriters, 4"" x 2""",93.15,9,0.0,44.712
5820,CA-2014-124730,11/26/2014,11/26/2014,Same Day,LS-17245,Lynn Smith,Consumer,United States,Utica,New York,13501,East,OFF-LA-10001613,Office Supplies,Labels,Avery File Folder Labels,11.52,4,0.0,5.6448
5825,CA-2014-115056,5/2/2014,5/2/2014,Same Day,AR-10510,Andrew Roberts,Consumer,United States,Columbus,Ohio,43229,East,OFF-AP-10003971,Office Supplies,Appliances,Belkin 6 Outlet Metallic Surge Strip,26.136,3,0.2,1.9602
5826,CA-2017-161067,9/3/2017,9/6/2017,Second Class,KB-16405,Katrina Bavinger,Home Office,United States,New York City,New York,10035,East,OFF-PA-10000418,Office Supplies,Paper,Xerox 189,419.4,4,0.0,201.312
5827,CA-2017-161067,9/3/2017,9/6/2017,Second Class,KB-16405,Katrina Bavinger,Home Office,United States,New York City,New York,10035,East,FUR-CH-10004626,Furniture,Chairs,Office Star Flex Back Scooter Chair with Aluminum Finish Frame,90.801,1,0.1,14.1246
5828,CA-2017-161067,9/3/2017,9/6/2017,Second Class,KB-16405,Katrina Bavinger,Home Office,United States,New York City,New York,10035,East,FUR-CH-10004860,Furniture,Chairs,Global Low Back Tilter Chair,181.764,2,0.1,-8.0784
5829,CA-2017-161067,9/3/2017,9/6/2017,Second Class,KB-16405,Katrina Bavinger,Home Office,United States,New York City,New York,10035,East,OFF-AR-10003251,Office Supplies,Art,Prang Drawing Pencil Set,5.56,2,0.0,2.224
5861,CA-2015-157434,4/29/2015,5/4/2015,Second Class,JK-15640,Jim Kriz,Home Office,United States,Philadelphia,Pennsylvania,19120,East,OFF-PA-10001526,Office Supplies,Paper,Xerox 1949,7.968,2,0.2,2.8884
5865,US-2014-117968,8/5/2014,8/7/2014,Second Class,RS-19420,Ricardo Sperren,Corporate,United States,Meriden,Connecticut,6450,East,OFF-AP-10002765,Office Supplies,Appliances,Fellowes Advanced Computer Series Surge Protectors,79.47,3,0.0,22.2516
5866,US-2014-117968,8/5/2014,8/7/2014,Second Class,RS-19420,Ricardo Sperren,Corporate,United States,Meriden,Connecticut,6450,East,OFF-AR-10004165,Office Supplies,Art,"Binney & Smith inkTank Erasable Pocket Highlighter, Chisel Tip, Yellow",4.56,2,0.0,2.0064
5867,US-2014-117968,8/5/2014,8/7/2014,Second Class,RS-19420,Ricardo Sperren,Corporate,United States,Meriden,Connecticut,6450,East,FUR-CH-10002335,Furniture,Chairs,Hon GuestStacker Chair,1133.35,5,0.0,294.671
5868,CA-2016-158211,1/4/2016,1/8/2016,Standard Class,BP-11185,Ben Peterman,Corporate,United States,Philadelphia,Pennsylvania,19143,East,OFF-AR-10004078,Office Supplies,Art,Newell 312,4.672,1,0.2,0.584
5869,CA-2016-158211,1/4/2016,1/8/2016,Standard Class,BP-11185,Ben Peterman,Corporate,United States,Philadelphia,Pennsylvania,19143,East,OFF-BI-10002026,Office Supplies,Binders,Avery Arch Ring Binders,104.58,6,0.7,-80.178
5876,CA-2015-130554,4/7/2015,4/9/2015,First Class,FM-14290,Frank Merwin,Home Office,United States,Philadelphia,Pennsylvania,19140,East,OFF-AR-10001954,Office Supplies,Art,Newell 331,11.736,3,0.2,1.0269
5877,CA-2014-152443,5/21/2014,5/26/2014,Standard Class,FG-14260,Frank Gastineau,Home Office,United States,Lawrence,Massachusetts,1841,East,OFF-BI-10001071,Office Supplies,Binders,GBC ProClick Punch Binding System,447.86,7,0.0,219.4514
5878,CA-2014-152443,5/21/2014,5/26/2014,Standard Class,FG-14260,Frank Gastineau,Home Office,United States,Lawrence,Massachusetts,1841,East,OFF-PA-10003022,Office Supplies,Paper,Xerox 1992,17.94,3,0.0,8.7906
5879,CA-2014-152443,5/21/2014,5/26/2014,Standard Class,FG-14260,Frank Gastineau,Home Office,United States,Lawrence,Massachusetts,1841,East,OFF-AP-10001293,Office Supplies,Appliances,Belkin 8 Outlet Surge Protector,245.88,6,0.0,68.8464
5880,CA-2016-133319,9/5/2016,9/11/2016,Standard Class,MV-17485,Mark Van Huff,Consumer,United States,New York City,New York,10011,East,OFF-PA-10001815,Office Supplies,Paper,Xerox 1885,192.16,4,0.0,92.2368
5888,CA-2017-151596,10/8/2017,10/11/2017,First Class,BP-11050,Barry Pond,Corporate,United States,Cranston,Rhode Island,2920,East,OFF-ST-10001837,Office Supplies,Storage,"SAFCO Mobile Desk Side File, Wire Frame",42.76,1,0.0,11.1176
5890,CA-2016-166625,4/14/2016,4/17/2016,First Class,JM-15580,Jill Matthias,Consumer,United States,Baltimore,Maryland,21215,East,OFF-BI-10002414,Office Supplies,Binders,GBC ProClick Spines for 32-Hole Punch,25.06,2,0.0,11.7782
5902,CA-2016-159639,11/27/2016,12/2/2016,Standard Class,PC-18745,Pamela Coakley,Corporate,United States,Westfield,New Jersey,7090,East,FUR-FU-10001889,Furniture,Furnishings,Ultra Door Pull Handle,31.56,3,0.0,10.4148
5914,US-2015-126977,9/17/2015,9/23/2015,Standard Class,PF-19120,Peter Fuller,Consumer,United States,New York City,New York,10035,East,OFF-ST-10000617,Office Supplies,Storage,Woodgrain Magazine Files by Perma,14.9,5,0.0,1.043
5915,US-2015-126977,9/17/2015,9/23/2015,Standard Class,PF-19120,Peter Fuller,Consumer,United States,New York City,New York,10035,East,OFF-LA-10002762,Office Supplies,Labels,Avery 485,87.71,7,0.0,41.2237
5916,US-2015-126977,9/17/2015,9/23/2015,Standard Class,PF-19120,Peter Fuller,Consumer,United States,New York City,New York,10035,East,FUR-CH-10001973,Furniture,Chairs,Office Star Flex Back Scooter Chair with White Frame,199.764,2,0.1,8.8784
5917,US-2015-126977,9/17/2015,9/23/2015,Standard Class,PF-19120,Peter Fuller,Consumer,United States,New York City,New York,10035,East,OFF-ST-10003058,Office Supplies,Storage,Eldon Mobile Mega Data Cart  Mega Stackable  Add-On Trays,94.6,4,0.0,27.434
5918,US-2015-126977,9/17/2015,9/23/2015,Standard Class,PF-19120,Peter Fuller,Consumer,United States,New York City,New York,10035,East,FUR-BO-10004834,Furniture,Bookcases,"Riverside Palais Royal Lawyers Bookcase, Royale Cherry Finish",4228.704,6,0.2,158.5764
5919,US-2015-126977,9/17/2015,9/23/2015,Standard Class,PF-19120,Peter Fuller,Consumer,United States,New York City,New York,10035,East,FUR-BO-10002213,Furniture,Bookcases,DMI Eclipse Executive Suite Bookcases,2003.92,5,0.2,-25.049
5920,US-2015-126977,9/17/2015,9/23/2015,Standard Class,PF-19120,Peter Fuller,Consumer,United States,New York City,New York,10035,East,TEC-PH-10002170,Technology,Phones,ClearSounds CSC500 Amplified Spirit Phone Corded phone,209.97,3,0.0,58.7916
5921,US-2015-126977,9/17/2015,9/23/2015,Standard Class,PF-19120,Peter Fuller,Consumer,United States,New York City,New York,10035,East,TEC-AC-10003033,Technology,Accessories,Plantronics CS510 - Over-the-Head monaural Wireless Headset System,659.9,2,0.0,217.767
5922,US-2015-126977,9/17/2015,9/23/2015,Standard Class,PF-19120,Peter Fuller,Consumer,United States,New York City,New York,10035,East,OFF-PA-10004071,Office Supplies,Paper,"Eaton Premium Continuous-Feed Paper, 25% Cotton, Letter Size, White, 1000 Shts/Box",110.96,2,0.0,53.2608
5923,US-2015-126977,9/17/2015,9/23/2015,Standard Class,PF-19120,Peter Fuller,Consumer,United States,New York City,New York,10035,East,TEC-PH-10000169,Technology,Phones,ARKON Windshield Dashboard Air Vent Car Mount Holder,67.8,4,0.0,1.356
5924,CA-2016-130288,11/26/2016,11/30/2016,Second Class,DK-13225,Dean Katz,Corporate,United States,New York City,New York,10011,East,FUR-TA-10002958,Furniture,Tables,"Bevis Oval Conference Table, Walnut",313.176,2,0.4,-120.0508
5930,US-2017-169551,7/7/2017,7/9/2017,First Class,RL-19615,Rob Lucas,Consumer,United States,Philadelphia,Pennsylvania,19120,East,FUR-BO-10001519,Furniture,Bookcases,O'Sullivan 3-Shelf Heavy-Duty Bookcases,87.21,3,0.5,-45.3492
5931,US-2017-169551,7/7/2017,7/9/2017,First Class,RL-19615,Rob Lucas,Consumer,United States,Philadelphia,Pennsylvania,19120,East,OFF-PA-10004100,Office Supplies,Paper,Xerox 216,15.552,3,0.2,5.4432
5932,US-2017-169551,7/7/2017,7/9/2017,First Class,RL-19615,Rob Lucas,Consumer,United States,Philadelphia,Pennsylvania,19120,East,TEC-PH-10001363,Technology,Phones,Apple iPhone 5S,683.988,2,0.4,-113.998
5933,US-2017-169551,7/7/2017,7/9/2017,First Class,RL-19615,Rob Lucas,Consumer,United States,Philadelphia,Pennsylvania,19120,East,OFF-ST-10004835,Office Supplies,Storage,Plastic Stacking Crates & Casters,13.392,3,0.2,1.0044
5934,US-2017-169551,7/7/2017,7/9/2017,First Class,RL-19615,Rob Lucas,Consumer,United States,Philadelphia,Pennsylvania,19120,East,TEC-AC-10002018,Technology,Accessories,AmazonBasics 3-Button USB Wired Mouse,16.776,3,0.2,4.8231
5935,US-2017-169551,7/7/2017,7/9/2017,First Class,RL-19615,Rob Lucas,Consumer,United States,Philadelphia,Pennsylvania,19120,East,TEC-AC-10003033,Technology,Accessories,Plantronics CS510 - Over-the-Head monaural Wireless Headset System,527.92,2,0.2,85.787
5954,US-2014-105151,3/30/2014,3/31/2014,First Class,SG-20890,Susan Gilcrest,Corporate,United States,New York City,New York,10009,East,OFF-AR-10001231,Office Supplies,Art,"Sanford EarthWrite Recycled Pencils, Medium Soft, #2",10.5,5,0.0,2.94
5955,CA-2014-155796,11/11/2014,11/15/2014,Second Class,TS-21430,Tom Stivers,Corporate,United States,Reading,Pennsylvania,19601,East,FUR-FU-10000409,Furniture,Furnishings,"GE 4 Foot Flourescent Tube, 40 Watt",23.968,2,0.2,7.7896
5956,CA-2014-155796,11/11/2014,11/15/2014,Second Class,TS-21430,Tom Stivers,Corporate,United States,Reading,Pennsylvania,19601,East,FUR-BO-10002545,Furniture,Bookcases,"Atlantic Metals Mobile 3-Shelf Bookcases, Custom Colors",521.96,4,0.5,-250.5408
5968,CA-2016-166912,1/15/2016,1/17/2016,First Class,BE-11335,Bill Eplett,Home Office,United States,New York City,New York,10009,East,OFF-PA-10001033,Office Supplies,Paper,Xerox 1893,81.98,2,0.0,40.1702
5973,CA-2017-115105,2/6/2017,2/11/2017,Standard Class,BD-11770,Bryan Davis,Consumer,United States,New York City,New York,10024,East,FUR-BO-10001811,Furniture,Bookcases,"Atlantic Metals Mobile 5-Shelf Bookcases, Custom Colors",240.784,1,0.2,30.098
5974,CA-2015-143980,12/25/2015,12/29/2015,Standard Class,JK-15640,Jim Kriz,Home Office,United States,New York City,New York,10011,East,OFF-AP-10003779,Office Supplies,Appliances,Kensington 7 Outlet MasterPiece Power Center with Fax/Phone Line Protection,414.96,2,0.0,124.488
5983,CA-2016-114895,11/21/2016,11/28/2016,Standard Class,MV-18190,Mike Vittorini,Consumer,United States,New York City,New York,10035,East,OFF-PA-10000232,Office Supplies,Paper,Xerox 1975,12.96,2,0.0,6.3504
5984,CA-2017-112984,9/16/2017,9/18/2017,Second Class,EH-14185,Evan Henry,Consumer,United States,Philadelphia,Pennsylvania,19143,East,OFF-PA-10003657,Office Supplies,Paper,Xerox 1927,20.544,6,0.2,6.42
5994,CA-2016-162187,12/11/2016,12/11/2016,Same Day,NS-18640,Noel Staavos,Corporate,United States,Columbus,Ohio,43229,East,OFF-ST-10001558,Office Supplies,Storage,Acco Perma 4000 Stacking Storage Drawers,64.96,5,0.2,-4.06
5995,CA-2016-162187,12/11/2016,12/11/2016,Same Day,NS-18640,Noel Staavos,Corporate,United States,Columbus,Ohio,43229,East,OFF-SU-10004782,Office Supplies,Supplies,"Elite 5"" Scissors",13.52,2,0.2,1.69
5996,CA-2016-162187,12/11/2016,12/11/2016,Same Day,NS-18640,Noel Staavos,Corporate,United States,Columbus,Ohio,43229,East,FUR-CH-10003298,Furniture,Chairs,"Office Star - Contemporary Task Swivel chair with Loop Arms, Charcoal",458.43,5,0.3,-137.529
5997,CA-2016-162187,12/11/2016,12/11/2016,Same Day,NS-18640,Noel Staavos,Corporate,United States,Columbus,Ohio,43229,East,OFF-AP-10000576,Office Supplies,Appliances,"Belkin 325VA UPS Surge Protector, 6'",387.136,4,0.2,24.196
5998,CA-2016-162187,12/11/2016,12/11/2016,Same Day,NS-18640,Noel Staavos,Corporate,United States,Columbus,Ohio,43229,East,FUR-TA-10003008,Furniture,Tables,"Lesro Round Back Collection Coffee Table, End Table",328.59,3,0.4,-147.8655
6006,CA-2015-100657,11/2/2015,11/7/2015,Standard Class,SW-20245,Scot Wooten,Consumer,United States,Troy,New York,12180,East,FUR-CH-10003535,Furniture,Chairs,"Global Armless Task Chair, Royal Blue",109.764,2,0.1,8.5372
6007,CA-2017-129581,12/11/2017,12/18/2017,Standard Class,KN-16390,Katherine Nockton,Corporate,United States,New Bedford,Massachusetts,2740,East,TEC-PH-10001527,Technology,Phones,Plantronics MX500i Earset,128.85,3,0.0,3.8655
6020,CA-2014-152422,10/5/2014,10/10/2014,Second Class,BD-11635,Brian Derr,Consumer,United States,Columbus,Ohio,43229,East,OFF-AP-10002892,Office Supplies,Appliances,Belkin F5C206VTEL 6 Outlet Surge,91.92,5,0.2,11.49
6024,US-2017-128832,4/24/2017,4/27/2017,First Class,LS-16945,Linda Southworth,Corporate,United States,Providence,Rhode Island,2908,East,TEC-AC-10004855,Technology,Accessories,V7 USB Numeric Keypad,69.98,2,0.0,4.8986
6025,CA-2017-139717,8/24/2017,8/26/2017,Second Class,DM-13015,Darrin Martin,Consumer,United States,Lancaster,Ohio,43130,East,OFF-AP-10000938,Office Supplies,Appliances,Avanti 1.7 Cu. Ft. Refrigerator,646.272,8,0.2,64.6272
6026,CA-2017-139717,8/24/2017,8/26/2017,Second Class,DM-13015,Darrin Martin,Consumer,United States,Lancaster,Ohio,43130,East,OFF-PA-10002195,Office Supplies,Paper,Xerox 1966,10.368,2,0.2,3.7584
6032,CA-2016-101168,12/25/2016,1/1/2017,Standard Class,SS-20140,Saphhira Shifley,Corporate,United States,Nashua,New Hampshire,3060,East,FUR-FU-10003142,Furniture,Furnishings,"Master Big Foot Doorstop, Beige",21.12,4,0.0,6.5472
6033,CA-2017-104010,4/23/2017,4/25/2017,First Class,TD-20995,Tamara Dahlen,Consumer,United States,New York City,New York,10011,East,OFF-SU-10001218,Office Supplies,Supplies,Fiskars Softgrip Scissors,54.9,5,0.0,15.372
6053,CA-2016-124016,9/23/2016,9/26/2016,Second Class,JS-15940,Joni Sundaresam,Home Office,United States,Lancaster,Ohio,43130,East,OFF-PA-10002586,Office Supplies,Paper,Xerox 1970,11.952,3,0.2,4.0338
6054,CA-2016-124016,9/23/2016,9/26/2016,Second Class,JS-15940,Joni Sundaresam,Home Office,United States,Lancaster,Ohio,43130,East,FUR-FU-10004963,Furniture,Furnishings,"Eldon 400 Class Desk Accessories, Black Carbon",28.0,4,0.2,7.7
6055,CA-2016-124016,9/23/2016,9/26/2016,Second Class,JS-15940,Joni Sundaresam,Home Office,United States,Lancaster,Ohio,43130,East,OFF-BI-10002071,Office Supplies,Binders,Fellowes Black Plastic Comb Bindings,12.201,7,0.7,-9.7608
6058,CA-2014-107524,3/2/2014,3/8/2014,Standard Class,KN-16705,Kristina Nunn,Home Office,United States,New York City,New York,10009,East,OFF-EN-10001990,Office Supplies,Envelopes,Staple envelope,11.36,2,0.0,5.3392
6059,CA-2014-107524,3/2/2014,3/8/2014,Standard Class,KN-16705,Kristina Nunn,Home Office,United States,New York City,New York,10009,East,OFF-PA-10000587,Office Supplies,Paper,"Array Parchment Paper, Assorted Colors",36.4,5,0.0,17.472
6060,CA-2014-138072,12/30/2014,1/3/2015,Standard Class,GA-14725,Guy Armstrong,Consumer,United States,Philadelphia,Pennsylvania,19120,East,TEC-AC-10004859,Technology,Accessories,"Maxell Pro 80 Minute CD-R, 10/Pack",27.968,2,0.2,6.992
6061,CA-2015-134201,4/10/2015,4/16/2015,Standard Class,EH-14125,Eugene Hildebrand,Home Office,United States,Rochester,New York,14609,East,OFF-ST-10001476,Office Supplies,Storage,Steel Personal Filing/Posting Tote,142.04,4,0.0,38.3508
6062,CA-2015-134201,4/10/2015,4/16/2015,Standard Class,EH-14125,Eugene Hildebrand,Home Office,United States,Rochester,New York,14609,East,OFF-AR-10002804,Office Supplies,Art,Faber Castell Col-Erase Pencils,14.67,3,0.0,6.0147
6066,CA-2015-119942,4/5/2015,4/7/2015,First Class,TT-21070,Ted Trevino,Consumer,United States,Philadelphia,Pennsylvania,19120,East,OFF-LA-10001569,Office Supplies,Labels,Avery 499,23.904,6,0.2,7.7688
6071,CA-2017-167542,8/13/2017,8/20/2017,Standard Class,KD-16495,Keith Dawkins,Corporate,United States,Philadelphia,Pennsylvania,19120,East,OFF-LA-10004093,Office Supplies,Labels,Avery 486,17.544,3,0.2,5.9211
6077,CA-2016-151561,9/1/2016,9/7/2016,Standard Class,PG-18820,Patrick Gardner,Consumer,United States,New York City,New York,10011,East,TEC-AC-10001432,Technology,Accessories,Enermax Aurora Lite Keyboard,468.9,6,0.0,206.316
6078,CA-2016-151561,9/1/2016,9/7/2016,Standard Class,PG-18820,Patrick Gardner,Consumer,United States,New York City,New York,10011,East,TEC-AC-10003399,Technology,Accessories,Memorex Mini Travel Drive 64 GB USB 2.0 Flash Drive,72.48,2,0.0,30.4416
6079,CA-2016-151561,9/1/2016,9/7/2016,Standard Class,PG-18820,Patrick Gardner,Consumer,United States,New York City,New York,10011,East,OFF-SU-10001574,Office Supplies,Supplies,Acme Value Line Scissors,10.95,3,0.0,3.285
6080,CA-2016-151561,9/1/2016,9/7/2016,Standard Class,PG-18820,Patrick Gardner,Consumer,United States,New York City,New York,10011,East,FUR-FU-10004864,Furniture,Furnishings,"Howard Miller 14-1/2"" Diameter Chrome Round Wall Clock",191.82,3,0.0,61.3824
6091,CA-2017-100111,9/20/2017,9/26/2017,Standard Class,SV-20365,Seth Vernon,Consumer,United States,New York City,New York,10035,East,FUR-CH-10003846,Furniture,Chairs,Hon Valutask Swivel Chairs,272.646,3,0.1,18.1764
6092,CA-2017-100111,9/20/2017,9/26/2017,Standard Class,SV-20365,Seth Vernon,Consumer,United States,New York City,New York,10035,East,TEC-AC-10002647,Technology,Accessories,"Logitech Wireless Boombox Speaker - portable - wireless, wired",212.8,2,0.0,95.76
6093,CA-2017-100111,9/20/2017,9/26/2017,Standard Class,SV-20365,Seth Vernon,Consumer,United States,New York City,New York,10035,East,OFF-PA-10000807,Office Supplies,Paper,"TOPS ""Important Message"" Pads, Canary, 4-1/4 x 5-1/2, 50 Sheets per Pad",38.52,9,0.0,18.1044
6094,CA-2017-100111,9/20/2017,9/26/2017,Standard Class,SV-20365,Seth Vernon,Consumer,United States,New York City,New York,10035,East,TEC-AC-10001465,Technology,Accessories,SanDisk Cruzer 64 GB USB Flash Drive,72.64,2,0.0,21.792
6095,CA-2017-100111,9/20/2017,9/26/2017,Standard Class,SV-20365,Seth Vernon,Consumer,United States,New York City,New York,10035,East,OFF-ST-10000615,Office Supplies,Storage,"SimpliFile Personal File, Black Granite, 15w x 6-15/16d x 11-1/4h",45.4,4,0.0,12.712
6096,CA-2017-100111,9/20/2017,9/26/2017,Standard Class,SV-20365,Seth Vernon,Consumer,United States,New York City,New York,10035,East,OFF-PA-10002713,Office Supplies,Paper,"Adams Phone Message Book, 200 Message Capacity, 8 1/16 x 11",13.76,2,0.0,6.3296
6097,CA-2017-100111,9/20/2017,9/26/2017,Standard Class,SV-20365,Seth Vernon,Consumer,United States,New York City,New York,10035,East,FUR-CH-10003061,Furniture,Chairs,"Global Leather Task Chair, Black",80.991,1,0.1,8.0991
6098,CA-2017-100111,9/20/2017,9/26/2017,Standard Class,SV-20365,Seth Vernon,Consumer,United States,New York City,New York,10035,East,OFF-BI-10000343,Office Supplies,Binders,"Pressboard Covers with Storage Hooks, 9 1/2"" x 11"", Light Blue",11.784,3,0.2,3.9771
6099,CA-2017-100111,9/20/2017,9/26/2017,Standard Class,SV-20365,Seth Vernon,Consumer,United States,New York City,New York,10035,East,OFF-FA-10000304,Office Supplies,Fasteners,Advantus Push Pins,4.36,2,0.0,1.7876
6100,CA-2017-100111,9/20/2017,9/26/2017,Standard Class,SV-20365,Seth Vernon,Consumer,United States,New York City,New York,10035,East,FUR-CH-10004086,Furniture,Chairs,Hon 4070 Series Pagoda Armless Upholstered Stacking Chairs,2888.127,11,0.1,609.7157
6101,CA-2017-100111,9/20/2017,9/26/2017,Standard Class,SV-20365,Seth Vernon,Consumer,United States,New York City,New York,10035,East,TEC-PH-10002885,Technology,Phones,Apple iPhone 5,1299.66,2,0.0,350.9082
6102,CA-2017-100111,9/20/2017,9/26/2017,Standard Class,SV-20365,Seth Vernon,Consumer,United States,New York City,New York,10035,East,FUR-CH-10001215,Furniture,Chairs,Global Troy Executive Leather Low-Back Tilter,2254.41,5,0.1,375.735
6103,CA-2017-100111,9/20/2017,9/26/2017,Standard Class,SV-20365,Seth Vernon,Consumer,United States,New York City,New York,10035,East,TEC-PH-10000215,Technology,Phones,Plantronics Cordless Phone Headset with In-line Volume - M214C,104.85,3,0.0,28.3095
6104,CA-2017-100111,9/20/2017,9/26/2017,Standard Class,SV-20365,Seth Vernon,Consumer,United States,New York City,New York,10035,East,TEC-AC-10001998,Technology,Accessories,Logitech LS21 Speaker System - PC Multimedia - 2.1-CH - Wired,59.97,3,0.0,20.3898
6105,US-2017-132381,8/22/2017,8/24/2017,First Class,Dp-13240,Dean percer,Home Office,United States,Philadelphia,Pennsylvania,19143,East,FUR-TA-10002356,Furniture,Tables,Bevis Boat-Shaped Conference Table,314.532,2,0.4,-83.8752
6111,CA-2016-124590,11/12/2016,11/16/2016,Standard Class,SP-20920,Susan Pistek,Consumer,United States,Parma,Ohio,44134,East,FUR-CH-10004495,Furniture,Chairs,"Global Leather and Oak Executive Chair, Black",1474.802,7,0.3,-21.0686
6112,CA-2016-124590,11/12/2016,11/16/2016,Standard Class,SP-20920,Susan Pistek,Consumer,United States,Parma,Ohio,44134,East,OFF-AP-10002311,Office Supplies,Appliances,"Holmes Replacement Filter for HEPA Air Cleaner, Very Large Room, HEPA Filter",110.096,2,0.2,33.0288
6113,CA-2016-124590,11/12/2016,11/16/2016,Standard Class,SP-20920,Susan Pistek,Consumer,United States,Parma,Ohio,44134,East,OFF-FA-10000585,Office Supplies,Fasteners,OIC Bulk Pack Metal Binder Clips,16.752,6,0.2,5.4444
6114,CA-2016-124590,11/12/2016,11/16/2016,Standard Class,SP-20920,Susan Pistek,Consumer,United States,Parma,Ohio,44134,East,FUR-CH-10000454,Furniture,Chairs,"Hon Deluxe Fabric Upholstered Stacking Chairs, Rounded Back",1537.074,9,0.3,0.0
6115,CA-2016-124590,11/12/2016,11/16/2016,Standard Class,SP-20920,Susan Pistek,Consumer,United States,Parma,Ohio,44134,East,FUR-CH-10003746,Furniture,Chairs,Hon 4070 Series Pagoda Round Back Stacking Chairs,449.372,2,0.3,-12.8392
6117,US-2016-113677,11/13/2016,11/19/2016,Standard Class,CM-12655,Corinna Mitchell,Home Office,United States,New York City,New York,10011,East,TEC-PH-10002114,Technology,Phones,Xiaomi Mi3,2279.96,4,0.0,592.7896
6118,US-2016-113677,11/13/2016,11/19/2016,Standard Class,CM-12655,Corinna Mitchell,Home Office,United States,New York City,New York,10011,East,OFF-LA-10001569,Office Supplies,Labels,Avery 499,14.94,3,0.0,6.8724
6128,CA-2016-124100,3/31/2016,4/6/2016,Standard Class,EH-13990,Erica Hackney,Consumer,United States,New York City,New York,10009,East,FUR-CH-10003817,Furniture,Chairs,"Global Value Steno Chair, Gray",327.996,6,0.1,54.666
6132,CA-2014-163447,12/27/2014,12/31/2014,Standard Class,TB-21190,Thomas Brumley,Home Office,United States,New York City,New York,10011,East,FUR-CH-10004477,Furniture,Chairs,"Global Push Button Manager's Chair, Indigo",767.214,14,0.1,161.9674
6141,CA-2017-121083,7/9/2017,7/15/2017,Standard Class,JF-15190,Jamie Frazer,Consumer,United States,Manchester,Connecticut,6040,East,OFF-PA-10001497,Office Supplies,Paper,Xerox 1914,274.8,5,0.0,134.652
6142,CA-2017-121083,7/9/2017,7/15/2017,Standard Class,JF-15190,Jamie Frazer,Consumer,United States,Manchester,Connecticut,6040,East,OFF-ST-10002554,Office Supplies,Storage,Tennsco Industrial Shelving,195.64,4,0.0,3.9128
6143,CA-2017-121083,7/9/2017,7/15/2017,Standard Class,JF-15190,Jamie Frazer,Consumer,United States,Manchester,Connecticut,6040,East,TEC-PH-10001336,Technology,Phones,Digium D40 VoIP phone,257.98,2,0.0,74.8142
6144,CA-2017-121083,7/9/2017,7/15/2017,Standard Class,JF-15190,Jamie Frazer,Consumer,United States,Manchester,Connecticut,6040,East,OFF-AR-10002987,Office Supplies,Art,Prismacolor Color Pencil Set,119.04,6,0.0,48.8064
6154,CA-2017-151484,4/20/2017,4/23/2017,First Class,CV-12805,Cynthia Voltz,Corporate,United States,Philadelphia,Pennsylvania,19120,East,FUR-FU-10001876,Furniture,Furnishings,"Computer Room Manger, 14""",51.968,2,0.2,10.3936
6155,CA-2017-151484,4/20/2017,4/23/2017,First Class,CV-12805,Cynthia Voltz,Corporate,United States,Philadelphia,Pennsylvania,19120,East,OFF-ST-10002370,Office Supplies,Storage,"Sortfiler Multipurpose Personal File Organizer, Black",51.336,3,0.2,5.7753
6156,CA-2017-151484,4/20/2017,4/23/2017,First Class,CV-12805,Cynthia Voltz,Corporate,United States,Philadelphia,Pennsylvania,19120,East,OFF-ST-10000142,Office Supplies,Storage,Deluxe Rollaway Locking File with Drawer,332.704,1,0.2,33.2704
6157,CA-2017-151484,4/20/2017,4/23/2017,First Class,CV-12805,Cynthia Voltz,Corporate,United States,Philadelphia,Pennsylvania,19120,East,FUR-FU-10004671,Furniture,Furnishings,"Executive Impressions 12"" Wall Clock",42.408,3,0.2,9.5418
6171,CA-2016-141523,12/19/2016,12/24/2016,Second Class,MH-17440,Mark Haberlin,Corporate,United States,New York City,New York,10035,East,OFF-BI-10000948,Office Supplies,Binders,"GBC Laser Imprintable Binding System Covers, Desert Sand",34.248,3,0.2,11.5587
6172,CA-2016-141523,12/19/2016,12/24/2016,Second Class,MH-17440,Mark Haberlin,Corporate,United States,New York City,New York,10035,East,OFF-AR-10001545,Office Supplies,Art,Newell 326,3.52,2,0.0,1.0208
6186,CA-2015-138331,8/7/2015,8/12/2015,Standard Class,JK-15625,Jim Karlsson,Consumer,United States,Philadelphia,Pennsylvania,19120,East,OFF-AR-10002952,Office Supplies,Art,Stanley Contemporary Battery Pencil Sharpeners,106.8,10,0.2,10.68
6187,CA-2015-138954,11/15/2015,11/17/2015,First Class,MH-17785,Maya Herman,Corporate,United States,New York City,New York,10035,East,OFF-ST-10003058,Office Supplies,Storage,Eldon Mobile Mega Data Cart  Mega Stackable  Add-On Trays,70.95,3,0.0,20.5755
6188,CA-2015-138954,11/15/2015,11/17/2015,First Class,MH-17785,Maya Herman,Corporate,United States,New York City,New York,10035,East,OFF-BI-10003963,Office Supplies,Binders,Cardinal Holdit Data Disk Pockets,34.944,6,0.2,11.7936
6189,CA-2015-138954,11/15/2015,11/17/2015,First Class,MH-17785,Maya Herman,Corporate,United States,New York City,New York,10035,East,OFF-AR-10001955,Office Supplies,Art,Newell 319,119.04,6,0.0,35.712
6191,CA-2016-157259,12/24/2016,12/28/2016,Standard Class,JM-15535,Jessica Myrick,Consumer,United States,New York City,New York,10035,East,FUR-FU-10003192,Furniture,Furnishings,Luxo Adjustable Task Clamp Lamp,799.56,9,0.0,207.8856
6196,CA-2017-113453,10/21/2017,10/28/2017,Standard Class,CM-12160,Charles McCrossin,Consumer,United States,Philadelphia,Pennsylvania,19143,East,TEC-PH-10004165,Technology,Phones,Mitel MiVoice 5330e IP Phone,329.988,2,0.4,-76.9972
6197,CA-2017-113453,10/21/2017,10/28/2017,Standard Class,CM-12160,Charles McCrossin,Consumer,United States,Philadelphia,Pennsylvania,19143,East,OFF-ST-10000352,Office Supplies,Storage,Acco Perma 2700 Stacking Storage Drawers,71.376,3,0.2,-4.461
6204,CA-2016-133669,10/21/2016,10/27/2016,Standard Class,SV-20935,Susan Vittorini,Consumer,United States,Columbus,Ohio,43229,East,TEC-PH-10001305,Technology,Phones,Panasonic KX TS208W Corded phone,235.152,8,0.4,-47.0304
6205,CA-2017-145660,12/1/2017,12/3/2017,First Class,MG-17650,Matthew Grinstein,Home Office,United States,Marion,Ohio,43302,East,FUR-FU-10002885,Furniture,Furnishings,Magna Visual Magnetic Picture Hangers,7.712,2,0.2,1.7352
6209,CA-2017-148138,9/29/2017,10/3/2017,Standard Class,ME-18010,Michelle Ellison,Corporate,United States,Marion,Ohio,43302,East,OFF-ST-10000563,Office Supplies,Storage,Fellowes Bankers Box Stor/Drawer Steel Plus,51.168,2,0.2,-6.396
6216,CA-2015-161711,11/28/2015,12/3/2015,Standard Class,MC-17425,Mark Cousins,Corporate,United States,New York City,New York,10035,East,FUR-FU-10000087,Furniture,Furnishings,"Executive Impressions 14"" Two-Color Numerals Wall Clock",68.16,3,0.0,27.9456
6217,CA-2015-161711,11/28/2015,12/3/2015,Standard Class,MC-17425,Mark Cousins,Corporate,United States,New York City,New York,10035,East,OFF-EN-10001539,Office Supplies,Envelopes,Staple envelope,62.24,8,0.0,29.2528
6229,CA-2016-148208,1/22/2016,1/27/2016,Standard Class,BT-11530,Bradley Talbott,Home Office,United States,Cleveland,Ohio,44105,East,TEC-PH-10004093,Technology,Phones,Panasonic Kx-TS550,110.376,4,0.4,-20.2356
6230,CA-2016-148208,1/22/2016,1/27/2016,Standard Class,BT-11530,Bradley Talbott,Home Office,United States,Cleveland,Ohio,44105,East,TEC-AC-10000171,Technology,Accessories,"Verbatim 25 GB 6x Blu-ray Single Layer Recordable Disc, 25/Pack",55.176,3,0.2,15.8631
6237,CA-2016-144400,2/23/2016,2/27/2016,Standard Class,AC-10420,Alyssa Crouse,Corporate,United States,Philadelphia,Pennsylvania,19120,East,OFF-EN-10004386,Office Supplies,Envelopes,"Recycled Interoffice Envelopes with String and Button Closure, 10 x 13",57.576,3,0.2,21.591
6238,US-2016-155180,1/22/2016,1/29/2016,Standard Class,TB-21280,Toby Braunhardt,Consumer,United States,New York City,New York,10009,East,OFF-BI-10004506,Office Supplies,Binders,Wilson Jones data.warehouse D-Ring Binders with DublLock,26.336,4,0.2,9.2176
6242,CA-2017-141572,5/28/2017,5/31/2017,Second Class,LO-17170,Lori Olson,Corporate,United States,Concord,New Hampshire,3301,East,FUR-FU-10001185,Furniture,Furnishings,"Advantus Employee of the Month Certificate Frame, 11 x 13-1/2",247.44,8,0.0,101.4504
6258,CA-2017-141425,11/2/2017,11/6/2017,Second Class,AR-10825,Anthony Rawles,Corporate,United States,Columbus,Ohio,43229,East,OFF-SU-10000646,Office Supplies,Supplies,Premier Automatic Letter Opener,384.592,2,0.2,-81.7258
6259,CA-2015-133536,3/28/2015,3/30/2015,Second Class,JH-15820,John Huston,Consumer,United States,New York City,New York,10009,East,OFF-EN-10004459,Office Supplies,Envelopes,Security-Tint Envelopes,22.92,3,0.0,11.2308
6262,CA-2017-103506,7/23/2017,7/27/2017,Standard Class,LR-17035,Lisa Ryan,Corporate,United States,Long Beach,New York,11561,East,OFF-LA-10001158,Office Supplies,Labels,"Avery Address/Shipping Labels for Typewriters, 4"" x 2""",41.4,4,0.0,19.872
6268,CA-2015-115392,10/1/2015,10/4/2015,Second Class,RM-19675,Robert Marley,Home Office,United States,Cambridge,Massachusetts,2138,East,TEC-PH-10002496,Technology,Phones,Cisco SPA301,311.98,2,0.0,93.594
6269,CA-2015-115392,10/1/2015,10/4/2015,Second Class,RM-19675,Robert Marley,Home Office,United States,Cambridge,Massachusetts,2138,East,OFF-BI-10000829,Office Supplies,Binders,Avery Non-Stick Binders,22.45,5,0.0,10.327
6281,CA-2017-152226,5/12/2017,5/16/2017,Standard Class,JH-15910,Jonathan Howell,Consumer,United States,Cincinnati,Ohio,45231,East,OFF-LA-10000443,Office Supplies,Labels,Avery 501,5.904,2,0.2,1.9926
6282,CA-2015-116484,11/20/2015,11/26/2015,Standard Class,JK-15205,Jamie Kunitz,Consumer,United States,Marion,Ohio,43302,East,FUR-FU-10002874,Furniture,Furnishings,Ultra Commercial Grade Dual Valve Door Closer,63.824,2,0.2,9.5736
6283,CA-2015-116484,11/20/2015,11/26/2015,Standard Class,JK-15205,Jamie Kunitz,Consumer,United States,Marion,Ohio,43302,East,OFF-ST-10003994,Office Supplies,Storage,"Belkin 19"" Center-Weighted Shelf, Gray",141.552,3,0.2,-26.541
6286,CA-2016-125080,10/21/2016,10/26/2016,Standard Class,VW-21775,Victoria Wilson,Corporate,United States,Lakewood,Ohio,44107,East,FUR-TA-10003238,Furniture,Tables,"Chromcraft Bull-Nose Wood 48"" x 96"" Rectangular Conference Tables",661.176,2,0.4,-231.4116
6295,CA-2014-141152,9/16/2014,9/19/2014,First Class,RF-19345,Randy Ferguson,Corporate,United States,New York City,New York,10024,East,OFF-BI-10002931,Office Supplies,Binders,"Avery Trapezoid Extra Heavy Duty 4"" Binders",33.552,1,0.2,12.582
6296,CA-2014-141313,12/28/2014,1/1/2015,Standard Class,AJ-10780,Anthony Jacobs,Corporate,United States,Beverly,Massachusetts,1915,East,OFF-AP-10002651,Office Supplies,Appliances,Hoover Upright Vacuum With Dirt Cup,1737.18,6,0.0,503.7822
6297,CA-2014-141313,12/28/2014,1/1/2015,Standard Class,AJ-10780,Anthony Jacobs,Corporate,United States,Beverly,Massachusetts,1915,East,OFF-ST-10000689,Office Supplies,Storage,"Fellowes Strictly Business Drawer File, Letter/Legal Size",704.25,5,0.0,84.51
6298,CA-2014-141313,12/28/2014,1/1/2015,Standard Class,AJ-10780,Anthony Jacobs,Corporate,United States,Beverly,Massachusetts,1915,East,OFF-PA-10003302,Office Supplies,Paper,Xerox 1906,141.76,4,0.0,66.6272
6305,CA-2017-107552,5/5/2017,5/5/2017,Same Day,AI-10855,Arianne Irving,Consumer,United States,New York City,New York,10035,East,OFF-PA-10002947,Office Supplies,Paper,Xerox 1923,6.68,1,0.0,3.2064
6313,CA-2017-120019,2/16/2017,2/21/2017,Standard Class,NG-18355,Nat Gilpin,Corporate,United States,Fairfield,Connecticut,6824,East,OFF-ST-10001932,Office Supplies,Storage,Fellowes Staxonsteel Drawer Files,579.51,3,0.0,81.1314
6314,CA-2017-120019,2/16/2017,2/21/2017,Standard Class,NG-18355,Nat Gilpin,Corporate,United States,Fairfield,Connecticut,6824,East,TEC-PH-10000923,Technology,Phones,"Belkin SportFit Armband For iPhone 5s/5c, Fuchsia",14.99,1,0.0,7.3451
6322,CA-2014-123316,10/13/2014,10/17/2014,Standard Class,SP-20545,Sibella Parks,Corporate,United States,Mount Vernon,New York,10550,East,OFF-BI-10002764,Office Supplies,Binders,Recycled Pressboard Report Cover with Reinforced Top Hinge,7.752,3,0.2,2.8101
6324,CA-2014-104402,6/17/2014,6/23/2014,Standard Class,DB-13660,Duane Benoit,Consumer,United States,Newark,Delaware,19711,East,TEC-MA-10000423,Technology,Machines,Texas Instruments TI-34 Scientific Calculator,65.97,3,0.0,31.0059
6335,CA-2014-133305,7/11/2014,7/15/2014,Standard Class,MH-17455,Mark Hamilton,Consumer,United States,New York City,New York,10011,East,OFF-PA-10001970,Office Supplies,Paper,Xerox 1881,49.12,4,0.0,23.0864
6336,CA-2014-133305,7/11/2014,7/15/2014,Standard Class,MH-17455,Mark Hamilton,Consumer,United States,New York City,New York,10011,East,OFF-BI-10002954,Office Supplies,Binders,Newell 3-Hole Punched Plastic Slotted Magazine Holders for Binders,18.28,5,0.2,6.398
6339,CA-2017-143112,10/5/2017,10/9/2017,Standard Class,TS-21370,Todd Sumrall,Corporate,United States,New York City,New York,10035,East,TEC-PH-10003095,Technology,Phones,Samsung HM1900 Bluetooth Headset,87.8,4,0.0,43.9
6340,CA-2017-143112,10/5/2017,10/9/2017,Standard Class,TS-21370,Todd Sumrall,Corporate,United States,New York City,New York,10035,East,FUR-CH-10002880,Furniture,Chairs,"Global High-Back Leather Tilter, Burgundy",221.382,2,0.1,2.4598
6341,CA-2017-143112,10/5/2017,10/9/2017,Standard Class,TS-21370,Todd Sumrall,Corporate,United States,New York City,New York,10035,East,TEC-MA-10001047,Technology,Machines,"3D Systems Cube Printer, 2nd Generation, Magenta",5199.96,4,0.0,1351.9896
6342,US-2017-105830,12/31/2016,1/2/2017,First Class,DB-13660,Duane Benoit,Consumer,United States,Lancaster,Ohio,43130,East,OFF-ST-10002554,Office Supplies,Storage,Tennsco Industrial Shelving,156.512,4,0.2,-35.2152
6343,CA-2015-146255,3/7/2015,3/10/2015,First Class,EM-14140,Eugene Moren,Home Office,United States,Newark,Delaware,19711,East,TEC-AC-10004469,Technology,Accessories,Microsoft Sculpt Comfort Mouse,119.85,3,0.0,52.734
6344,CA-2015-146255,3/7/2015,3/10/2015,First Class,EM-14140,Eugene Moren,Home Office,United States,Newark,Delaware,19711,East,OFF-BI-10000309,Office Supplies,Binders,"GBC Twin Loop Wire Binding Elements, 9/16"" Spine, Black",30.44,2,0.0,14.9156
6345,CA-2015-146255,3/7/2015,3/10/2015,First Class,EM-14140,Eugene Moren,Home Office,United States,Newark,Delaware,19711,East,OFF-BI-10001765,Office Supplies,Binders,Wilson Jones Heavy-Duty Casebound Ring Binders with Metal Hinges,69.28,2,0.0,33.2544
6346,CA-2015-146255,3/7/2015,3/10/2015,First Class,EM-14140,Eugene Moren,Home Office,United States,Newark,Delaware,19711,East,TEC-PH-10001619,Technology,Phones,LG G3,587.97,3,0.0,170.5113
6347,CA-2017-104822,10/20/2017,10/20/2017,Same Day,RB-19465,Rick Bensley,Home Office,United States,New York City,New York,10024,East,OFF-LA-10002034,Office Supplies,Labels,Avery 478,24.55,5,0.0,12.0295
6353,US-2015-161347,9/13/2015,9/19/2015,Standard Class,HG-14845,Harry Greene,Consumer,United States,Philadelphia,Pennsylvania,19120,East,OFF-BI-10004209,Office Supplies,Binders,"Fellowes Twister Kit, Gray/Clear, 3/pkg",2.412,1,0.7,-2.01
6354,US-2015-109015,9/6/2015,9/12/2015,Standard Class,BS-11590,Brendan Sweed,Corporate,United States,New York City,New York,10011,East,OFF-AP-10001962,Office Supplies,Appliances,Black & Decker Filter for Double Action Dustbuster Cordless Vac BLDV7210,8.39,1,0.0,2.0975
6355,US-2015-109015,9/6/2015,9/12/2015,Standard Class,BS-11590,Brendan Sweed,Corporate,United States,New York City,New York,10011,East,TEC-PH-10002922,Technology,Phones,ShoreTel ShorePhone IP 230 VoIP phone,337.98,2,0.0,101.394
6356,CA-2014-110611,10/6/2014,10/13/2014,Standard Class,JD-16015,Joy Daniels,Consumer,United States,Philadelphia,Pennsylvania,19120,East,OFF-ST-10000642,Office Supplies,Storage,"Tennsco Lockers, Gray",83.92,5,0.2,-13.637
6366,CA-2017-144848,4/4/2017,4/5/2017,First Class,DS-13030,Darrin Sayre,Home Office,United States,New York City,New York,10009,East,TEC-PH-10004006,Technology,Phones,Panasonic KX - TS880B Telephone,41.22,1,0.0,11.1294
6367,CA-2017-144848,4/4/2017,4/5/2017,First Class,DS-13030,Darrin Sayre,Home Office,United States,New York City,New York,10009,East,OFF-SU-10000646,Office Supplies,Supplies,Premier Automatic Letter Opener,240.37,1,0.0,7.2111
6368,CA-2017-144848,4/4/2017,4/5/2017,First Class,DS-13030,Darrin Sayre,Home Office,United States,New York City,New York,10009,East,TEC-PH-10002262,Technology,Phones,LG Electronics Tone+ HBS-730 Bluetooth Headset,119.02,2,0.0,33.3256
6371,CA-2016-113425,11/21/2016,11/21/2016,Same Day,JK-16120,Julie Kriz,Home Office,United States,New York City,New York,10009,East,FUR-BO-10002598,Furniture,Bookcases,"Hon Metal Bookcases, Putty",113.568,2,0.2,12.7764
6372,CA-2017-143035,10/3/2017,10/5/2017,Second Class,CC-12430,Chuck Clark,Home Office,United States,New York City,New York,10009,East,FUR-FU-10001934,Furniture,Furnishings,Magnifier Swing Arm Lamp,83.92,4,0.0,21.8192
6373,CA-2017-143035,10/3/2017,10/5/2017,Second Class,CC-12430,Chuck Clark,Home Office,United States,New York City,New York,10009,East,OFF-AR-10001130,Office Supplies,Art,"Quartet Alpha White Chalk, 12/Pack",6.63,3,0.0,3.1161
6374,CA-2017-143035,10/3/2017,10/5/2017,Second Class,CC-12430,Chuck Clark,Home Office,United States,New York City,New York,10009,East,TEC-AC-10002049,Technology,Accessories,Logitech G19 Programmable Gaming Keyboard,371.97,3,0.0,66.9546
6377,CA-2016-163216,10/7/2016,10/10/2016,First Class,AW-10930,Arthur Wiediger,Home Office,United States,Philadelphia,Pennsylvania,19143,East,OFF-LA-10000134,Office Supplies,Labels,Avery 511,4.928,2,0.2,1.7248
6379,CA-2017-150623,4/10/2017,4/14/2017,Standard Class,DB-13360,Dennis Bolton,Home Office,United States,Waterbury,Connecticut,6708,East,TEC-AC-10004571,Technology,Accessories,Logitech G700s Rechargeable Gaming Mouse,99.99,1,0.0,41.9958
6380,CA-2017-150623,4/10/2017,4/14/2017,Standard Class,DB-13360,Dennis Bolton,Home Office,United States,Waterbury,Connecticut,6708,East,OFF-ST-10003692,Office Supplies,Storage,Recycled Steel Personal File for Hanging File Folders,286.15,5,0.0,71.5375
6382,CA-2016-127236,3/29/2016,4/2/2016,Standard Class,TB-21595,Troy Blackwell,Consumer,United States,Springfield,Ohio,45503,East,FUR-BO-10004015,Furniture,Bookcases,"Bush Andora Bookcase, Maple/Graphite Gray Finish",299.975,5,0.5,-167.986
6383,CA-2016-127236,3/29/2016,4/2/2016,Standard Class,TB-21595,Troy Blackwell,Consumer,United States,Springfield,Ohio,45503,East,TEC-PH-10000141,Technology,Phones,Clearsounds A400,158.376,4,0.4,-36.9544
6392,CA-2016-129126,12/14/2016,12/19/2016,Standard Class,PK-19075,Pete Kriz,Consumer,United States,New York City,New York,10011,East,OFF-PA-10001471,Office Supplies,Paper,Strathmore Photo Frame Cards,14.62,2,0.0,6.7252
6393,CA-2016-129126,12/14/2016,12/19/2016,Standard Class,PK-19075,Pete Kriz,Consumer,United States,New York City,New York,10011,East,OFF-LA-10003190,Office Supplies,Labels,Avery 474,5.76,2,0.0,2.8224
6394,CA-2016-129126,12/14/2016,12/19/2016,Standard Class,PK-19075,Pete Kriz,Consumer,United States,New York City,New York,10011,East,OFF-FA-10000621,Office Supplies,Fasteners,"OIC Colored Binder Clips, Assorted Sizes",21.48,6,0.0,10.5252
6395,CA-2016-129126,12/14/2016,12/19/2016,Standard Class,PK-19075,Pete Kriz,Consumer,United States,New York City,New York,10011,East,FUR-FU-10002937,Furniture,Furnishings,"GE 48"" Fluorescent Tube, Cool White Energy Saver, 34 Watts, 30/Box",396.92,4,0.0,198.46
6396,CA-2016-129126,12/14/2016,12/19/2016,Standard Class,PK-19075,Pete Kriz,Consumer,United States,New York City,New York,10011,East,OFF-ST-10004507,Office Supplies,Storage,Advantus Rolling Storage Box,17.15,1,0.0,4.6305
6397,CA-2016-129126,12/14/2016,12/19/2016,Standard Class,PK-19075,Pete Kriz,Consumer,United States,New York City,New York,10011,East,OFF-BI-10000279,Office Supplies,Binders,"Acco Recycled 2"" Capacity Laser Printer Hanging Data Binders",23.12,2,0.2,7.803
6399,CA-2017-151981,8/6/2017,8/12/2017,Standard Class,GM-14455,Gary Mitchum,Home Office,United States,Concord,New Hampshire,3301,East,TEC-PH-10003601,Technology,Phones,"Ativa D5772 2-Line 5.8GHz Digital Expandable Corded/Cordless Phone System with Answering & Caller ID/Call Waiting, Black/Silver",824.95,5,0.0,247.485
6400,CA-2017-151981,8/6/2017,8/12/2017,Standard Class,GM-14455,Gary Mitchum,Home Office,United States,Concord,New Hampshire,3301,East,OFF-LA-10002195,Office Supplies,Labels,Avery 481,24.64,8,0.0,11.8272
6401,CA-2017-151981,8/6/2017,8/12/2017,Standard Class,GM-14455,Gary Mitchum,Home Office,United States,Concord,New Hampshire,3301,East,OFF-AR-10000380,Office Supplies,Art,"Hunt PowerHouse Electric Pencil Sharpener, Blue",227.88,6,0.0,68.364
6417,CA-2016-111976,3/8/2016,3/12/2016,Standard Class,BD-11620,Brian DeCherney,Consumer,United States,Philadelphia,Pennsylvania,19120,East,TEC-PH-10002890,Technology,Phones,AT&T 17929 Lendline Telephone,108.576,4,0.4,-25.3344
6418,CA-2016-111976,3/8/2016,3/12/2016,Standard Class,BD-11620,Brian DeCherney,Consumer,United States,Philadelphia,Pennsylvania,19120,East,OFF-FA-10004968,Office Supplies,Fasteners,Rubber Band Ball,5.984,2,0.2,-1.3464
6425,CA-2017-115777,8/19/2017,8/24/2017,Standard Class,DO-13645,Doug O'Connell,Consumer,United States,Lawrence,Massachusetts,1841,East,OFF-PA-10000552,Office Supplies,Paper,Xerox 200,19.44,3,0.0,9.3312
6426,CA-2016-143714,5/23/2016,5/27/2016,Standard Class,CC-12370,Christopher Conant,Consumer,United States,Philadelphia,Pennsylvania,19120,East,TEC-CO-10004722,Technology,Copiers,Canon imageCLASS 2200 Advanced Copier,8399.976,4,0.4,1119.9968
6427,CA-2016-143714,5/23/2016,5/27/2016,Standard Class,CC-12370,Christopher Conant,Consumer,United States,Philadelphia,Pennsylvania,19120,East,OFF-BI-10004308,Office Supplies,Binders,Avery Legal 4-Ring Binder,6.294,1,0.7,-4.196
6428,CA-2016-143714,5/23/2016,5/27/2016,Standard Class,CC-12370,Christopher Conant,Consumer,United States,Philadelphia,Pennsylvania,19120,East,OFF-PA-10000029,Office Supplies,Paper,Xerox 224,10.368,2,0.2,3.6288
6429,CA-2016-143714,5/23/2016,5/27/2016,Standard Class,CC-12370,Christopher Conant,Consumer,United States,Philadelphia,Pennsylvania,19120,East,TEC-PH-10004080,Technology,Phones,Avaya 5410 Digital phone,122.382,3,0.4,-24.4764
6440,CA-2014-166891,10/4/2014,10/6/2014,First Class,CC-12220,Chris Cortes,Consumer,United States,New York City,New York,10024,East,FUR-CH-10003298,Furniture,Chairs,"Office Star - Contemporary Task Swivel chair with Loop Arms, Charcoal",589.41,5,0.1,-6.549
6441,CA-2016-101161,10/13/2016,10/20/2016,Standard Class,BW-11110,Bart Watters,Corporate,United States,New York City,New York,10024,East,OFF-AR-10001860,Office Supplies,Art,BIC Liqua Brite Liner,34.7,5,0.0,12.492
6442,CA-2016-101161,10/13/2016,10/20/2016,Standard Class,BW-11110,Bart Watters,Corporate,United States,New York City,New York,10024,East,OFF-ST-10003123,Office Supplies,Storage,Fellowes Bases and Tops For Staxonsteel/High-Stak Systems,99.87,3,0.0,23.9688
6443,CA-2016-101161,10/13/2016,10/20/2016,Standard Class,BW-11110,Bart Watters,Corporate,United States,New York City,New York,10024,East,OFF-PA-10001295,Office Supplies,Paper,Computer Printout Paper with Letter-Trim Perforations,37.94,2,0.0,18.2112
6444,CA-2016-101161,10/13/2016,10/20/2016,Standard Class,BW-11110,Bart Watters,Corporate,United States,New York City,New York,10024,East,OFF-LA-10000407,Office Supplies,Labels,Avery White Multi-Purpose Labels,24.9,5,0.0,11.454
6445,CA-2016-101161,10/13/2016,10/20/2016,Standard Class,BW-11110,Bart Watters,Corporate,United States,New York City,New York,10024,East,FUR-FU-10003535,Furniture,Furnishings,Howard Miller Distant Time Traveler Alarm Clock,82.26,3,0.0,33.7266
6450,CA-2015-156510,9/25/2015,9/29/2015,Standard Class,EH-13990,Erica Hackney,Consumer,United States,Meriden,Connecticut,6450,East,OFF-BI-10000822,Office Supplies,Binders,"Acco PRESSTEX Data Binder with Storage Hooks, Light Blue, 9 1/2"" X 11""",10.76,2,0.0,5.1648
6451,CA-2015-156510,9/25/2015,9/29/2015,Standard Class,EH-13990,Erica Hackney,Consumer,United States,Meriden,Connecticut,6450,East,OFF-PA-10002222,Office Supplies,Paper,"Xerox Color Copier Paper, 11"" x 17"", Ream",45.68,2,0.0,21.0128
6452,CA-2015-156510,9/25/2015,9/29/2015,Standard Class,EH-13990,Erica Hackney,Consumer,United States,Meriden,Connecticut,6450,East,OFF-AR-10004930,Office Supplies,Art,Turquoise Lead Holder with Pocket Clip,6.7,1,0.0,2.211
6457,CA-2014-110065,8/5/2014,8/11/2014,Standard Class,SP-20650,Stephanie Phelps,Corporate,United States,New York City,New York,10009,East,TEC-PH-10002468,Technology,Phones,"Plantronics CS 50-USB - headset - Convertible, Monaural",135.99,1,0.0,36.7173
6458,CA-2014-110065,8/5/2014,8/11/2014,Standard Class,SP-20650,Stephanie Phelps,Corporate,United States,New York City,New York,10009,East,OFF-AR-10004165,Office Supplies,Art,"Binney & Smith inkTank Erasable Pocket Highlighter, Chisel Tip, Yellow",15.96,7,0.0,7.0224
6459,US-2017-133361,5/14/2017,5/17/2017,First Class,AJ-10780,Anthony Jacobs,Corporate,United States,Baltimore,Maryland,21215,East,OFF-AR-10001919,Office Supplies,Art,"OIC #2 Pencils, Medium Soft",3.76,2,0.0,1.0904
6460,US-2017-133361,5/14/2017,5/17/2017,First Class,AJ-10780,Anthony Jacobs,Corporate,United States,Baltimore,Maryland,21215,East,OFF-AR-10003045,Office Supplies,Art,Prang Colored Pencils,14.7,5,0.0,6.615
6461,US-2017-133361,5/14/2017,5/17/2017,First Class,AJ-10780,Anthony Jacobs,Corporate,United States,Baltimore,Maryland,21215,East,OFF-AR-10003338,Office Supplies,Art,"Eberhard Faber 3 1/2"" Golf Pencils",37.2,5,0.0,9.3
6462,US-2017-133361,5/14/2017,5/17/2017,First Class,AJ-10780,Anthony Jacobs,Corporate,United States,Baltimore,Maryland,21215,East,TEC-AC-10003280,Technology,Accessories,Belkin F8E887 USB Wired Ergonomic Keyboard,89.97,3,0.0,18.8937
6463,US-2017-133361,5/14/2017,5/17/2017,First Class,AJ-10780,Anthony Jacobs,Corporate,United States,Baltimore,Maryland,21215,East,FUR-CH-10003298,Furniture,Chairs,"Office Star - Contemporary Task Swivel chair with Loop Arms, Charcoal",261.96,2,0.0,23.5764
6464,US-2017-133361,5/14/2017,5/17/2017,First Class,AJ-10780,Anthony Jacobs,Corporate,United States,Baltimore,Maryland,21215,East,OFF-LA-10004544,Office Supplies,Labels,Avery 505,74.0,5,0.0,37.0
6468,CA-2016-163804,12/2/2016,12/8/2016,Standard Class,DB-13270,Deborah Brumfield,Home Office,United States,Providence,Rhode Island,2908,East,OFF-ST-10000142,Office Supplies,Storage,Deluxe Rollaway Locking File with Drawer,2079.4,5,0.0,582.232
6469,CA-2016-163804,12/2/2016,12/8/2016,Standard Class,DB-13270,Deborah Brumfield,Home Office,United States,Providence,Rhode Island,2908,East,TEC-PH-10000441,Technology,Phones,VTech DS6151,629.95,5,0.0,176.386
6470,CA-2016-163804,12/2/2016,12/8/2016,Standard Class,DB-13270,Deborah Brumfield,Home Office,United States,Providence,Rhode Island,2908,East,FUR-FU-10004864,Furniture,Furnishings,Eldon 500 Class Desk Accessories,72.42,6,0.0,23.8986
6475,CA-2014-149524,1/14/2014,1/15/2014,First Class,BS-11590,Brendan Sweed,Corporate,United States,Philadelphia,Pennsylvania,19140,East,FUR-BO-10003433,Furniture,Bookcases,Sauder Cornerstone Collection Library,61.96,4,0.5,-53.2856
6484,CA-2017-113908,6/3/2017,6/9/2017,Standard Class,KN-16390,Katherine Nockton,Corporate,United States,New York City,New York,10011,East,FUR-TA-10001932,Furniture,Tables,"Chromcraft 48"" x 96"" Racetrack Double Pedestal Table",384.768,2,0.4,-115.4304
6485,CA-2017-113908,6/3/2017,6/9/2017,Standard Class,KN-16390,Katherine Nockton,Corporate,United States,New York City,New York,10011,East,TEC-MA-10003173,Technology,Machines,Hewlett-Packard 300S Scientific Calculator,78.66,6,0.0,36.1836
6486,CA-2017-113908,6/3/2017,6/9/2017,Standard Class,KN-16390,Katherine Nockton,Corporate,United States,New York City,New York,10011,East,OFF-PA-10004156,Office Supplies,Paper,Xerox 188,45.36,4,0.0,22.2264
6490,US-2017-148866,9/19/2017,9/24/2017,Standard Class,JM-15535,Jessica Myrick,Consumer,United States,New York City,New York,10011,East,OFF-PA-10004782,Office Supplies,Paper,Xerox 228,32.4,5,0.0,15.552
6491,CA-2014-149594,9/15/2014,9/19/2014,Standard Class,MF-18250,Monica Federle,Corporate,United States,Philadelphia,Pennsylvania,19120,East,FUR-FU-10000222,Furniture,Furnishings,"Seth Thomas 16"" Steel Case Clock",103.936,4,0.2,16.8896
6502,CA-2014-129147,11/2/2014,11/6/2014,Standard Class,LC-17050,Liz Carlisle,Consumer,United States,Medina,Ohio,44256,East,TEC-PH-10001299,Technology,Phones,Polycom CX300 Desktop Phone USB VoIP phone,539.964,6,0.4,-107.9928
6503,CA-2014-129147,11/2/2014,11/6/2014,Standard Class,LC-17050,Liz Carlisle,Consumer,United States,Medina,Ohio,44256,East,TEC-PH-10001552,Technology,Phones,I Need's 3d Hello Kitty Hybrid Silicone Case Cover for HTC One X 4g with 3d Hello Kitty Stylus Pen Green/pink,50.232,7,0.4,-10.0464
6504,CA-2014-129147,11/2/2014,11/6/2014,Standard Class,LC-17050,Liz Carlisle,Consumer,United States,Medina,Ohio,44256,East,OFF-BI-10001098,Office Supplies,Binders,Acco D-Ring Binder w/DublLock,19.242,3,0.7,-13.4694
6505,CA-2017-128265,11/17/2017,11/22/2017,Second Class,VW-21775,Victoria Wilson,Corporate,United States,New York City,New York,10011,East,OFF-ST-10000142,Office Supplies,Storage,Deluxe Rollaway Locking File with Drawer,1247.64,3,0.0,349.3392
6507,US-2016-128909,10/9/2016,10/11/2016,Second Class,SP-20545,Sibella Parks,Corporate,United States,Philadelphia,Pennsylvania,19143,East,OFF-PA-10001593,Office Supplies,Paper,Xerox 1947,19.136,4,0.2,5.98
6508,US-2016-128909,10/9/2016,10/11/2016,Second Class,SP-20545,Sibella Parks,Corporate,United States,Philadelphia,Pennsylvania,19143,East,FUR-FU-10004071,Furniture,Furnishings,Luxo Professional Magnifying Clamp-On Fluorescent Lamps,332.832,4,0.2,-24.9624
6509,CA-2017-102197,12/20/2017,12/26/2017,Standard Class,DK-13150,David Kendrick,Corporate,United States,New York City,New York,10009,East,OFF-PA-10001970,Office Supplies,Paper,Xerox 1908,279.9,5,0.0,137.151
6510,CA-2017-102197,12/20/2017,12/26/2017,Standard Class,DK-13150,David Kendrick,Corporate,United States,New York City,New York,10009,East,OFF-BI-10001524,Office Supplies,Binders,GBC Premium Transparent Covers with Diagonal Lined Pattern,50.352,3,0.2,17.6232
6511,CA-2017-102197,12/20/2017,12/26/2017,Standard Class,DK-13150,David Kendrick,Corporate,United States,New York City,New York,10009,East,OFF-PA-10004156,Office Supplies,Paper,Xerox 188,34.02,3,0.0,16.6698
6524,CA-2016-129308,7/7/2016,7/13/2016,Standard Class,CC-12100,Chad Cunningham,Home Office,United States,Philadelphia,Pennsylvania,19120,East,OFF-LA-10002945,Office Supplies,Labels,"Permanent Self-Adhesive File Folder Labels for Typewriters, 1 1/8 x 3 1/2, White",10.08,2,0.2,3.276
6525,CA-2016-129308,7/7/2016,7/13/2016,Standard Class,CC-12100,Chad Cunningham,Home Office,United States,Philadelphia,Pennsylvania,19120,East,TEC-PH-10002310,Technology,Phones,Panasonic KX T7731-B Digital phone,59.994,1,0.4,-12.9987
6526,CA-2016-129308,7/7/2016,7/13/2016,Standard Class,CC-12100,Chad Cunningham,Home Office,United States,Philadelphia,Pennsylvania,19120,East,OFF-BI-10001525,Office Supplies,Binders,"Acco Pressboard Covers with Storage Hooks, 14 7/8"" x 11"", Executive Red",5.715,5,0.7,-4.7625
6527,CA-2016-129308,7/7/2016,7/13/2016,Standard Class,CC-12100,Chad Cunningham,Home Office,United States,Philadelphia,Pennsylvania,19120,East,OFF-BI-10001308,Office Supplies,Binders,GBC Standard Plastic Binding Systems' Combs,9.42,5,0.7,-7.85
6528,CA-2016-157791,12/23/2016,12/28/2016,Second Class,CA-11965,Carol Adams,Corporate,United States,Warwick,Rhode Island,2886,East,TEC-CO-10002095,Technology,Copiers,Hewlett Packard 610 Color Digital Copier / Printer,1999.96,4,0.0,899.982
6529,CA-2014-146864,12/22/2014,12/26/2014,Standard Class,BT-11530,Bradley Talbott,Home Office,United States,New York City,New York,10024,East,OFF-ST-10004946,Office Supplies,Storage,Desktop 3-Pocket Hot File,216.4,4,0.0,56.264
6535,CA-2014-128209,11/17/2014,11/22/2014,Standard Class,GT-14710,Greg Tran,Consumer,United States,Buffalo,New York,14215,East,OFF-BI-10001359,Office Supplies,Binders,GBC DocuBind TL300 Electric Binding System,2152.776,3,0.2,726.5619
6536,CA-2014-128209,11/17/2014,11/22/2014,Standard Class,GT-14710,Greg Tran,Consumer,United States,Buffalo,New York,14215,East,FUR-BO-10002213,Furniture,Bookcases,DMI Eclipse Executive Suite Bookcases,4007.84,10,0.2,-50.098
6539,CA-2015-109862,10/25/2015,10/30/2015,Standard Class,HK-14890,Heather Kirkland,Corporate,United States,Newark,Delaware,19711,East,TEC-PH-10004042,Technology,Phones,ClearOne Communications CHAT 70 OC Speaker Phone,158.99,1,0.0,41.3374
6540,CA-2015-109862,10/25/2015,10/30/2015,Standard Class,HK-14890,Heather Kirkland,Corporate,United States,Newark,Delaware,19711,East,FUR-CH-10002439,Furniture,Chairs,"Iceberg Nesting Folding Chair, 19w x 6d x 43h",291.1,5,0.0,75.686
6545,US-2017-154872,5/14/2017,5/18/2017,Standard Class,DP-13000,Darren Powers,Consumer,United States,Cleveland,Ohio,44105,East,OFF-BI-10003007,Office Supplies,Binders,"Premium Transparent Presentation Covers, No Pattern/Clear, 8 1/2"" x 11""",58.17,5,0.7,-46.536
6546,US-2017-154872,5/14/2017,5/18/2017,Standard Class,DP-13000,Darren Powers,Consumer,United States,Cleveland,Ohio,44105,East,OFF-LA-10000973,Office Supplies,Labels,Avery 502,5.04,2,0.2,1.764
6547,US-2017-154872,5/14/2017,5/18/2017,Standard Class,DP-13000,Darren Powers,Consumer,United States,Cleveland,Ohio,44105,East,OFF-PA-10000483,Office Supplies,Paper,Xerox 19,24.784,1,0.2,7.745
6551,CA-2015-126739,11/1/2015,11/3/2015,Second Class,JH-16180,Justin Hirsh,Consumer,United States,New York City,New York,10035,East,FUR-CH-10000422,Furniture,Chairs,Global Highback Leather Tilter in Burgundy,327.564,4,0.1,21.8376
6559,CA-2015-166947,6/5/2015,6/10/2015,Standard Class,EB-13750,Edward Becker,Corporate,United States,Buffalo,New York,14215,East,FUR-CH-10004997,Furniture,Chairs,Hon Every-Day Series Multi-Task Chairs,1522.638,9,0.1,169.182
6563,CA-2014-166086,5/7/2014,5/12/2014,Standard Class,CT-11995,Carol Triggs,Consumer,United States,Lawrence,Massachusetts,1841,East,OFF-BI-10001078,Office Supplies,Binders,"Acco PRESSTEX Data Binder with Storage Hooks, Dark Blue, 14 7/8"" X 11""",16.14,3,0.0,7.9086
6564,CA-2014-166086,5/7/2014,5/12/2014,Standard Class,CT-11995,Carol Triggs,Consumer,United States,Lawrence,Massachusetts,1841,East,FUR-TA-10003469,Furniture,Tables,Balt Split Level Computer Training Table,194.25,2,0.3,-38.85
6565,CA-2014-166086,5/7/2014,5/12/2014,Standard Class,CT-11995,Carol Triggs,Consumer,United States,Lawrence,Massachusetts,1841,East,OFF-AR-10002578,Office Supplies,Art,Newell 335,8.64,3,0.0,2.5056
6566,CA-2014-166086,5/7/2014,5/12/2014,Standard Class,CT-11995,Carol Triggs,Consumer,United States,Lawrence,Massachusetts,1841,East,FUR-CH-10004675,Furniture,Chairs,"Lifetime Advantage Folding Chairs, 4/Carton",872.32,4,0.0,244.2496
6574,CA-2016-160535,11/25/2016,11/30/2016,Standard Class,BP-11050,Barry Pond,Corporate,United States,Plainfield,New Jersey,7060,East,OFF-ST-10000689,Office Supplies,Storage,"Fellowes Strictly Business Drawer File, Letter/Legal Size",563.4,4,0.0,67.608
6575,CA-2016-160535,11/25/2016,11/30/2016,Standard Class,BP-11050,Barry Pond,Corporate,United States,Plainfield,New Jersey,7060,East,TEC-MA-10004255,Technology,Machines,Konica Minolta magicolor 1690MF Multifunction Printer,319.92,8,0.0,118.3704
6594,CA-2016-126795,6/13/2016,6/16/2016,Second Class,GT-14710,Greg Tran,Consumer,United States,New York City,New York,10024,East,OFF-BI-10001989,Office Supplies,Binders,Premium Transparent Presentation Covers by GBC,33.568,2,0.2,11.7488
6596,CA-2017-157112,4/23/2017,4/26/2017,First Class,GG-14650,Greg Guthrie,Corporate,United States,Columbus,Ohio,43229,East,OFF-BI-10000285,Office Supplies,Binders,XtraLife ClearVue Slant-D Ring Binders by Cardinal,11.76,5,0.7,-7.84
6597,CA-2017-157112,4/23/2017,4/26/2017,First Class,GG-14650,Greg Guthrie,Corporate,United States,Columbus,Ohio,43229,East,OFF-PA-10001804,Office Supplies,Paper,Xerox 195,5.344,1,0.2,1.8704
6600,CA-2014-154095,12/2/2014,12/7/2014,Standard Class,ON-18715,Odella Nelson,Corporate,United States,Clinton,Maryland,20735,East,FUR-FU-10003849,Furniture,Furnishings,"DAX Metal Frame, Desktop, Stepped-Edge",60.72,3,0.0,23.6808
6601,CA-2014-154095,12/2/2014,12/7/2014,Standard Class,ON-18715,Odella Nelson,Corporate,United States,Clinton,Maryland,20735,East,OFF-PA-10002923,Office Supplies,Paper,Xerox 1942,146.82,3,0.0,73.41
6602,CA-2014-154095,12/2/2014,12/7/2014,Standard Class,ON-18715,Odella Nelson,Corporate,United States,Clinton,Maryland,20735,East,FUR-CH-10004754,Furniture,Chairs,"Global Stack Chair with Arms, Black",239.84,8,0.0,64.7568
6603,CA-2014-154095,12/2/2014,12/7/2014,Standard Class,ON-18715,Odella Nelson,Corporate,United States,Clinton,Maryland,20735,East,OFF-LA-10000634,Office Supplies,Labels,Avery 509,15.66,6,0.0,7.2036
6610,US-2015-118906,3/10/2015,3/10/2015,Same Day,KB-16585,Ken Black,Corporate,United States,Clinton,Maryland,20735,East,OFF-ST-10002406,Office Supplies,Storage,Pizazz Global Quick File,89.82,6,0.0,25.1496
6627,CA-2014-145541,12/14/2014,12/21/2014,Standard Class,TB-21400,Tom Boeckenhauer,Consumer,United States,New York City,New York,10024,East,TEC-MA-10001127,Technology,Machines,"HP Designjet T520 Inkjet Large Format Printer - 24"" Color",6999.96,4,0.0,2239.9872
6629,CA-2015-135489,9/19/2015,9/22/2015,Second Class,GW-14605,Giulietta Weimer,Consumer,United States,New York City,New York,10024,East,TEC-PH-10000011,Technology,Phones,PureGear Roll-On Screen Protector,279.86,14,0.0,134.3328
6638,CA-2017-103352,11/27/2017,11/30/2017,Second Class,RP-19390,Resi Pölking,Consumer,United States,New York City,New York,10011,East,OFF-AR-10001573,Office Supplies,Art,American Pencil,6.99,3,0.0,2.0271
6639,CA-2017-103352,11/27/2017,11/30/2017,Second Class,RP-19390,Resi Pölking,Consumer,United States,New York City,New York,10011,East,OFF-BI-10001196,Office Supplies,Binders,"Avery Flip-Chart Easel Binder, Black",107.424,6,0.2,36.2556
6640,CA-2014-108609,10/31/2014,11/2/2014,Second Class,AJ-10780,Anthony Jacobs,Corporate,United States,Lorain,Ohio,44052,East,FUR-TA-10003954,Furniture,Tables,Hon 94000 Series Round Tables,1421.664,8,0.4,-734.5264
6661,CA-2015-129322,8/8/2015,8/10/2015,Second Class,DB-13405,Denny Blanton,Consumer,United States,Lawrence,Massachusetts,1841,East,OFF-AR-10004587,Office Supplies,Art,"Boston 1827 Commercial Additional Cutter, Drive Gear & Gear Rack for 1606",39.66,2,0.0,11.898
6662,CA-2015-129322,8/8/2015,8/10/2015,Second Class,DB-13405,Denny Blanton,Consumer,United States,Lawrence,Massachusetts,1841,East,OFF-AP-10004336,Office Supplies,Appliances,"Conquest 14 Commercial Heavy-Duty Upright Vacuum, Collection System, Accessory Kit",113.92,2,0.0,33.0368
6663,CA-2015-129322,8/8/2015,8/10/2015,Second Class,DB-13405,Denny Blanton,Consumer,United States,Lawrence,Massachusetts,1841,East,OFF-BI-10001718,Office Supplies,Binders,GBC DocuBind P50 Personal Binding Machine,447.86,7,0.0,210.4942
6667,CA-2017-122175,5/12/2017,5/14/2017,Second Class,CA-12775,Cynthia Arntzen,Consumer,United States,Vineland,New Jersey,8360,East,FUR-FU-10000719,Furniture,Furnishings,"DAX Cubicle Frames, 8-1/2 x 11",42.85,5,0.0,15.426
6668,CA-2017-122175,5/12/2017,5/14/2017,Second Class,CA-12775,Cynthia Arntzen,Consumer,United States,Vineland,New Jersey,8360,East,OFF-LA-10002271,Office Supplies,Labels,Smead Alpha-Z Color-Coded Second Alphabetical Labels and Starter Set,6.16,2,0.0,2.9568
6669,CA-2017-122175,5/12/2017,5/14/2017,Second Class,CA-12775,Cynthia Arntzen,Consumer,United States,Vineland,New Jersey,8360,East,OFF-SU-10004661,Office Supplies,Supplies,Acme Titanium Bonded Scissors,17.0,2,0.0,4.42
6670,CA-2017-122175,5/12/2017,5/14/2017,Second Class,CA-12775,Cynthia Arntzen,Consumer,United States,Vineland,New Jersey,8360,East,TEC-AC-10004859,Technology,Accessories,"Maxell Pro 80 Minute CD-R, 10/Pack",87.4,5,0.0,34.96
6680,CA-2017-145037,9/2/2017,9/7/2017,Second Class,TB-21055,Ted Butterfield,Consumer,United States,Meriden,Connecticut,6450,East,OFF-ST-10000918,Office Supplies,Storage,Crate-A-Files,10.9,1,0.0,2.834
6681,CA-2017-145037,9/2/2017,9/7/2017,Second Class,TB-21055,Ted Butterfield,Consumer,United States,Meriden,Connecticut,6450,East,OFF-PA-10000157,Office Supplies,Paper,Xerox 191,79.92,4,0.0,37.5624
6682,CA-2017-145037,9/2/2017,9/7/2017,Second Class,TB-21055,Ted Butterfield,Consumer,United States,Meriden,Connecticut,6450,East,OFF-PA-10002499,Office Supplies,Paper,Xerox 1890,146.82,3,0.0,73.41
6694,CA-2017-144225,9/30/2017,10/2/2017,Second Class,CC-12475,Cindy Chapman,Consumer,United States,Baltimore,Maryland,21215,East,OFF-PA-10000062,Office Supplies,Paper,Green Bar Computer Printout Paper,164.88,3,0.0,80.7912
6696,US-2016-155103,12/2/2016,12/7/2016,Standard Class,JF-15190,Jamie Frazer,Consumer,United States,New York City,New York,10024,East,OFF-BI-10004318,Office Supplies,Binders,Ibico EB-19 Dual Function Manual Binding System,415.176,3,0.2,134.9322
6697,US-2016-155103,12/2/2016,12/7/2016,Standard Class,JF-15190,Jamie Frazer,Consumer,United States,New York City,New York,10024,East,OFF-BI-10004236,Office Supplies,Binders,"XtraLife ClearVue Slant-D Ring Binder, White, 3""",35.232,3,0.2,11.4504
6698,US-2016-155103,12/2/2016,12/7/2016,Standard Class,JF-15190,Jamie Frazer,Consumer,United States,New York City,New York,10024,East,OFF-PA-10000062,Office Supplies,Paper,Green Bar Computer Printout Paper,54.96,1,0.0,26.9304
6708,CA-2014-167724,4/13/2014,4/18/2014,Standard Class,BF-11170,Ben Ferrer,Home Office,United States,Baltimore,Maryland,21215,East,OFF-LA-10002368,Office Supplies,Labels,Avery 479,7.83,3,0.0,3.6018
6712,CA-2017-163069,8/18/2017,8/21/2017,Second Class,PJ-19015,Pauline Johnson,Consumer,United States,Columbus,Ohio,43229,East,OFF-AR-10001419,Office Supplies,Art,Newell 325,9.912,3,0.2,1.239
6724,US-2017-166394,9/4/2017,9/6/2017,Second Class,VM-21835,Vivian Mathis,Consumer,United States,Nashua,New Hampshire,3060,East,OFF-FA-10001843,Office Supplies,Fasteners,Staples,14.82,6,0.0,6.9654
6744,CA-2015-156923,2/16/2015,2/20/2015,Standard Class,SP-20860,Sung Pak,Corporate,United States,Dover,New Hampshire,3820,East,OFF-PA-10002751,Office Supplies,Paper,Xerox 1920,35.88,6,0.0,16.146
6745,CA-2017-111269,6/16/2017,6/18/2017,Second Class,CS-12355,Christine Sundaresam,Consumer,United States,Dublin,Ohio,43017,East,TEC-AC-10001606,Technology,Accessories,Logitech Wireless Performance Mouse MX for PC and Mac,479.952,6,0.2,107.9892
6746,CA-2017-111269,6/16/2017,6/18/2017,Second Class,CS-12355,Christine Sundaresam,Consumer,United States,Dublin,Ohio,43017,East,OFF-AR-10001427,Office Supplies,Art,Newell 330,23.92,5,0.2,1.794
6747,CA-2017-159156,11/13/2017,11/16/2017,First Class,KB-16600,Ken Brennan,Corporate,United States,New York City,New York,10009,East,TEC-PH-10004389,Technology,Phones,Nokia Lumia 925,629.95,5,0.0,163.787
6748,CA-2017-100230,12/11/2017,12/15/2017,Standard Class,AA-10375,Allen Armold,Consumer,United States,New York City,New York,10035,East,OFF-BI-10002498,Office Supplies,Binders,Clear Mylar Reinforcing Strips,14.952,1,0.2,5.0463
6749,CA-2017-100230,12/11/2017,12/15/2017,Standard Class,AA-10375,Allen Armold,Consumer,United States,New York City,New York,10035,East,OFF-PA-10002245,Office Supplies,Paper,Xerox 1895,17.94,3,0.0,8.073
6750,CA-2017-100230,12/11/2017,12/15/2017,Standard Class,AA-10375,Allen Armold,Consumer,United States,New York City,New York,10035,East,TEC-PH-10004522,Technology,Phones,Dexim XPower Skin Super-Thin Power Case for iPhone 5 - Black,116.98,2,0.0,29.245
6751,CA-2016-154767,6/28/2016,6/30/2016,Second Class,BP-11155,Becky Pak,Consumer,United States,Paterson,New Jersey,7501,East,FUR-CH-10003535,Furniture,Chairs,"Global Armless Task Chair, Royal Blue",121.96,2,0.0,20.7332
6752,CA-2016-154767,6/28/2016,6/30/2016,Second Class,BP-11155,Becky Pak,Consumer,United States,Paterson,New Jersey,7501,East,OFF-AP-10000595,Office Supplies,Appliances,Disposable Triple-Filter Dust Bags,8.74,2,0.0,2.2724
6753,CA-2016-154767,6/28/2016,6/30/2016,Second Class,BP-11155,Becky Pak,Consumer,United States,Paterson,New Jersey,7501,East,OFF-PA-10003039,Office Supplies,Paper,Xerox 1960,61.96,2,0.0,27.882
6754,CA-2016-154767,6/28/2016,6/30/2016,Second Class,BP-11155,Becky Pak,Consumer,United States,Paterson,New Jersey,7501,East,OFF-BI-10002003,Office Supplies,Binders,Ibico Presentation Index for Binding Systems,7.96,2,0.0,3.7412
6755,CA-2016-154767,6/28/2016,6/30/2016,Second Class,BP-11155,Becky Pak,Consumer,United States,Paterson,New Jersey,7501,East,OFF-AP-10002311,Office Supplies,Appliances,"Holmes Replacement Filter for HEPA Air Cleaner, Very Large Room, HEPA Filter",275.24,4,0.0,121.1056
6756,CA-2017-124205,9/15/2017,9/19/2017,Standard Class,TC-21145,Theresa Coyne,Corporate,United States,Lakewood,New Jersey,8701,East,FUR-FU-10002445,Furniture,Furnishings,"DAX Two-Tone Rosewood/Black Document Frame, Desktop, 5 x 7",47.4,5,0.0,18.96
6757,CA-2017-124205,9/15/2017,9/19/2017,Standard Class,TC-21145,Theresa Coyne,Corporate,United States,Lakewood,New Jersey,8701,East,FUR-CH-10003606,Furniture,Chairs,SAFCO Folding Chair Trolley,512.96,4,0.0,143.6288
6758,CA-2017-124205,9/15/2017,9/19/2017,Standard Class,TC-21145,Theresa Coyne,Corporate,United States,Lakewood,New Jersey,8701,East,TEC-PH-10002115,Technology,Phones,Plantronics 81402,395.94,6,0.0,102.9444
6759,CA-2017-124205,9/15/2017,9/19/2017,Standard Class,TC-21145,Theresa Coyne,Corporate,United States,Lakewood,New Jersey,8701,East,OFF-ST-10000934,Office Supplies,Storage,"Contico 72""H Heavy-Duty Storage System",81.96,2,0.0,0.0
6761,CA-2017-100636,6/26/2017,6/30/2017,Standard Class,DO-13435,Denny Ordway,Consumer,United States,New York City,New York,10035,East,OFF-ST-10004123,Office Supplies,Storage,Safco Industrial Wire Shelving System,272.94,3,0.0,0.0
6762,CA-2016-162943,7/24/2016,7/26/2016,Second Class,DB-12970,Darren Budd,Corporate,United States,New York City,New York,10035,East,FUR-CH-10001708,Furniture,Chairs,Office Star - Contemporary Swivel Chair with Padded Adjustable Arms and Flex Back,253.764,2,0.1,31.0156
6769,CA-2014-109302,8/12/2014,8/16/2014,Standard Class,CS-12175,Charles Sheldon,Corporate,United States,Lakewood,New Jersey,8701,East,OFF-BI-10002854,Office Supplies,Binders,"Performers Binder/Pad Holder, Black",196.21,7,0.0,98.105
6776,CA-2015-105361,3/29/2015,4/4/2015,Standard Class,CM-12115,Chad McGuire,Consumer,United States,New York City,New York,10024,East,OFF-PA-10002615,Office Supplies,Paper,"Ampad Gold Fibre Wirebound Steno Books, 6"" x 9"", Gregg Ruled",17.64,4,0.0,8.1144
6778,US-2017-166037,1/28/2017,2/1/2017,Standard Class,CL-12700,Craig Leslie,Home Office,United States,New York City,New York,10009,East,TEC-AC-10002800,Technology,Accessories,Plantronics Audio 478 Stereo USB Headset,449.91,9,0.0,157.4685
6779,US-2016-147711,9/3/2016,9/8/2016,Second Class,HF-14995,Herbert Flentye,Consumer,United States,Baltimore,Maryland,21215,East,FUR-BO-10003159,Furniture,Bookcases,"Sauder Camden County Collection Libraries, Planked Cherry Finish",344.94,3,0.0,31.0446
6780,US-2016-147711,9/3/2016,9/8/2016,Second Class,HF-14995,Herbert Flentye,Consumer,United States,Baltimore,Maryland,21215,East,FUR-FU-10002364,Furniture,Furnishings,"Eldon Expressions Wood Desk Accessories, Oak",14.76,2,0.0,4.2804
6781,US-2016-147711,9/3/2016,9/8/2016,Second Class,HF-14995,Herbert Flentye,Consumer,United States,Baltimore,Maryland,21215,East,OFF-BI-10003350,Office Supplies,Binders,Acco Expandable Hanging Binders,12.76,2,0.0,5.8696
6782,US-2016-147711,9/3/2016,9/8/2016,Second Class,HF-14995,Herbert Flentye,Consumer,United States,Baltimore,Maryland,21215,East,OFF-LA-10004093,Office Supplies,Labels,Avery 486,58.48,8,0.0,27.4856
6783,CA-2017-121293,7/25/2017,7/28/2017,Second Class,JC-15775,John Castell,Consumer,United States,Philadelphia,Pennsylvania,19143,East,FUR-FU-10000732,Furniture,Furnishings,Eldon 200 Class Desk Accessories,20.096,4,0.2,3.0144
6784,CA-2017-121293,7/25/2017,7/28/2017,Second Class,JC-15775,John Castell,Consumer,United States,Philadelphia,Pennsylvania,19143,East,OFF-SU-10004884,Office Supplies,Supplies,Acme Galleria Hot Forged Steel Scissors with Colored Handles,37.752,3,0.2,4.2471
6785,CA-2017-121293,7/25/2017,7/28/2017,Second Class,JC-15775,John Castell,Consumer,United States,Philadelphia,Pennsylvania,19143,East,FUR-TA-10001771,Furniture,Tables,"Bush Cubix Conference Tables, Fully Assembled",138.588,1,0.4,-34.647
6786,CA-2017-121293,7/25/2017,7/28/2017,Second Class,JC-15775,John Castell,Consumer,United States,Philadelphia,Pennsylvania,19143,East,OFF-ST-10000060,Office Supplies,Storage,Fellowes Bankers Box Staxonsteel Drawer File/Stacking System,259.92,5,0.2,-25.992
6787,CA-2017-121293,7/25/2017,7/28/2017,Second Class,JC-15775,John Castell,Consumer,United States,Philadelphia,Pennsylvania,19143,East,OFF-PA-10004100,Office Supplies,Paper,Xerox 216,20.736,4,0.2,7.2576
6793,CA-2014-141005,8/15/2014,8/18/2014,First Class,CS-12355,Christine Sundaresam,Consumer,United States,Fairfield,Connecticut,6824,East,OFF-BI-10001989,Office Supplies,Binders,Premium Transparent Presentation Covers by GBC,62.94,3,0.0,30.2112
6810,CA-2017-156237,9/14/2017,9/15/2017,First Class,PS-18760,Pamela Stobb,Consumer,United States,Philadelphia,Pennsylvania,19140,East,OFF-BI-10000301,Office Supplies,Binders,GBC Instant Report Kit,3.882,2,0.7,-2.588
6811,CA-2017-156237,9/14/2017,9/15/2017,First Class,PS-18760,Pamela Stobb,Consumer,United States,Philadelphia,Pennsylvania,19140,East,TEC-MA-10002930,Technology,Machines,Ricoh - Ink Collector Unit for GX3000 Series Printers,12.585,1,0.7,-18.0385
6812,CA-2017-156237,9/14/2017,9/15/2017,First Class,PS-18760,Pamela Stobb,Consumer,United States,Philadelphia,Pennsylvania,19140,East,FUR-CH-10002372,Furniture,Chairs,Office Star - Ergonomically Designed Knee Chair,113.372,2,0.3,-29.1528
6813,CA-2017-156237,9/14/2017,9/15/2017,First Class,PS-18760,Pamela Stobb,Consumer,United States,Philadelphia,Pennsylvania,19140,East,OFF-BI-10003707,Office Supplies,Binders,Aluminum Screw Posts,18.312,4,0.7,-12.208
6814,CA-2017-156237,9/14/2017,9/15/2017,First Class,PS-18760,Pamela Stobb,Consumer,United States,Philadelphia,Pennsylvania,19140,East,FUR-FU-10001057,Furniture,Furnishings,Tensor Track Tree Floor Lamp,127.936,8,0.2,4.7976
6815,CA-2017-156237,9/14/2017,9/15/2017,First Class,PS-18760,Pamela Stobb,Consumer,United States,Philadelphia,Pennsylvania,19140,East,TEC-MA-10001681,Technology,Machines,Lexmark MarkNet N8150 Wireless Print Server,241.17,2,0.7,-168.819
6831,CA-2016-140438,12/24/2016,12/27/2016,Second Class,PW-19030,Pauline Webber,Corporate,United States,New York City,New York,10009,East,TEC-PH-10001750,Technology,Phones,Samsung Rugby III,197.97,3,0.0,53.4519
6832,US-2017-123204,7/21/2017,7/27/2017,Standard Class,CS-11860,Cari Schnelling,Consumer,United States,New York City,New York,10024,East,OFF-AP-10002287,Office Supplies,Appliances,"Eureka Sanitaire  Multi-Pro Heavy-Duty Upright, Disposable Bags",17.48,4,0.0,4.5448
6838,CA-2015-116260,7/6/2015,7/12/2015,Standard Class,BF-10975,Barbara Fisher,Corporate,United States,Vineland,New Jersey,8360,East,OFF-AR-10003732,Office Supplies,Art,Newell 333,11.12,4,0.0,2.8912
6841,CA-2015-166338,12/6/2015,12/7/2015,First Class,MP-18175,Mike Pelletier,Home Office,United States,Troy,Ohio,45373,East,OFF-BI-10002852,Office Supplies,Binders,Ibico Standard Transparent Covers,14.832,3,0.7,-10.3824
6886,CA-2017-123036,9/10/2017,9/17/2017,Standard Class,HA-14905,Helen Abelman,Consumer,United States,Springfield,Ohio,45503,East,TEC-AC-10003499,Technology,Accessories,Memorex Mini Travel Drive 8 GB USB 2.0 Flash Drive,37.056,4,0.2,8.8008
6887,CA-2017-123036,9/10/2017,9/17/2017,Standard Class,HA-14905,Helen Abelman,Consumer,United States,Springfield,Ohio,45503,East,TEC-PH-10003580,Technology,Phones,Cisco IP Phone 7961G-GE VoIP phone,259.896,2,0.4,-56.3108
6898,CA-2017-122028,8/18/2017,8/25/2017,Standard Class,CK-12205,Chloris Kastensmidt,Consumer,United States,Lakewood,Ohio,44107,East,OFF-BI-10004817,Office Supplies,Binders,GBC Personal VeloBind Strips,10.782,3,0.7,-7.9068
6901,CA-2015-140557,9/7/2015,9/11/2015,Standard Class,TN-21040,Tanja Norvell,Home Office,United States,New York City,New York,10009,East,TEC-AC-10002402,Technology,Accessories,Razer Kraken PRO Over Ear PC and Music Headset,559.93,7,0.0,167.979
6910,CA-2014-126277,9/13/2014,9/18/2014,Second Class,LH-16900,Lena Hernandez,Consumer,United States,Columbus,Ohio,43229,East,OFF-BI-10004022,Office Supplies,Binders,Acco Suede Grain Vinyl Round Ring Binder,2.502,3,0.7,-2.0016
6920,CA-2015-102806,5/21/2015,5/28/2015,Standard Class,HG-14965,Henry Goldwyn,Corporate,United States,Philadelphia,Pennsylvania,19143,East,OFF-BI-10001597,Office Supplies,Binders,"Wilson Jones Ledger-Size, Piano-Hinge Binder, 2"", Blue",24.588,2,0.7,-18.0312
6922,CA-2017-109211,4/4/2017,4/10/2017,Standard Class,PS-19045,Penelope Sewall,Home Office,United States,New York City,New York,10011,East,OFF-EN-10001532,Office Supplies,Envelopes,Brown Kraft Recycled Envelopes,16.98,1,0.0,8.49
6925,CA-2015-137925,11/30/2015,12/4/2015,Standard Class,JL-15235,Janet Lee,Consumer,United States,New York City,New York,10035,East,OFF-PA-10002659,Office Supplies,Paper,Avoid Verbal Orders Carbonless Minifold Book,23.66,7,0.0,10.8836
6926,CA-2015-137925,11/30/2015,12/4/2015,Standard Class,JL-15235,Janet Lee,Consumer,United States,New York City,New York,10035,East,FUR-BO-10001608,Furniture,Bookcases,"Hon Metal Bookcases, Black",681.408,12,0.2,42.588
6932,CA-2014-164182,7/14/2014,7/18/2014,Standard Class,ST-20530,Shui Tom,Consumer,United States,Philadelphia,Pennsylvania,19140,East,TEC-PH-10002070,Technology,Phones,Griffin GC36547 PowerJolt SE Lightning Charger,13.494,1,0.4,-2.249
6933,CA-2014-164182,7/14/2014,7/18/2014,Standard Class,ST-20530,Shui Tom,Consumer,United States,Philadelphia,Pennsylvania,19140,East,TEC-PH-10002583,Technology,Phones,iOttie HLCRIO102 Car Mount,23.988,2,0.4,-13.993
6934,CA-2014-164182,7/14/2014,7/18/2014,Standard Class,ST-20530,Shui Tom,Consumer,United States,Philadelphia,Pennsylvania,19140,East,FUR-FU-10001057,Furniture,Furnishings,Tensor Track Tree Floor Lamp,31.984,2,0.2,1.1994
6935,CA-2014-164182,7/14/2014,7/18/2014,Standard Class,ST-20530,Shui Tom,Consumer,United States,Philadelphia,Pennsylvania,19140,East,OFF-AR-10001044,Office Supplies,Art,"BOSTON Ranger #55 Pencil Sharpener, Black",41.584,2,0.2,4.6782
6940,CA-2017-107132,6/26/2017,6/30/2017,Standard Class,SC-20260,Scott Cohen,Corporate,United States,New York City,New York,10009,East,OFF-BI-10001071,Office Supplies,Binders,GBC ProClick Punch Binding System,102.368,2,0.2,37.1084
6941,CA-2017-107132,6/26/2017,6/30/2017,Standard Class,SC-20260,Scott Cohen,Corporate,United States,New York City,New York,10009,East,OFF-SU-10002503,Office Supplies,Supplies,Acme Preferred Stainless Steel Scissors,28.4,5,0.0,8.236
6942,CA-2017-107132,6/26/2017,6/30/2017,Standard Class,SC-20260,Scott Cohen,Corporate,United States,New York City,New York,10009,East,OFF-ST-10001490,Office Supplies,Storage,"Hot File 7-Pocket, Floor Stand",713.88,4,0.0,214.164
6943,CA-2017-107132,6/26/2017,6/30/2017,Standard Class,SC-20260,Scott Cohen,Corporate,United States,New York City,New York,10009,East,OFF-PA-10003790,Office Supplies,Paper,Xerox 1991,68.52,3,0.0,31.5192
6945,CA-2014-148369,9/23/2014,9/27/2014,Standard Class,TH-21115,Thea Hudgings,Corporate,United States,Newark,Delaware,19711,East,OFF-BI-10004876,Office Supplies,Binders,Wilson Jones Suede Grain Vinyl Binders,11.12,4,0.0,5.4488
6946,CA-2016-106243,9/30/2016,10/4/2016,Standard Class,GM-14680,Greg Matthias,Consumer,United States,New York City,New York,10011,East,FUR-BO-10003034,Furniture,Bookcases,"O'Sullivan Elevations Bookcase, Cherry Finish",523.92,5,0.2,-26.196
6950,CA-2017-143021,11/19/2017,11/19/2017,Same Day,AP-10720,Anne Pryor,Home Office,United States,New York City,New York,10011,East,OFF-BI-10001628,Office Supplies,Binders,"Acco Data Flex Cable Posts For Top & Bottom Load Binders, 6"" Capacity",58.408,7,0.2,18.2525
6951,CA-2017-143021,11/19/2017,11/19/2017,Same Day,AP-10720,Anne Pryor,Home Office,United States,New York City,New York,10011,East,FUR-TA-10001676,Furniture,Tables,Hon 61000 Series Interactive Training Tables,79.974,3,0.4,-29.3238
6969,CA-2015-110765,10/16/2015,10/20/2015,Second Class,MP-17965,Michael Paige,Corporate,United States,New York City,New York,10011,East,TEC-PH-10004165,Technology,Phones,Mitel MiVoice 5330e IP Phone,824.97,3,0.0,214.4922
6981,CA-2014-146990,11/7/2014,11/8/2014,First Class,BP-11095,Bart Pistole,Corporate,United States,New York City,New York,10024,East,OFF-FA-10000611,Office Supplies,Fasteners,Binder Clips by OIC,5.92,4,0.0,2.8416
6982,CA-2014-146990,11/7/2014,11/8/2014,First Class,BP-11095,Bart Pistole,Corporate,United States,New York City,New York,10024,East,OFF-PA-10000246,Office Supplies,Paper,Riverleaf Stik-Withit Designer Note Cubes,30.18,3,0.0,13.8828
7006,CA-2015-141740,11/1/2015,11/5/2015,Standard Class,JF-15490,Jeremy Farry,Consumer,United States,New York City,New York,10009,East,FUR-CH-10001545,Furniture,Chairs,Hon Comfortask Task/Swivel Chairs,205.164,2,0.1,13.6776
7008,CA-2015-154823,8/21/2015,8/25/2015,Standard Class,KN-16390,Katherine Nockton,Corporate,United States,Springfield,Ohio,45503,East,OFF-BI-10001098,Office Supplies,Binders,Acco D-Ring Binder w/DublLock,12.828,2,0.7,-8.9796
7009,CA-2015-154823,8/21/2015,8/25/2015,Standard Class,KN-16390,Katherine Nockton,Corporate,United States,Springfield,Ohio,45503,East,FUR-CH-10003379,Furniture,Chairs,Global Commerce Series High-Back Swivel/Tilt Chairs,598.458,3,0.3,-42.747
7010,CA-2015-154823,8/21/2015,8/25/2015,Standard Class,KN-16390,Katherine Nockton,Corporate,United States,Springfield,Ohio,45503,East,FUR-FU-10000193,Furniture,Furnishings,Tenex Chairmats For Use with Hard Floors,25.984,1,0.2,-3.8976
7011,US-2014-135881,5/23/2014,5/27/2014,Standard Class,GT-14710,Greg Tran,Consumer,United States,New York City,New York,10035,East,OFF-BI-10000829,Office Supplies,Binders,Avery Non-Stick Binders,17.96,5,0.2,5.837
7012,US-2014-135881,5/23/2014,5/27/2014,Standard Class,GT-14710,Greg Tran,Consumer,United States,New York City,New York,10035,East,OFF-SU-10003002,Office Supplies,Supplies,Letter Slitter,5.04,2,0.0,0.1512
7013,US-2014-135881,5/23/2014,5/27/2014,Standard Class,GT-14710,Greg Tran,Consumer,United States,New York City,New York,10035,East,OFF-AP-10002118,Office Supplies,Appliances,"1.7 Cubic Foot Compact ""Cube"" Office Refrigerators",208.16,1,0.0,56.2032
7019,US-2016-154256,6/23/2016,6/27/2016,Second Class,SM-20005,Sally Matthias,Consumer,United States,New York City,New York,10035,East,OFF-LA-10003720,Office Supplies,Labels,Avery 487,25.83,7,0.0,12.1401
7026,US-2017-101840,2/6/2017,2/12/2017,Standard Class,SP-20545,Sibella Parks,Corporate,United States,New York City,New York,10024,East,TEC-PH-10002538,Technology,Phones,Grandstream GXP1160 VoIP phone,227.46,6,0.0,65.9634
7027,US-2017-101840,2/6/2017,2/12/2017,Standard Class,SP-20545,Sibella Parks,Corporate,United States,New York City,New York,10024,East,OFF-BI-10000279,Office Supplies,Binders,"Acco Recycled 2"" Capacity Laser Printer Hanging Data Binders",46.24,4,0.2,15.606
7028,CA-2017-131653,1/29/2017,2/5/2017,Standard Class,RD-19585,Rob Dowd,Consumer,United States,New York City,New York,10011,East,OFF-LA-10001045,Office Supplies,Labels,Permanent Self-Adhesive File Folder Labels for Typewriters by Universal,5.22,2,0.0,2.4012
7030,CA-2016-145548,11/11/2016,11/16/2016,Standard Class,EB-13750,Edward Becker,Corporate,United States,New York City,New York,10011,East,OFF-ST-10002562,Office Supplies,Storage,Staple magnet,28.14,3,0.0,7.8792
7031,CA-2016-145548,11/11/2016,11/16/2016,Standard Class,EB-13750,Edward Becker,Corporate,United States,New York City,New York,10011,East,TEC-AC-10002305,Technology,Accessories,KeyTronic E03601U1 - Keyboard - Beige,36.0,2,0.0,6.48
7032,CA-2016-145548,11/11/2016,11/16/2016,Standard Class,EB-13750,Edward Becker,Corporate,United States,New York City,New York,10011,East,OFF-AR-10003373,Office Supplies,Art,"Boston School Pro Electric Pencil Sharpener, 1670",92.94,3,0.0,25.0938
7033,CA-2016-145548,11/11/2016,11/16/2016,Standard Class,EB-13750,Edward Becker,Corporate,United States,New York City,New York,10011,East,FUR-CH-10003774,Furniture,Chairs,"Global Wood Trimmed Manager's Task Chair, Khaki",245.646,3,0.1,8.1882
7034,CA-2016-145548,11/11/2016,11/16/2016,Standard Class,EB-13750,Edward Becker,Corporate,United States,New York City,New York,10011,East,OFF-BI-10001510,Office Supplies,Binders,Deluxe Heavy-Duty Vinyl Round Ring Binder,55.008,3,0.2,17.19
7035,CA-2016-145548,11/11/2016,11/16/2016,Standard Class,EB-13750,Edward Becker,Corporate,United States,New York City,New York,10011,East,OFF-BI-10004236,Office Supplies,Binders,"XtraLife ClearVue Slant-D Ring Binder, White, 3""",35.232,3,0.2,11.4504
7040,CA-2017-103443,12/17/2017,12/23/2017,Standard Class,AT-10735,Annie Thurman,Consumer,United States,New York City,New York,10009,East,OFF-ST-10002276,Office Supplies,Storage,Safco Steel Mobile File Cart,166.72,2,0.0,41.68
7041,CA-2017-103443,12/17/2017,12/23/2017,Standard Class,AT-10735,Annie Thurman,Consumer,United States,New York City,New York,10009,East,OFF-BI-10001617,Office Supplies,Binders,GBC Wire Binding Combs,24.816,3,0.2,8.3754
7042,CA-2017-103443,12/17/2017,12/23/2017,Standard Class,AT-10735,Annie Thurman,Consumer,United States,New York City,New York,10009,East,FUR-FU-10000308,Furniture,Furnishings,Deflect-o Glass Clear Studded Chair Mats,124.36,2,0.0,27.3592
7043,US-2017-165358,7/18/2017,7/23/2017,Standard Class,SV-20365,Seth Vernon,Consumer,United States,Philadelphia,Pennsylvania,19134,East,TEC-CO-10001943,Technology,Copiers,Canon PC-428 Personal Copier,599.97,5,0.4,69.9965
7044,US-2017-165358,7/18/2017,7/23/2017,Standard Class,SV-20365,Seth Vernon,Consumer,United States,Philadelphia,Pennsylvania,19134,East,FUR-CH-10002647,Furniture,Chairs,"Situations Contoured Folding Chairs, 4/Set",198.744,4,0.3,-14.196
7045,US-2017-165358,7/18/2017,7/23/2017,Standard Class,SV-20365,Seth Vernon,Consumer,United States,Philadelphia,Pennsylvania,19134,East,OFF-SU-10004768,Office Supplies,Supplies,Acme Kleencut Forged Steel Scissors,9.184,2,0.2,1.148
7065,CA-2017-169474,2/4/2017,2/9/2017,Standard Class,JF-15355,Jay Fein,Consumer,United States,Rochester,New York,14609,East,OFF-AP-10003971,Office Supplies,Appliances,Belkin 6 Outlet Metallic Surge Strip,32.67,3,0.0,8.4942
7086,CA-2017-112004,9/25/2017,9/28/2017,First Class,AH-10075,Adam Hart,Corporate,United States,Chester,Pennsylvania,19013,East,OFF-BI-10003476,Office Supplies,Binders,Avery Metallic Poly Binders,8.595,5,0.7,-6.303
7087,CA-2017-112004,9/25/2017,9/28/2017,First Class,AH-10075,Adam Hart,Corporate,United States,Chester,Pennsylvania,19013,East,OFF-SU-10000157,Office Supplies,Supplies,Compact Automatic Electric Letter Opener,190.896,2,0.2,-42.9516
7096,CA-2016-101980,8/19/2016,8/20/2016,First Class,RP-19390,Resi Pölking,Consumer,United States,New York City,New York,10009,East,OFF-BI-10000666,Office Supplies,Binders,Surelock Post Binders,146.688,6,0.2,55.008
7097,CA-2016-101980,8/19/2016,8/20/2016,First Class,RP-19390,Resi Pölking,Consumer,United States,New York City,New York,10009,East,OFF-BI-10004318,Office Supplies,Binders,Ibico EB-19 Dual Function Manual Binding System,276.784,2,0.2,89.9548
7098,CA-2016-101980,8/19/2016,8/20/2016,First Class,RP-19390,Resi Pölking,Consumer,United States,New York City,New York,10009,East,OFF-BI-10003429,Office Supplies,Binders,"Cardinal HOLDit! Binder Insert Strips,Extra Strips",25.32,5,0.2,9.1785
7099,CA-2017-144596,11/6/2017,11/10/2017,Standard Class,CD-11980,Carol Darley,Consumer,United States,New York City,New York,10011,East,OFF-PA-10003302,Office Supplies,Paper,Xerox 1906,318.96,9,0.0,149.9112
7100,CA-2015-124933,12/26/2015,12/30/2015,Second Class,DF-13135,David Flashing,Consumer,United States,New York City,New York,10009,East,OFF-PA-10003302,Office Supplies,Paper,Xerox 1906,212.64,6,0.0,99.9408
7103,CA-2014-117478,9/21/2014,9/24/2014,First Class,LH-16750,Larry Hughes,Consumer,United States,Philadelphia,Pennsylvania,19140,East,OFF-BI-10000050,Office Supplies,Binders,"Angle-D Binders with Locking Rings, Label Holders",6.57,3,0.7,-5.037
7105,CA-2017-128944,6/19/2017,6/21/2017,Second Class,KH-16330,Katharine Harms,Corporate,United States,Newark,Ohio,43055,East,FUR-CH-10000785,Furniture,Chairs,Global Ergonomic Managers Chair,760.116,6,0.3,-43.4352
7106,CA-2017-128944,6/19/2017,6/21/2017,Second Class,KH-16330,Katharine Harms,Corporate,United States,Newark,Ohio,43055,East,FUR-FU-10004909,Furniture,Furnishings,Contemporary Wood/Metal Frame,38.784,3,0.2,7.272
7107,CA-2017-128944,6/19/2017,6/21/2017,Second Class,KH-16330,Katharine Harms,Corporate,United States,Newark,Ohio,43055,East,TEC-AC-10001553,Technology,Accessories,"Memorex 25GB 6X Branded Blu-Ray Recordable Disc, 15/Pack",122.328,9,0.2,1.5291
7108,CA-2016-109666,4/19/2016,4/26/2016,Standard Class,KM-16720,Kunst Miller,Consumer,United States,New York City,New York,10035,East,TEC-PH-10004774,Technology,Phones,Gear Head AU3700S Headset,25.98,2,0.0,0.7794
7109,CA-2016-109666,4/19/2016,4/26/2016,Standard Class,KM-16720,Kunst Miller,Consumer,United States,New York City,New York,10035,East,OFF-AR-10004582,Office Supplies,Art,BIC Brite Liner Grip Highlighters,3.28,2,0.0,1.476
7110,CA-2016-109666,4/19/2016,4/26/2016,Standard Class,KM-16720,Kunst Miller,Consumer,United States,New York City,New York,10035,East,OFF-ST-10000991,Office Supplies,Storage,Space Solutions HD Industrial Steel Shelving.,459.88,4,0.0,13.7964
7111,CA-2016-109666,4/19/2016,4/26/2016,Standard Class,KM-16720,Kunst Miller,Consumer,United States,New York City,New York,10035,East,OFF-SU-10002522,Office Supplies,Supplies,Acme Kleen Earth Office Shears,7.76,2,0.0,2.2504
7112,CA-2016-109666,4/19/2016,4/26/2016,Standard Class,KM-16720,Kunst Miller,Consumer,United States,New York City,New York,10035,East,OFF-AR-10004022,Office Supplies,Art,Panasonic KP-380BK Classic Electric Pencil Sharpener,71.96,2,0.0,17.99
7113,CA-2016-109666,4/19/2016,4/26/2016,Standard Class,KM-16720,Kunst Miller,Consumer,United States,New York City,New York,10035,East,OFF-SU-10001218,Office Supplies,Supplies,Fiskars Softgrip Scissors,54.9,5,0.0,15.372
7114,CA-2016-109666,4/19/2016,4/26/2016,Standard Class,KM-16720,Kunst Miller,Consumer,United States,New York City,New York,10035,East,OFF-BI-10000174,Office Supplies,Binders,"Wilson Jones Clip & Carry Folder Binder Tool for Ring Binders, Clear",9.28,2,0.2,3.248
7119,CA-2017-104906,2/13/2017,2/17/2017,Standard Class,JP-15460,Jennifer Patt,Corporate,United States,New York City,New York,10009,East,OFF-PA-10001184,Office Supplies,Paper,Xerox 1903,17.94,3,0.0,8.7906
7124,CA-2015-128013,8/9/2015,8/16/2015,Standard Class,MF-18250,Monica Federle,Corporate,United States,New York City,New York,10035,East,FUR-FU-10000320,Furniture,Furnishings,OIC Stacking Trays,10.02,3,0.0,4.4088
7125,CA-2015-128013,8/9/2015,8/16/2015,Standard Class,MF-18250,Monica Federle,Corporate,United States,New York City,New York,10035,East,OFF-PA-10001815,Office Supplies,Paper,Xerox 1885,144.12,3,0.0,69.1776
7128,US-2016-117541,11/14/2016,11/20/2016,Standard Class,JM-16195,Justin MacKendrick,Consumer,United States,Newark,Delaware,19711,East,OFF-PA-10001609,Office Supplies,Paper,Tops Wirebound Message Log Books,16.45,5,0.0,7.567
7129,US-2016-117541,11/14/2016,11/20/2016,Standard Class,JM-16195,Justin MacKendrick,Consumer,United States,Newark,Delaware,19711,East,FUR-FU-10000550,Furniture,Furnishings,Stacking Trays by OIC,19.92,4,0.0,6.5736
7144,US-2017-141558,3/11/2017,3/16/2017,Standard Class,MH-17290,Marc Harrigan,Home Office,United States,Philadelphia,Pennsylvania,19140,East,TEC-PH-10002555,Technology,Phones,Nortel Meridian M5316 Digital phone,776.85,5,0.4,-181.265
7145,US-2017-141558,3/11/2017,3/16/2017,Standard Class,MH-17290,Marc Harrigan,Home Office,United States,Philadelphia,Pennsylvania,19140,East,OFF-BI-10002794,Office Supplies,Binders,"Avery Trapezoid Ring Binder, 3"" Capacity, Black, 1040 sheets",12.294,1,0.7,-8.6058
7146,US-2017-141558,3/11/2017,3/16/2017,Standard Class,MH-17290,Marc Harrigan,Home Office,United States,Philadelphia,Pennsylvania,19140,East,FUR-TA-10004086,Furniture,Tables,KI Adjustable-Height Table,154.764,3,0.4,-46.4292
7147,US-2017-141558,3/11/2017,3/16/2017,Standard Class,MH-17290,Marc Harrigan,Home Office,United States,Philadelphia,Pennsylvania,19140,East,OFF-ST-10004946,Office Supplies,Storage,Desktop 3-Pocket Hot File,43.28,1,0.2,3.246
7148,CA-2016-139941,6/12/2016,6/17/2016,Standard Class,CB-12415,Christy Brittain,Consumer,United States,Long Beach,New York,11561,East,OFF-PA-10000241,Office Supplies,Paper,"IBM Multi-Purpose Copy Paper, 8 1/2 x 11"", Case",92.94,3,0.0,41.823
7149,CA-2016-139941,6/12/2016,6/17/2016,Standard Class,CB-12415,Christy Brittain,Consumer,United States,Long Beach,New York,11561,East,OFF-AP-10004036,Office Supplies,Appliances,Bionaire 99.97% HEPA Air Cleaner,52.56,3,0.0,18.396
7157,CA-2017-126718,4/29/2017,5/4/2017,Standard Class,KT-16480,Kean Thornton,Consumer,United States,Orange,New Jersey,7050,East,OFF-LA-10004055,Office Supplies,Labels,Color-Coded Legal Exhibit Labels,4.91,1,0.0,2.4059
7164,CA-2014-122070,4/22/2014,4/24/2014,Second Class,AH-10030,Aaron Hawkins,Corporate,United States,Troy,New York,12180,East,OFF-EN-10004773,Office Supplies,Envelopes,Staple envelope,247.84,8,0.0,121.4416
7165,CA-2014-122070,4/22/2014,4/24/2014,Second Class,AH-10030,Aaron Hawkins,Corporate,United States,Troy,New York,12180,East,OFF-BI-10004970,Office Supplies,Binders,"ACCOHIDE 3-Ring Binder, Blue, 1""",9.912,3,0.2,3.3453
7166,CA-2016-158610,9/19/2016,9/22/2016,First Class,CK-12595,Clytie Kelty,Consumer,United States,Providence,Rhode Island,2908,East,OFF-ST-10000604,Office Supplies,Storage,Home/Office Personal File Carts,69.52,2,0.0,17.38
7171,US-2017-168613,10/8/2017,10/14/2017,Standard Class,GM-14440,Gary McGarr,Consumer,United States,New York City,New York,10009,East,FUR-CH-10002372,Furniture,Chairs,Office Star - Ergonomically Designed Knee Chair,145.764,2,0.1,3.2392
7178,CA-2017-133067,5/4/2017,5/10/2017,Standard Class,MY-18295,Muhammed Yedwab,Corporate,United States,Philadelphia,Pennsylvania,19140,East,OFF-BI-10002897,Office Supplies,Binders,"Black Avery Memo-Size 3-Ring Binder, 5 1/2"" x 8 1/2""",2.202,2,0.7,-1.5414
7179,CA-2017-133067,5/4/2017,5/10/2017,Standard Class,MY-18295,Muhammed Yedwab,Corporate,United States,Philadelphia,Pennsylvania,19140,East,OFF-BI-10003694,Office Supplies,Binders,"Avery 3 1/2"" Diskette Storage Pages, 10/Pack",9.396,3,0.7,-7.5168
7180,US-2016-144351,11/14/2016,11/18/2016,Standard Class,RC-19960,Ryan Crowe,Consumer,United States,Baltimore,Maryland,21215,East,TEC-PH-10001644,Technology,Phones,"BlueLounge Milo Smartphone Stand, White/Metallic",89.97,3,0.0,25.1916
7182,CA-2016-138667,12/27/2016,12/30/2016,Second Class,MW-18220,Mitch Webber,Consumer,United States,Lancaster,Ohio,43130,East,TEC-AC-10003063,Technology,Accessories,Micro Innovations USB RF Wireless Keyboard with Mouse,40.0,2,0.2,0.5
7184,CA-2017-128853,4/21/2017,4/23/2017,First Class,JM-15250,Janet Martin,Consumer,United States,Baltimore,Maryland,21215,East,FUR-CH-10004218,Furniture,Chairs,"Global Fabric Manager's Chair, Dark Gray",908.82,9,0.0,227.205
7199,US-2015-156797,8/11/2015,8/15/2015,Standard Class,PO-19180,Philisse Overcash,Home Office,United States,New York City,New York,10035,East,OFF-AR-10001427,Office Supplies,Art,Newell 330,11.96,2,0.0,3.1096
7200,US-2015-156797,8/11/2015,8/15/2015,Standard Class,PO-19180,Philisse Overcash,Home Office,United States,New York City,New York,10035,East,TEC-PH-10004614,Technology,Phones,AT&T 841000 Phone,138.0,2,0.0,34.5
7203,CA-2016-120369,10/28/2016,10/28/2016,Same Day,VB-21745,Victoria Brennan,Corporate,United States,Rochester,New York,14609,East,FUR-FU-10003806,Furniture,Furnishings,"Tenex Chairmat w/ Average Lip, 45"" x 53""",756.8,5,0.0,75.68
7205,CA-2015-136658,9/10/2015,9/17/2015,Standard Class,BO-11425,Bobby Odegard,Consumer,United States,New York City,New York,10024,East,OFF-AR-10000817,Office Supplies,Art,Manco Dry-Lighter Erasable Highlighter,6.08,2,0.0,2.0672
7221,CA-2017-154760,1/9/2017,1/13/2017,Standard Class,BP-11290,Beth Paige,Consumer,United States,Philadelphia,Pennsylvania,19140,East,OFF-BI-10004632,Office Supplies,Binders,Ibico Hi-Tech Manual Binding System,274.491,3,0.7,-228.7425
7222,US-2017-104437,1/27/2017,1/31/2017,Standard Class,TG-21310,Toby Gnade,Consumer,United States,New York City,New York,10035,East,TEC-PH-10000193,Technology,Phones,Jensen SMPS-640 - speaker phone,137.94,3,0.0,35.8644
7227,CA-2017-127397,2/24/2017,2/28/2017,Standard Class,ES-14080,Erin Smith,Corporate,United States,Philadelphia,Pennsylvania,19134,East,OFF-PA-10001125,Office Supplies,Paper,Xerox 1988,123.92,5,0.2,38.725
7228,CA-2017-127397,2/24/2017,2/28/2017,Standard Class,ES-14080,Erin Smith,Corporate,United States,Philadelphia,Pennsylvania,19134,East,TEC-AC-10003033,Technology,Accessories,Plantronics CS510 - Over-the-Head monaural Wireless Headset System,1319.8,5,0.2,214.4675
7231,CA-2017-153843,3/13/2017,3/15/2017,First Class,SC-20380,Shahid Collister,Consumer,United States,Fairfield,Connecticut,6824,East,OFF-BI-10002353,Office Supplies,Binders,GBC VeloBind Cover Sets,30.88,2,0.0,15.44
7232,CA-2017-153843,3/13/2017,3/15/2017,First Class,SC-20380,Shahid Collister,Consumer,United States,Fairfield,Connecticut,6824,East,OFF-AP-10001564,Office Supplies,Appliances,Hoover Commercial Lightweight Upright Vacuum with E-Z Empty Dirt Cup,465.16,2,0.0,120.9416
7233,CA-2017-153843,3/13/2017,3/15/2017,First Class,SC-20380,Shahid Collister,Consumer,United States,Fairfield,Connecticut,6824,East,OFF-PA-10003673,Office Supplies,Paper,Strathmore Photo Mount Cards,27.12,4,0.0,12.4752
7234,CA-2016-137337,3/8/2016,3/12/2016,Standard Class,GB-14575,Giulietta Baptist,Consumer,United States,New York City,New York,10011,East,FUR-FU-10003347,Furniture,Furnishings,Coloredge Poster Frame,113.6,8,0.0,44.304
7235,CA-2016-137337,3/8/2016,3/12/2016,Standard Class,GB-14575,Giulietta Baptist,Consumer,United States,New York City,New York,10011,East,OFF-PA-10001934,Office Supplies,Paper,Xerox 1993,12.96,2,0.0,6.3504
7236,CA-2016-137337,3/8/2016,3/12/2016,Standard Class,GB-14575,Giulietta Baptist,Consumer,United States,New York City,New York,10011,East,OFF-BI-10000632,Office Supplies,Binders,Satellite Sectional Post Binders,69.456,2,0.2,22.5732
7238,CA-2016-164924,7/10/2016,7/10/2016,Same Day,EA-14035,Erin Ashbrook,Corporate,United States,Philadelphia,Pennsylvania,19143,East,TEC-MA-10000904,Technology,Machines,"Brother MFC-9340CDW LED All-In-One Printer, Copier Scanner",341.991,3,0.7,-319.1916
7244,CA-2017-118892,8/17/2017,8/22/2017,Second Class,TP-21415,Tom Prescott,Consumer,United States,Philadelphia,Pennsylvania,19134,East,FUR-CH-10002024,Furniture,Chairs,HON 5400 Series Task Chairs for Big and Tall,4416.174,9,0.3,-630.882
7247,US-2014-127978,3/3/2014,3/8/2014,Standard Class,JS-15595,Jill Stevenson,Corporate,United States,Columbus,Ohio,43229,East,OFF-LA-10000305,Office Supplies,Labels,Avery 495,15.12,3,0.2,4.914
7248,US-2014-127978,3/3/2014,3/8/2014,Standard Class,JS-15595,Jill Stevenson,Corporate,United States,Columbus,Ohio,43229,East,FUR-BO-10001972,Furniture,Bookcases,O'Sullivan 4-Shelf Bookcase in Odessa Pine,302.45,5,0.5,-199.617
7249,US-2014-127978,3/3/2014,3/8/2014,Standard Class,JS-15595,Jill Stevenson,Corporate,United States,Columbus,Ohio,43229,East,OFF-ST-10002486,Office Supplies,Storage,Eldon Shelf Savers Cubes and Bins,44.672,8,0.2,-10.0512
7263,CA-2017-156363,10/22/2017,10/28/2017,Standard Class,ML-17395,Marina Lichtenstein,Corporate,United States,Philadelphia,Pennsylvania,19134,East,TEC-PH-10003988,Technology,Phones,"LF Elite 3D Dazzle Designer Hard Case Cover, Lf Stylus Pen and Wiper For Apple Iphone 5c Mini Lite",32.7,5,0.4,-6.54
7264,CA-2017-156363,10/22/2017,10/28/2017,Standard Class,ML-17395,Marina Lichtenstein,Corporate,United States,Philadelphia,Pennsylvania,19134,East,OFF-EN-10003068,Office Supplies,Envelopes,#6 3/4 Gummed Flap White Envelopes,31.68,4,0.2,11.088
7281,CA-2015-162782,2/21/2015,2/27/2015,Standard Class,PW-19240,Pierre Wener,Consumer,United States,Columbia,Maryland,21044,East,OFF-BI-10003527,Office Supplies,Binders,Fellowes PB500 Electric Punch Plastic Comb Binding Machine with Manual Bind,2541.98,2,0.0,1270.99
7284,CA-2017-169439,9/9/2017,9/13/2017,Standard Class,LC-17140,Logan Currie,Consumer,United States,Cleveland,Ohio,44105,East,OFF-AR-10001374,Office Supplies,Art,"BIC Brite Liner Highlighters, Chisel Tip",25.92,5,0.2,3.888
7285,CA-2017-169439,9/9/2017,9/13/2017,Standard Class,LC-17140,Logan Currie,Consumer,United States,Cleveland,Ohio,44105,East,FUR-FU-10000723,Furniture,Furnishings,"Deflect-o EconoMat Studded, No Bevel Mat for Low Pile Carpeting",66.112,2,0.2,-9.0904
7298,CA-2015-101126,2/10/2015,2/14/2015,Second Class,NB-18655,Nona Balk,Corporate,United States,Philadelphia,Pennsylvania,19143,East,OFF-ST-10000943,Office Supplies,Storage,Eldon ProFile File 'N Store Portable File Tub Letter/Legal Size Black,77.24,5,0.2,7.724
7310,CA-2017-112172,6/10/2017,6/14/2017,Second Class,MM-18280,Muhammed MacIntyre,Corporate,United States,New York City,New York,10024,East,OFF-FA-10004395,Office Supplies,Fasteners,Plymouth Boxed Rubber Bands by Plymouth,14.13,3,0.0,0.7065
7316,CA-2017-115322,5/11/2017,5/16/2017,Second Class,ZC-21910,Zuschuss Carroll,Consumer,United States,New York City,New York,10024,East,OFF-AR-10004456,Office Supplies,Art,Panasonic KP-4ABK Battery-Operated Pencil Sharpener,43.92,3,0.0,12.7368
7317,CA-2016-132066,10/16/2016,10/20/2016,Standard Class,NB-18655,Nona Balk,Corporate,United States,New York City,New York,10011,East,FUR-TA-10001539,Furniture,Tables,Chromcraft Rectangular Conference Tables,142.182,1,0.4,-37.9152
7320,CA-2017-100097,11/26/2017,11/29/2017,Second Class,MN-17935,Michael Nguyen,Consumer,United States,New York City,New York,10009,East,TEC-PH-10002310,Technology,Phones,Plantronics Calisto P620-M USB Wireless Speakerphone System,979.95,5,0.0,264.5865
7321,CA-2017-100097,11/26/2017,11/29/2017,Second Class,MN-17935,Michael Nguyen,Consumer,United States,New York City,New York,10009,East,FUR-FU-10003623,Furniture,Furnishings,"DataProducts Ampli Magnifier Task Lamp, Black,",135.3,5,0.0,37.884
7324,US-2017-126053,12/5/2017,12/8/2017,First Class,CS-11950,Carlos Soltero,Consumer,United States,New York City,New York,10024,East,FUR-FU-10001934,Furniture,Furnishings,Magnifier Swing Arm Lamp,41.96,2,0.0,10.9096
7325,US-2017-126053,12/5/2017,12/8/2017,First Class,CS-11950,Carlos Soltero,Consumer,United States,New York City,New York,10024,East,OFF-LA-10003766,Office Supplies,Labels,Self-Adhesive Removable Labels,9.45,3,0.0,4.536
7332,CA-2017-115119,10/26/2017,10/30/2017,Standard Class,SC-20440,Shaun Chance,Corporate,United States,Lancaster,Pennsylvania,17602,East,TEC-PH-10001433,Technology,Phones,Cisco Small Business SPA 502G VoIP phone,61.542,1,0.4,-13.3341
7333,CA-2017-115119,10/26/2017,10/30/2017,Standard Class,SC-20440,Shaun Chance,Corporate,United States,Lancaster,Pennsylvania,17602,East,OFF-BI-10003007,Office Supplies,Binders,"Premium Transparent Presentation Covers, No Pattern/Clear, 8 1/2"" x 11""",81.438,7,0.7,-65.1504
7336,CA-2015-113152,12/25/2015,12/30/2015,Standard Class,JK-15625,Jim Karlsson,Consumer,United States,New York City,New York,10024,East,TEC-AC-10002049,Technology,Accessories,Plantronics Savi W720 Multi-Device Wireless Headset System,843.9,2,0.0,371.316
7337,CA-2015-113152,12/25/2015,12/30/2015,Standard Class,JK-15625,Jim Karlsson,Consumer,United States,New York City,New York,10024,East,FUR-BO-10002613,Furniture,Bookcases,"Atlantic Metals Mobile 4-Shelf Bookcases, Custom Colors",449.568,2,0.2,56.196
7339,CA-2014-163412,12/20/2014,12/23/2014,Second Class,SM-20950,Suzanne McNair,Corporate,United States,New York City,New York,10035,East,FUR-CH-10004875,Furniture,Chairs,Harbour Creations 67200 Series Stacking Chairs,192.186,3,0.1,36.3018
7340,CA-2015-159590,7/18/2015,7/21/2015,First Class,KC-16255,Karen Carlisle,Corporate,United States,New York City,New York,10009,East,OFF-AR-10003190,Office Supplies,Art,Newell 32,5.76,2,0.0,1.6128
7344,CA-2014-168473,12/26/2014,1/1/2015,Standard Class,TB-21520,Tracy Blumstein,Consumer,United States,New York City,New York,10009,East,OFF-ST-10000563,Office Supplies,Storage,Fellowes Bankers Box Stor/Drawer Steel Plus,191.88,6,0.0,19.188
7353,CA-2017-152135,3/16/2017,3/18/2017,Second Class,MG-17650,Matthew Grinstein,Home Office,United States,Lakewood,Ohio,44107,East,TEC-PH-10003505,Technology,Phones,Geemarc AmpliPOWER60,445.44,8,0.4,-81.664
7354,CA-2016-151974,9/22/2016,9/29/2016,Standard Class,RD-19660,Robert Dilbeck,Home Office,United States,Philadelphia,Pennsylvania,19134,East,OFF-LA-10004484,Office Supplies,Labels,Avery 476,16.52,5,0.2,5.369
7359,US-2014-115189,12/30/2014,1/3/2015,Second Class,AR-10345,Alex Russell,Corporate,United States,Philadelphia,Pennsylvania,19143,East,TEC-PH-10002170,Technology,Phones,ClearSounds CSC500 Amplified Spirit Phone Corded phone,251.964,6,0.4,-50.3928
7360,US-2014-115189,12/30/2014,1/3/2015,Second Class,AR-10345,Alex Russell,Corporate,United States,Philadelphia,Pennsylvania,19143,East,FUR-TA-10004575,Furniture,Tables,Hon 5100 Series Wood Tables,523.764,3,0.4,-192.0468
7364,CA-2016-127243,11/28/2016,12/4/2016,Standard Class,DS-13180,David Smith,Corporate,United States,Philadelphia,Pennsylvania,19140,East,TEC-PH-10004539,Technology,Phones,Wireless Extenders zBoost YX545 SOHO Signal Booster,340.182,3,0.4,-73.7061
7365,CA-2016-127243,11/28/2016,12/4/2016,Standard Class,DS-13180,David Smith,Corporate,United States,Philadelphia,Pennsylvania,19140,East,OFF-FA-10004076,Office Supplies,Fasteners,Translucent Push Pins by OIC,12.672,8,0.2,2.6928
7366,CA-2016-127243,11/28/2016,12/4/2016,Standard Class,DS-13180,David Smith,Corporate,United States,Philadelphia,Pennsylvania,19140,East,OFF-BI-10003166,Office Supplies,Binders,GBC Plasticlear Binding Covers,6.888,2,0.7,-5.0512
7367,CA-2016-127243,11/28/2016,12/4/2016,Standard Class,DS-13180,David Smith,Corporate,United States,Philadelphia,Pennsylvania,19140,East,OFF-ST-10002301,Office Supplies,Storage,Tennsco Commercial Shelving,32.544,2,0.2,-7.7292
7368,CA-2016-127243,11/28/2016,12/4/2016,Standard Class,DS-13180,David Smith,Corporate,United States,Philadelphia,Pennsylvania,19140,East,FUR-CH-10002647,Furniture,Chairs,"Situations Contoured Folding Chairs, 4/Set",347.802,7,0.3,-24.843
7392,CA-2017-160031,12/4/2017,12/7/2017,Second Class,LT-16765,Larry Tron,Consumer,United States,Fairfield,Ohio,45014,East,OFF-PA-10000241,Office Supplies,Paper,"IBM Multi-Purpose Copy Paper, 8 1/2 x 11"", Case",74.352,3,0.2,23.235
7396,CA-2016-110975,12/25/2016,12/30/2016,Standard Class,DB-12970,Darren Budd,Corporate,United States,New York City,New York,10024,East,FUR-TA-10002958,Furniture,Tables,"Bevis Oval Conference Table, Walnut",313.176,2,0.4,-120.0508
7397,CA-2016-110975,12/25/2016,12/30/2016,Standard Class,DB-12970,Darren Budd,Corporate,United States,New York City,New York,10024,East,FUR-CH-10003746,Furniture,Chairs,Hon 4070 Series Pagoda Round Back Stacking Chairs,866.646,3,0.1,173.3292
7398,CA-2014-141649,9/30/2014,9/30/2014,Same Day,DM-12955,Dario Medina,Corporate,United States,Fairfield,Ohio,45014,East,OFF-AP-10003217,Office Supplies,Appliances,Eureka Sanitaire  Commercial Upright,795.408,6,0.2,59.6556
7403,CA-2017-168172,8/6/2017,8/10/2017,Standard Class,SH-20395,Shahid Hopkins,Consumer,United States,New York City,New York,10011,East,OFF-SU-10002573,Office Supplies,Supplies,"Acme 10"" Easy Grip Assistive Scissors",70.12,4,0.0,21.036
7410,CA-2014-121769,4/8/2014,4/12/2014,Standard Class,JS-15880,John Stevenson,Consumer,United States,Toledo,Ohio,43615,East,FUR-TA-10004442,Furniture,Tables,Riverside Furniture Stanwyck Manor Table Series,172.11,1,0.4,-94.6605
7411,CA-2014-103058,7/23/2014,7/24/2014,First Class,AG-10270,Alejandro Grove,Consumer,United States,New York City,New York,10011,East,TEC-AC-10001314,Technology,Accessories,Case Logic 2.4GHz Wireless Keyboard,99.98,2,0.0,7.9984
7415,US-2016-114013,3/13/2016,3/15/2016,Second Class,SC-20770,Stewart Carmichael,Corporate,United States,Philadelphia,Pennsylvania,19134,East,FUR-CH-10004287,Furniture,Chairs,SAFCO Arco Folding Chair,386.68,2,0.3,-5.524
7416,US-2016-114013,3/13/2016,3/15/2016,Second Class,SC-20770,Stewart Carmichael,Corporate,United States,Philadelphia,Pennsylvania,19134,East,TEC-AC-10000474,Technology,Accessories,Kensington Expert Mouse Optical USB Trackball for PC or Mac,379.96,5,0.2,47.495
7417,US-2016-114013,3/13/2016,3/15/2016,Second Class,SC-20770,Stewart Carmichael,Corporate,United States,Philadelphia,Pennsylvania,19134,East,TEC-PH-10001494,Technology,Phones,Polycom CX600 IP Phone VoIP phone,539.91,3,0.4,-116.9805
7418,US-2016-114013,3/13/2016,3/15/2016,Second Class,SC-20770,Stewart Carmichael,Corporate,United States,Philadelphia,Pennsylvania,19134,East,OFF-PA-10004996,Office Supplies,Paper,"Speediset Carbonless Redi-Letter 7"" x 8 1/2""",41.24,5,0.2,13.9185
7419,US-2016-114013,3/13/2016,3/15/2016,Second Class,SC-20770,Stewart Carmichael,Corporate,United States,Philadelphia,Pennsylvania,19134,East,OFF-BI-10004318,Office Supplies,Binders,Ibico EB-19 Dual Function Manual Binding System,51.897,1,0.7,-41.5176
7420,US-2016-114013,3/13/2016,3/15/2016,Second Class,SC-20770,Stewart Carmichael,Corporate,United States,Philadelphia,Pennsylvania,19134,East,OFF-ST-10002574,Office Supplies,Storage,"SAFCO Commercial Wire Shelving, Black",552.56,5,0.2,-138.14
7421,US-2016-114013,3/13/2016,3/15/2016,Second Class,SC-20770,Stewart Carmichael,Corporate,United States,Philadelphia,Pennsylvania,19134,East,OFF-BI-10002353,Office Supplies,Binders,GBC VeloBind Cover Sets,23.16,5,0.7,-15.44
7422,US-2016-114013,3/13/2016,3/15/2016,Second Class,SC-20770,Stewart Carmichael,Corporate,United States,Philadelphia,Pennsylvania,19134,East,OFF-ST-10003641,Office Supplies,Storage,Space Solutions Industrial Galvanized Steel Shelving.,126.08,2,0.2,-28.368
7423,US-2016-114013,3/13/2016,3/15/2016,Second Class,SC-20770,Stewart Carmichael,Corporate,United States,Philadelphia,Pennsylvania,19134,East,TEC-MA-10001148,Technology,Machines,Okidata MB491 Multifunction Printer,449.1,3,0.7,-643.71
7424,CA-2017-135069,4/10/2017,4/14/2017,Standard Class,BS-11755,Bruce Stewart,Consumer,United States,Philadelphia,Pennsylvania,19143,East,OFF-AP-10000026,Office Supplies,Appliances,Tripp Lite Isotel 6 Outlet Surge Protector with Fax/Modem Protection,195.104,4,0.2,21.9492
7425,CA-2017-135069,4/10/2017,4/14/2017,Standard Class,BS-11755,Bruce Stewart,Consumer,United States,Philadelphia,Pennsylvania,19143,East,FUR-FU-10003878,Furniture,Furnishings,"Linden 10"" Round Wall Clock, Black",36.672,3,0.2,6.4176
7469,CA-2014-138100,9/15/2014,9/20/2014,Standard Class,AA-10315,Alex Avila,Consumer,United States,New York City,New York,10011,East,OFF-PA-10000349,Office Supplies,Paper,Easy-staple paper,14.94,3,0.0,7.0218
7470,CA-2014-138100,9/15/2014,9/20/2014,Standard Class,AA-10315,Alex Avila,Consumer,United States,New York City,New York,10011,East,FUR-FU-10002456,Furniture,Furnishings,"Master Caster Door Stop, Large Neon Orange",14.56,2,0.0,6.2608
7471,CA-2015-100734,9/15/2015,9/20/2015,Standard Class,AC-10615,Ann Chong,Corporate,United States,Philadelphia,Pennsylvania,19143,East,OFF-BI-10002609,Office Supplies,Binders,Avery Hidden Tab Dividers for Binding Systems,3.576,4,0.7,-2.8608
7472,CA-2015-100734,9/15/2015,9/20/2015,Standard Class,AC-10615,Ann Chong,Corporate,United States,Philadelphia,Pennsylvania,19143,East,OFF-ST-10001522,Office Supplies,Storage,"Gould Plastics 18-Pocket Panel Bin, 34w x 5-1/4d x 20-1/2h",147.184,2,0.2,-29.4368
7483,CA-2014-113964,9/23/2014,9/30/2014,Standard Class,JP-16135,Julie Prescott,Home Office,United States,New York City,New York,10011,East,OFF-BI-10004654,Office Supplies,Binders,Avery Binding System Hidden Tab Executive Style Index Sets,18.464,4,0.2,6.924
7484,CA-2014-129938,12/15/2014,12/17/2014,Second Class,EB-13705,Ed Braxton,Corporate,United States,Philadelphia,Pennsylvania,19140,East,FUR-CH-10003774,Furniture,Chairs,"Global Wood Trimmed Manager's Task Chair, Khaki",445.802,7,0.3,-108.2662
7487,US-2015-134558,12/19/2015,12/24/2015,Second Class,PM-19135,Peter McVee,Home Office,United States,Dover,New Hampshire,3820,East,OFF-PA-10001184,Office Supplies,Paper,Xerox 1903,29.9,5,0.0,14.651
7488,US-2015-134558,12/19/2015,12/24/2015,Second Class,PM-19135,Peter McVee,Home Office,United States,Dover,New Hampshire,3820,East,TEC-AC-10004145,Technology,Accessories,Logitech diNovo Edge Keyboard,2249.91,9,0.0,517.4793
7489,US-2015-134558,12/19/2015,12/24/2015,Second Class,PM-19135,Peter McVee,Home Office,United States,Dover,New Hampshire,3820,East,FUR-TA-10003473,Furniture,Tables,Bretford Rectangular Conference Table Tops,1053.164,4,0.3,-105.3164
7492,US-2017-118598,11/16/2017,11/16/2017,Same Day,CM-12190,Charlotte Melton,Consumer,United States,Utica,New York,13501,East,TEC-PH-10002583,Technology,Phones,iOttie HLCRIO102 Car Mount,119.94,6,0.0,5.997
7505,CA-2016-158043,1/31/2016,2/4/2016,Second Class,JK-15325,Jason Klamczynski,Corporate,United States,Atlantic City,New Jersey,8401,East,OFF-EN-10003134,Office Supplies,Envelopes,Staple envelope,23.36,2,0.0,11.68
7509,US-2017-161935,7/14/2017,7/18/2017,Standard Class,JL-15835,John Lee,Consumer,United States,Columbus,Ohio,43229,East,OFF-PA-10000605,Office Supplies,Paper,Xerox 1950,9.248,2,0.2,3.3524
7510,US-2017-161935,7/14/2017,7/18/2017,Standard Class,JL-15835,John Lee,Consumer,United States,Columbus,Ohio,43229,East,TEC-PH-10000560,Technology,Phones,Samsung Galaxy S III - 16GB - pebble blue (T-Mobile),1889.946,9,0.4,-377.9892
7511,US-2017-161935,7/14/2017,7/18/2017,Standard Class,JL-15835,John Lee,Consumer,United States,Columbus,Ohio,43229,East,OFF-ST-10003455,Office Supplies,Storage,"Tenex File Box, Personal Filing Tote with Lid, Black",62.04,5,0.2,4.653
7512,US-2017-161935,7/14/2017,7/18/2017,Standard Class,JL-15835,John Lee,Consumer,United States,Columbus,Ohio,43229,East,FUR-FU-10002937,Furniture,Furnishings,"GE 48"" Fluorescent Tube, Cool White Energy Saver, 34 Watts, 30/Box",396.92,5,0.2,148.845
7513,US-2017-161935,7/14/2017,7/18/2017,Standard Class,JL-15835,John Lee,Consumer,United States,Columbus,Ohio,43229,East,OFF-ST-10001837,Office Supplies,Storage,"SAFCO Mobile Desk Side File, Wire Frame",239.456,7,0.2,17.9592
7514,US-2017-161935,7/14/2017,7/18/2017,Standard Class,JL-15835,John Lee,Consumer,United States,Columbus,Ohio,43229,East,OFF-AR-10004757,Office Supplies,Art,Crayola Colored Pencils,13.12,5,0.2,2.132
7522,CA-2016-162383,9/5/2016,9/11/2016,Standard Class,MD-17350,Maribeth Dona,Consumer,United States,Lancaster,Ohio,43130,East,OFF-BI-10002824,Office Supplies,Binders,Recycled Easel Ring Binders,8.952,2,0.7,-7.46
7523,CA-2016-162383,9/5/2016,9/11/2016,Standard Class,MD-17350,Maribeth Dona,Consumer,United States,Lancaster,Ohio,43130,East,OFF-BI-10001757,Office Supplies,Binders,Pressboard Hanging Data Binders for Unburst Sheets,8.856,6,0.7,-6.4944
7524,CA-2016-162383,9/5/2016,9/11/2016,Standard Class,MD-17350,Maribeth Dona,Consumer,United States,Lancaster,Ohio,43130,East,FUR-CH-10004477,Furniture,Chairs,"Global Push Button Manager's Chair, Indigo",85.246,2,0.3,-1.2178
7551,CA-2014-140396,11/20/2014,11/25/2014,Standard Class,KH-16330,Katharine Harms,Corporate,United States,New York City,New York,10024,East,OFF-EN-10002592,Office Supplies,Envelopes,"Peel & Seel Recycled Catalog Envelopes, Brown",34.74,3,0.0,17.37
7552,CA-2014-140396,11/20/2014,11/25/2014,Standard Class,KH-16330,Katharine Harms,Corporate,United States,New York City,New York,10024,East,TEC-PH-10004447,Technology,Phones,Toshiba IPT2010-SD IP Telephone,833.94,6,0.0,216.8244
7553,CA-2014-140396,11/20/2014,11/25/2014,Standard Class,KH-16330,Katharine Harms,Corporate,United States,New York City,New York,10024,East,OFF-BI-10003669,Office Supplies,Binders,3M Organizer Strips,12.96,3,0.2,4.536
7554,CA-2014-140396,11/20/2014,11/25/2014,Standard Class,KH-16330,Katharine Harms,Corporate,United States,New York City,New York,10024,East,OFF-PA-10000223,Office Supplies,Paper,Xerox 2000,25.92,4,0.0,12.4416
7555,CA-2014-114181,5/10/2014,5/14/2014,Second Class,AF-10885,Art Foster,Consumer,United States,Philadelphia,Pennsylvania,19134,East,FUR-BO-10004467,Furniture,Bookcases,Bestar Classic Bookcase,349.965,7,0.5,-216.9783
7556,CA-2014-114181,5/10/2014,5/14/2014,Second Class,AF-10885,Art Foster,Consumer,United States,Philadelphia,Pennsylvania,19134,East,OFF-AR-10000716,Office Supplies,Art,DIXON Ticonderoga Erasable Checking Pencils,22.32,5,0.2,5.301
7559,US-2014-137155,11/1/2014,11/5/2014,Standard Class,DL-12925,Daniel Lacy,Consumer,United States,Long Beach,New York,11561,East,OFF-AP-10002518,Office Supplies,Appliances,Kensington 7 Outlet MasterPiece Power Center,533.94,3,0.0,154.8426
7560,US-2014-137155,11/1/2014,11/5/2014,Standard Class,DL-12925,Daniel Lacy,Consumer,United States,Long Beach,New York,11561,East,OFF-PA-10000806,Office Supplies,Paper,Xerox 1934,167.94,3,0.0,82.2906
7561,US-2014-137155,11/1/2014,11/5/2014,Standard Class,DL-12925,Daniel Lacy,Consumer,United States,Long Beach,New York,11561,East,FUR-FU-10003142,Furniture,Furnishings,"Master Big Foot Doorstop, Beige",31.68,6,0.0,9.8208
7562,CA-2016-105746,12/30/2016,1/1/2017,First Class,BD-11605,Brian Dahlen,Consumer,United States,Lancaster,Pennsylvania,17602,East,FUR-CH-10000454,Furniture,Chairs,"Hon Deluxe Fabric Upholstered Stacking Chairs, Rounded Back",170.786,1,0.3,0.0
7580,CA-2015-123113,11/23/2015,11/27/2015,Second Class,AT-10735,Annie Thurman,Consumer,United States,Morristown,New Jersey,7960,East,OFF-AP-10000275,Office Supplies,Appliances,"Sanyo Counter Height Refrigerator with Crisper, 3.6 Cubic Foot, Stainless Steel/Black",2625.12,8,0.0,735.0336
7581,CA-2015-123113,11/23/2015,11/27/2015,Second Class,AT-10735,Annie Thurman,Consumer,United States,Morristown,New Jersey,7960,East,OFF-AR-10004999,Office Supplies,Art,Newell 315,17.94,3,0.0,4.485
7582,CA-2015-169656,8/13/2015,8/16/2015,First Class,EJ-13720,Ed Jacobs,Consumer,United States,Philadelphia,Pennsylvania,19143,East,OFF-ST-10003816,Office Supplies,Storage,Fellowes High-Stak Drawer Files,422.856,3,0.2,15.8571
7583,CA-2015-142734,4/16/2015,4/21/2015,Standard Class,DM-13345,Denise Monton,Corporate,United States,New York City,New York,10024,East,FUR-CH-10003968,Furniture,Chairs,Novimex Turbo Task Chair,127.764,2,0.1,2.8392
7591,CA-2016-158778,9/5/2016,9/9/2016,Standard Class,DB-13210,Dean Braden,Consumer,United States,Philadelphia,Pennsylvania,19134,East,FUR-FU-10000260,Furniture,Furnishings,"6"" Cubicle Wall Clock, Black",58.248,9,0.2,11.6496
7592,CA-2016-158778,9/5/2016,9/9/2016,Standard Class,DB-13210,Dean Braden,Consumer,United States,Philadelphia,Pennsylvania,19134,East,FUR-CH-10001146,Furniture,Chairs,"Global Task Chair, Black",71.246,2,0.3,-19.3382
7593,CA-2016-158778,9/5/2016,9/9/2016,Standard Class,DB-13210,Dean Braden,Consumer,United States,Philadelphia,Pennsylvania,19134,East,OFF-AR-10000896,Office Supplies,Art,Newell 329,7.872,3,0.2,0.5904
7594,CA-2016-158778,9/5/2016,9/9/2016,Standard Class,DB-13210,Dean Braden,Consumer,United States,Philadelphia,Pennsylvania,19134,East,FUR-CH-10000309,Furniture,Chairs,Global Comet Stacking Arm Chair,887.271,3,0.3,-63.3765
7604,CA-2016-152520,7/8/2016,7/12/2016,Standard Class,TH-21115,Thea Hudgings,Corporate,United States,Providence,Rhode Island,2908,East,OFF-PA-10000289,Office Supplies,Paper,Xerox 213,12.96,2,0.0,6.2208
7615,CA-2015-113740,8/24/2015,8/28/2015,Second Class,SC-20380,Shahid Collister,Consumer,United States,New York City,New York,10035,East,FUR-FU-10000010,Furniture,Furnishings,"DAX Value U-Channel Document Frames, Easel Back",14.91,3,0.0,4.6221
7617,CA-2016-144309,12/10/2016,12/16/2016,Standard Class,CM-12235,Chris McAfee,Consumer,United States,Watertown,New York,13601,East,OFF-PA-10001776,Office Supplies,Paper,"Wirebound Message Books, Four 2 3/4"" x 5"" Forms per Page, 600 Sets per Book",18.54,2,0.0,8.7138
7618,CA-2016-144309,12/10/2016,12/16/2016,Standard Class,CM-12235,Chris McAfee,Consumer,United States,Watertown,New York,13601,East,OFF-BI-10003656,Office Supplies,Binders,Fellowes PB200 Plastic Comb Binding Machine,679.96,5,0.2,220.987
7624,CA-2014-124464,7/14/2014,7/20/2014,Standard Class,SS-20515,Shirley Schmidt,Home Office,United States,Newark,Delaware,19711,East,OFF-AP-10000576,Office Supplies,Appliances,Belkin 7 Outlet SurgeMaster II,39.48,1,0.0,11.0544
7638,CA-2017-104885,3/2/2017,3/8/2017,Standard Class,DB-13555,Dorothy Badders,Corporate,United States,Newark,Delaware,19711,East,OFF-AR-10001615,Office Supplies,Art,Newell 34,59.52,3,0.0,15.4752
7639,CA-2017-104885,3/2/2017,3/8/2017,Standard Class,DB-13555,Dorothy Badders,Corporate,United States,Newark,Delaware,19711,East,OFF-EN-10003286,Office Supplies,Envelopes,Staple envelope,57.96,7,0.0,27.2412
7640,CA-2017-104885,3/2/2017,3/8/2017,Standard Class,DB-13555,Dorothy Badders,Corporate,United States,Newark,Delaware,19711,East,FUR-BO-10003660,Furniture,Bookcases,"Bush Cubix Collection Bookcases, Fully Assembled",441.96,2,0.0,101.6508
7641,CA-2017-104885,3/2/2017,3/8/2017,Standard Class,DB-13555,Dorothy Badders,Corporate,United States,Newark,Delaware,19711,East,OFF-PA-10002764,Office Supplies,Paper,Easy-staple paper,68.04,6,0.0,33.3396
7650,CA-2015-101889,12/27/2015,12/31/2015,Standard Class,DB-13120,David Bremer,Corporate,United States,Marion,Ohio,43302,East,FUR-TA-10004154,Furniture,Tables,"Riverside Furniture Oval Coffee Table, Oval End Table, End Table with Drawer",1548.99,9,0.4,-464.697
7651,CA-2015-101889,12/27/2015,12/31/2015,Standard Class,DB-13120,David Bremer,Corporate,United States,Marion,Ohio,43302,East,OFF-EN-10003286,Office Supplies,Envelopes,Staple envelope,19.872,3,0.2,6.7068
7659,CA-2017-155740,7/30/2017,8/2/2017,First Class,TC-21475,Tony Chapman,Home Office,United States,Lakewood,Ohio,44107,East,OFF-BI-10001071,Office Supplies,Binders,GBC ProClick Punch Binding System,76.776,4,0.7,-53.7432
7666,US-2016-140158,10/4/2016,10/8/2016,Standard Class,DR-12940,Daniel Raglin,Home Office,United States,Providence,Rhode Island,2908,East,OFF-BI-10000977,Office Supplies,Binders,Ibico Plastic Spiral Binding Combs,30.4,1,0.0,13.984
7667,US-2016-140158,10/4/2016,10/8/2016,Standard Class,DR-12940,Daniel Raglin,Home Office,United States,Providence,Rhode Island,2908,East,TEC-CO-10001449,Technology,Copiers,Hewlett Packard LaserJet 3310 Copier,5399.91,9,0.0,2591.9568
7668,US-2016-140158,10/4/2016,10/8/2016,Standard Class,DR-12940,Daniel Raglin,Home Office,United States,Providence,Rhode Island,2908,East,OFF-ST-10000136,Office Supplies,Storage,Letter Size File,119.1,3,0.0,34.539
7669,CA-2015-130974,11/27/2015,11/29/2015,Second Class,MA-17560,Matt Abelman,Home Office,United States,Everett,Massachusetts,2149,East,OFF-PA-10000743,Office Supplies,Paper,Xerox 1977,40.08,6,0.0,19.2384
7670,CA-2015-130974,11/27/2015,11/29/2015,Second Class,MA-17560,Matt Abelman,Home Office,United States,Everett,Massachusetts,2149,East,OFF-PA-10001019,Office Supplies,Paper,Xerox 1884,59.94,3,0.0,28.1718
7671,CA-2015-130974,11/27/2015,11/29/2015,Second Class,MA-17560,Matt Abelman,Home Office,United States,Everett,Massachusetts,2149,East,TEC-AC-10003095,Technology,Accessories,Logitech G35 7.1-Channel Surround Sound Headset,259.98,2,0.0,88.3932
7672,CA-2015-130974,11/27/2015,11/29/2015,Second Class,MA-17560,Matt Abelman,Home Office,United States,Everett,Massachusetts,2149,East,FUR-BO-10002916,Furniture,Bookcases,"Rush Hierlooms Collection 1"" Thick Stackable Bookcases",170.98,1,0.0,32.4862
7673,CA-2015-130974,11/27/2015,11/29/2015,Second Class,MA-17560,Matt Abelman,Home Office,United States,Everett,Massachusetts,2149,East,FUR-FU-10002506,Furniture,Furnishings,"Tensor ""Hersey Kiss"" Styled Floor Lamp",38.97,3,0.0,4.6764
7674,CA-2015-130974,11/27/2015,11/29/2015,Second Class,MA-17560,Matt Abelman,Home Office,United States,Everett,Massachusetts,2149,East,OFF-PA-10003823,Office Supplies,Paper,Xerox 197,154.9,5,0.0,69.705
7675,CA-2015-130974,11/27/2015,11/29/2015,Second Class,MA-17560,Matt Abelman,Home Office,United States,Everett,Massachusetts,2149,East,FUR-TA-10004619,Furniture,Tables,Hon Non-Folding Utility Tables,446.068,4,0.3,0.0
7678,CA-2014-133592,12/31/2014,1/7/2015,Standard Class,KM-16375,Katherine Murray,Home Office,United States,Providence,Rhode Island,2908,East,OFF-PA-10003228,Office Supplies,Paper,Xerox 1917,195.64,4,0.0,91.9508
7679,CA-2014-133592,12/31/2014,1/7/2015,Standard Class,KM-16375,Katherine Murray,Home Office,United States,Providence,Rhode Island,2908,East,OFF-PA-10002586,Office Supplies,Paper,Xerox 1970,14.94,3,0.0,7.0218
7680,CA-2014-133592,12/31/2014,1/7/2015,Standard Class,KM-16375,Katherine Murray,Home Office,United States,Providence,Rhode Island,2908,East,TEC-AC-10002049,Technology,Accessories,Plantronics Savi W720 Multi-Device Wireless Headset System,1687.8,4,0.0,742.632
7681,CA-2014-133592,12/31/2014,1/7/2015,Standard Class,KM-16375,Katherine Murray,Home Office,United States,Providence,Rhode Island,2908,East,FUR-BO-10000362,Furniture,Bookcases,Sauder Inglewood Library Bookcases,341.96,2,0.0,78.6508
7682,CA-2014-133592,12/31/2014,1/7/2015,Standard Class,KM-16375,Katherine Murray,Home Office,United States,Providence,Rhode Island,2908,East,FUR-CH-10004218,Furniture,Chairs,"Global Fabric Manager's Chair, Dark Gray",605.88,6,0.0,151.47
7685,CA-2015-116876,2/14/2015,2/21/2015,Standard Class,TT-21070,Ted Trevino,Consumer,United States,Rochester,New York,14609,East,OFF-BI-10002897,Office Supplies,Binders,"Black Avery Memo-Size 3-Ring Binder, 5 1/2"" x 8 1/2""",26.424,9,0.2,9.5787
7686,CA-2015-116876,2/14/2015,2/21/2015,Standard Class,TT-21070,Ted Trevino,Consumer,United States,Rochester,New York,14609,East,TEC-PH-10002584,Technology,Phones,Samsung Galaxy S4,625.99,1,0.0,187.797
7698,CA-2017-151799,12/14/2017,12/18/2017,Standard Class,BF-11170,Ben Ferrer,Home Office,United States,Lawrence,Massachusetts,1841,East,TEC-CO-10002313,Technology,Copiers,Canon PC1080F Personal Copier,1199.98,2,0.0,467.9922
7699,CA-2017-151799,12/14/2017,12/18/2017,Standard Class,BF-11170,Ben Ferrer,Home Office,United States,Lawrence,Massachusetts,1841,East,OFF-ST-10002790,Office Supplies,Storage,Safco Industrial Shelving,73.85,1,0.0,2.2155
7700,CA-2017-151799,12/14/2017,12/18/2017,Standard Class,BF-11170,Ben Ferrer,Home Office,United States,Lawrence,Massachusetts,1841,East,OFF-SU-10001664,Office Supplies,Supplies,Acme Office Executive Series Stainless Steel Trimmers,25.71,3,0.0,6.6846
7701,CA-2017-151799,12/14/2017,12/18/2017,Standard Class,BF-11170,Ben Ferrer,Home Office,United States,Lawrence,Massachusetts,1841,East,OFF-FA-10001332,Office Supplies,Fasteners,"Acco Banker's Clasps, 5 3/4""-Long",17.28,6,0.0,8.1216
7702,CA-2017-151799,12/14/2017,12/18/2017,Standard Class,BF-11170,Ben Ferrer,Home Office,United States,Lawrence,Massachusetts,1841,East,FUR-TA-10003473,Furniture,Tables,Bretford Rectangular Conference Table Tops,526.582,2,0.3,-52.6582
7709,CA-2014-139542,10/25/2014,10/29/2014,Standard Class,EH-14185,Evan Henry,Consumer,United States,Philadelphia,Pennsylvania,19120,East,TEC-AC-10001553,Technology,Accessories,"Memorex 25GB 6X Branded Blu-Ray Recordable Disc, 15/Pack",40.776,3,0.2,0.5097
7710,CA-2014-139542,10/25/2014,10/29/2014,Standard Class,EH-14185,Evan Henry,Consumer,United States,Philadelphia,Pennsylvania,19120,East,OFF-BI-10000309,Office Supplies,Binders,"GBC Twin Loop Wire Binding Elements, 9/16"" Spine, Black",13.698,3,0.7,-9.5886
7716,US-2017-101518,11/3/2017,11/8/2017,Standard Class,PB-19105,Peter Bühler,Consumer,United States,Philadelphia,Pennsylvania,19140,East,TEC-AC-10001553,Technology,Accessories,"Memorex 25GB 6X Branded Blu-Ray Recordable Disc, 15/Pack",40.776,3,0.2,0.5097
7720,CA-2015-108588,1/5/2015,1/10/2015,Standard Class,BG-11695,Brooke Gillingham,Corporate,United States,New York City,New York,10009,East,OFF-AR-10001615,Office Supplies,Art,Newell 34,59.52,3,0.0,15.4752
7721,CA-2015-108588,1/5/2015,1/10/2015,Standard Class,BG-11695,Brooke Gillingham,Corporate,United States,New York City,New York,10009,East,OFF-EN-10000461,Office Supplies,Envelopes,"#10- 4 1/8"" x 9 1/2"" Recycled Envelopes",17.48,2,0.0,8.2156
7722,CA-2015-108588,1/5/2015,1/10/2015,Standard Class,BG-11695,Brooke Gillingham,Corporate,United States,New York City,New York,10009,East,OFF-BI-10004506,Office Supplies,Binders,Wilson Jones data.warehouse D-Ring Binders with DublLock,13.168,2,0.2,4.6088
7725,CA-2016-113978,9/25/2016,9/29/2016,Standard Class,TS-21505,Tony Sayre,Consumer,United States,Cleveland,Ohio,44105,East,OFF-AP-10003849,Office Supplies,Appliances,Hoover Shoulder Vac Commercial Portable Vacuum,286.256,1,0.2,17.891
7726,CA-2016-113978,9/25/2016,9/29/2016,Standard Class,TS-21505,Tony Sayre,Consumer,United States,Cleveland,Ohio,44105,East,OFF-ST-10004963,Office Supplies,Storage,Eldon Gobal File Keepers,24.224,2,0.2,-4.8448
7727,CA-2016-113978,9/25/2016,9/29/2016,Standard Class,TS-21505,Tony Sayre,Consumer,United States,Cleveland,Ohio,44105,East,OFF-ST-10002574,Office Supplies,Storage,"SAFCO Commercial Wire Shelving, Black",331.536,3,0.2,-82.884
7728,US-2015-150231,3/16/2015,3/20/2015,Second Class,JK-15640,Jim Kriz,Home Office,United States,New York City,New York,10009,East,OFF-AR-10001761,Office Supplies,Art,Avery Hi-Liter Smear-Safe Highlighters,17.52,3,0.0,6.3072
7734,CA-2016-165673,5/15/2016,5/19/2016,Second Class,MN-17935,Michael Nguyen,Consumer,United States,Springfield,Ohio,45503,East,OFF-PA-10000697,Office Supplies,Paper,"TOPS Voice Message Log Book, Flash Format",15.232,4,0.2,5.5216
7737,CA-2014-105872,5/30/2014,6/6/2014,Standard Class,JG-15160,James Galang,Consumer,United States,New York City,New York,10024,East,OFF-BI-10003684,Office Supplies,Binders,Wilson Jones Legal Size Ring Binders,70.368,4,0.2,26.388
7739,CA-2017-141103,7/30/2017,8/6/2017,Standard Class,JF-15355,Jay Fein,Consumer,United States,Baltimore,Maryland,21215,East,TEC-PH-10003589,Technology,Phones,invisibleSHIELD by ZAGG Smudge-Free Screen Protector,89.95,5,0.0,43.176
7744,CA-2016-133613,6/17/2016,6/22/2016,Standard Class,CP-12340,Christine Phan,Corporate,United States,Waterbury,Connecticut,6708,East,OFF-BI-10002003,Office Supplies,Binders,Ibico Presentation Index for Binding Systems,7.96,2,0.0,3.7412
7745,CA-2016-133613,6/17/2016,6/22/2016,Standard Class,CP-12340,Christine Phan,Corporate,United States,Waterbury,Connecticut,6708,East,TEC-PH-10004539,Technology,Phones,Wireless Extenders zBoost YX545 SOHO Signal Booster,566.97,3,0.0,153.0819
7746,CA-2016-133613,6/17/2016,6/22/2016,Standard Class,CP-12340,Christine Phan,Corporate,United States,Waterbury,Connecticut,6708,East,OFF-AR-10003829,Office Supplies,Art,Newell 35,9.84,3,0.0,2.8536
7748,CA-2015-156153,5/31/2015,6/2/2015,Second Class,CW-11905,Carl Weiss,Home Office,United States,Long Beach,New York,11561,East,OFF-FA-10003472,Office Supplies,Fasteners,Bagged Rubber Bands,7.56,6,0.0,0.3024
7755,CA-2015-161795,12/21/2015,12/23/2015,Second Class,AH-10075,Adam Hart,Corporate,United States,Columbus,Ohio,43229,East,OFF-AR-10001919,Office Supplies,Art,"OIC #2 Pencils, Medium Soft",3.008,2,0.2,0.3384
7758,CA-2017-112844,11/13/2017,11/16/2017,Second Class,SP-20620,Stefania Perrino,Corporate,United States,Buffalo,New York,14215,East,TEC-PH-10003988,Technology,Phones,"LF Elite 3D Dazzle Designer Hard Case Cover, Lf Stylus Pen and Wiper For Apple Iphone 5c Mini Lite",43.6,4,0.0,12.208
7759,CA-2017-112844,11/13/2017,11/16/2017,Second Class,SP-20620,Stefania Perrino,Corporate,United States,Buffalo,New York,14215,East,FUR-FU-10004845,Furniture,Furnishings,"Deflect-o EconoMat Nonstudded, No Bevel Mat",154.95,3,0.0,30.99
7765,US-2017-118941,8/12/2017,8/12/2017,Same Day,BB-11545,Brenda Bowman,Corporate,United States,Columbia,Maryland,21044,East,OFF-AR-10004078,Office Supplies,Art,Newell 312,17.52,3,0.0,5.256
7766,US-2017-118941,8/12/2017,8/12/2017,Same Day,BB-11545,Brenda Bowman,Corporate,United States,Columbia,Maryland,21044,East,FUR-CH-10002331,Furniture,Chairs,Hon 4700 Series Mobuis Mid-Back Task Chairs with Adjustable Arms,1779.9,5,0.0,373.779
7767,US-2017-118941,8/12/2017,8/12/2017,Same Day,BB-11545,Brenda Bowman,Corporate,United States,Columbia,Maryland,21044,East,OFF-AR-10001953,Office Supplies,Art,Boston 1645 Deluxe Heavier-Duty Electric Pencil Sharpener,219.9,5,0.0,59.373
7772,CA-2016-108196,11/25/2016,12/2/2016,Standard Class,CS-12505,Cindy Stewart,Consumer,United States,Lancaster,Ohio,43130,East,OFF-BI-10000545,Office Supplies,Binders,GBC Ibimaster 500 Manual ProClick Binding System,456.588,2,0.7,-304.392
7773,CA-2016-108196,11/25/2016,12/2/2016,Standard Class,CS-12505,Cindy Stewart,Consumer,United States,Lancaster,Ohio,43130,East,TEC-MA-10000418,Technology,Machines,Cubify CubeX 3D Printer Double Head Print,4499.985,5,0.7,-6599.978
7774,CA-2016-108196,11/25/2016,12/2/2016,Standard Class,CS-12505,Cindy Stewart,Consumer,United States,Lancaster,Ohio,43130,East,TEC-AC-10000926,Technology,Accessories,NETGEAR RangeMax WNR1000 Wireless Router,59.976,3,0.2,11.9952
7786,US-2014-111353,11/29/2014,12/6/2014,Standard Class,PB-19150,Philip Brown,Consumer,United States,New York City,New York,10009,East,OFF-LA-10002762,Office Supplies,Labels,Avery 485,25.06,2,0.0,11.7782
7791,CA-2017-160801,9/19/2017,9/19/2017,Same Day,FG-14260,Frank Gastineau,Home Office,United States,Philadelphia,Pennsylvania,19120,East,OFF-BI-10001132,Office Supplies,Binders,"Acco PRESSTEX Data Binder with Storage Hooks, Dark Blue, 9 1/2"" X 11""",4.842,3,0.7,-3.3894
7797,US-2015-145121,10/2/2015,10/6/2015,Standard Class,MP-17965,Michael Paige,Corporate,United States,Middletown,Connecticut,6457,East,OFF-BI-10001078,Office Supplies,Binders,"Acco PRESSTEX Data Binder with Storage Hooks, Dark Blue, 14 7/8"" X 11""",26.9,5,0.0,13.181
7798,CA-2017-166184,3/24/2017,3/27/2017,First Class,HR-14830,Harold Ryan,Corporate,United States,New York City,New York,10035,East,OFF-EN-10004483,Office Supplies,Envelopes,"#10 White Business Envelopes,4 1/8 x 9 1/2",47.01,3,0.0,22.0947
7799,CA-2017-166184,3/24/2017,3/27/2017,First Class,HR-14830,Harold Ryan,Corporate,United States,New York City,New York,10035,East,TEC-PH-10002624,Technology,Phones,Samsung Galaxy S4 Mini,469.99,1,0.0,136.2971
7800,CA-2017-166184,3/24/2017,3/27/2017,First Class,HR-14830,Harold Ryan,Corporate,United States,New York City,New York,10035,East,FUR-CH-10003396,Furniture,Chairs,Global Deluxe Steno Chair,207.846,3,0.1,2.3094
7801,CA-2017-157413,6/1/2017,6/6/2017,Standard Class,BW-11065,Barry Weirich,Consumer,United States,Philadelphia,Pennsylvania,19120,East,OFF-ST-10002756,Office Supplies,Storage,"Tennsco Stur-D-Stor Boltless Shelving, 5 Shelves, 24"" Deep, Sand",324.744,3,0.2,-77.1267
7811,CA-2016-134334,2/14/2016,2/15/2016,First Class,DK-13090,Dave Kipp,Consumer,United States,Clinton,Maryland,20735,East,OFF-PA-10000791,Office Supplies,Paper,"Wirebound Message Books, Four 2 3/4 x 5 Forms per Page, 200 Sets per Book",4.77,1,0.0,2.1465
7812,CA-2016-134334,2/14/2016,2/15/2016,First Class,DK-13090,Dave Kipp,Consumer,United States,Clinton,Maryland,20735,East,OFF-AR-10001770,Office Supplies,Art,Economy #2 Pencils,7.98,3,0.0,2.0748
7813,CA-2016-134334,2/14/2016,2/15/2016,First Class,DK-13090,Dave Kipp,Consumer,United States,Clinton,Maryland,20735,East,FUR-TA-10002356,Furniture,Tables,Bevis Boat-Shaped Conference Table,550.431,3,0.3,-47.1798
7814,CA-2016-134334,2/14/2016,2/15/2016,First Class,DK-13090,Dave Kipp,Consumer,United States,Clinton,Maryland,20735,East,FUR-FU-10003274,Furniture,Furnishings,Regeneration Desk Collection,10.56,6,0.0,4.6464
7821,CA-2017-152436,12/8/2017,12/10/2017,Second Class,CW-11905,Carl Weiss,Home Office,United States,Cranston,Rhode Island,2920,East,OFF-ST-10000036,Office Supplies,Storage,"Recycled Data-Pak for Archival Bound Computer Printouts, 12-1/2 x 12-1/2 x 16",592.74,6,0.0,160.0398
7823,US-2014-115413,8/26/2014,9/1/2014,Standard Class,PP-18955,Paul Prost,Home Office,United States,Newark,Delaware,19711,East,OFF-AR-10003770,Office Supplies,Art,Newell 340,8.64,3,0.0,2.5056
7824,US-2014-115413,8/26/2014,9/1/2014,Standard Class,PP-18955,Paul Prost,Home Office,United States,Newark,Delaware,19711,East,TEC-AC-10002800,Technology,Accessories,Plantronics Audio 478 Stereo USB Headset,149.97,3,0.0,52.4895
7826,CA-2015-127327,2/3/2015,2/7/2015,Standard Class,PW-19030,Pauline Webber,Corporate,United States,Rome,New York,13440,East,FUR-CH-10004218,Furniture,Chairs,"Global Fabric Manager's Chair, Dark Gray",90.882,1,0.1,15.147
7842,CA-2016-116603,7/17/2016,7/22/2016,Standard Class,AT-10735,Annie Thurman,Consumer,United States,New York City,New York,10024,East,OFF-AP-10002892,Office Supplies,Appliances,Belkin F5C206VTEL 6 Outlet Surge,45.96,2,0.0,13.788
7857,CA-2014-103429,5/30/2014,6/1/2014,First Class,LW-16825,Laurel Workman,Corporate,United States,New York City,New York,10024,East,OFF-BI-10004233,Office Supplies,Binders,"GBC Pre-Punched Binding Paper, Plastic, White, 8-1/2"" x 11""",25.584,2,0.2,8.9544
7858,CA-2014-103429,5/30/2014,6/1/2014,First Class,LW-16825,Laurel Workman,Corporate,United States,New York City,New York,10024,East,TEC-PH-10003505,Technology,Phones,Geemarc AmpliPOWER60,464.0,5,0.0,134.56
7859,CA-2014-103429,5/30/2014,6/1/2014,First Class,LW-16825,Laurel Workman,Corporate,United States,New York City,New York,10024,East,OFF-AP-10001005,Office Supplies,Appliances,Honeywell Quietcare HEPA Air Cleaner,235.95,3,0.0,77.8635
7860,CA-2014-103429,5/30/2014,6/1/2014,First Class,LW-16825,Laurel Workman,Corporate,United States,New York City,New York,10024,East,OFF-PA-10001712,Office Supplies,Paper,Xerox 1948,39.96,4,0.0,17.982
7861,CA-2017-152261,3/2/2017,3/6/2017,Standard Class,JA-15970,Joseph Airdo,Consumer,United States,Cuyahoga Falls,Ohio,44221,East,OFF-BI-10002353,Office Supplies,Binders,GBC VeloBind Cover Sets,18.528,4,0.7,-12.352
7871,CA-2017-122112,9/25/2017,9/29/2017,Standard Class,CA-11965,Carol Adams,Corporate,United States,Lakewood,Ohio,44107,East,OFF-EN-10004459,Office Supplies,Envelopes,Security-Tint Envelopes,24.448,4,0.2,8.8624
7880,CA-2016-155747,6/14/2016,6/21/2016,Standard Class,JS-15685,Jim Sink,Corporate,United States,Philadelphia,Pennsylvania,19140,East,FUR-TA-10003392,Furniture,Tables,Global Adaptabilities Conference Tables,337.176,2,0.4,-118.0116
7894,CA-2017-125367,7/23/2017,7/30/2017,Standard Class,NM-18445,Nathan Mautz,Home Office,United States,New York City,New York,10011,East,OFF-BI-10002412,Office Supplies,Binders,Wilson Jones Snap Scratch Pad Binder Tool for Ring Binders,13.92,3,0.2,4.35
7895,CA-2017-124744,6/21/2017,6/25/2017,Standard Class,EH-14125,Eugene Hildebrand,Home Office,United States,Wheeling,West Virginia,26003,East,OFF-BI-10002852,Office Supplies,Binders,Ibico Standard Transparent Covers,82.4,5,0.0,40.376
7896,CA-2017-124744,6/21/2017,6/25/2017,Standard Class,EH-14125,Eugene Hildebrand,Home Office,United States,Wheeling,West Virginia,26003,East,OFF-BI-10000145,Office Supplies,Binders,Zipper Ring Binder Pockets,6.24,2,0.0,3.0576
7897,CA-2017-124744,6/21/2017,6/25/2017,Standard Class,EH-14125,Eugene Hildebrand,Home Office,United States,Wheeling,West Virginia,26003,East,OFF-PA-10001970,Office Supplies,Paper,Xerox 1908,447.84,8,0.0,219.4416
7914,US-2017-105697,8/25/2017,8/27/2017,First Class,JE-15715,Joe Elijah,Consumer,United States,Cleveland,Ohio,44105,East,OFF-ST-10003996,Office Supplies,Storage,"Letter/Legal File Tote with Clear Snap-On Lid, Black Granite",25.696,2,0.2,1.9272
7915,CA-2017-165323,6/17/2017,6/21/2017,Standard Class,SR-20740,Steven Roelle,Home Office,United States,New York City,New York,10024,East,TEC-MA-10003673,Technology,Machines,Hewlett-Packard Desktjet 6988DT Refurbished Printer,3404.5,5,0.0,1668.205
7916,CA-2017-165323,6/17/2017,6/21/2017,Standard Class,SR-20740,Steven Roelle,Home Office,United States,New York City,New York,10024,East,TEC-AC-10004992,Technology,Accessories,Kingston Digital DataTraveler 64GB USB 2.0,101.34,3,0.0,8.1072
7917,CA-2015-110891,11/20/2015,11/24/2015,Standard Class,PO-19195,Phillina Ober,Home Office,United States,Philadelphia,Pennsylvania,19140,East,FUR-CH-10002880,Furniture,Chairs,"Global High-Back Leather Tilter, Burgundy",344.372,4,0.3,-93.4724
7920,CA-2017-139822,9/15/2017,9/21/2017,Standard Class,Dp-13240,Dean percer,Home Office,United States,Waterbury,Connecticut,6708,East,OFF-ST-10000943,Office Supplies,Storage,Eldon ProFile File 'N Store Portable File Tub Letter/Legal Size Black,38.62,2,0.0,10.8136
7921,CA-2017-139822,9/15/2017,9/21/2017,Standard Class,Dp-13240,Dean percer,Home Office,United States,Waterbury,Connecticut,6708,East,TEC-AC-10001090,Technology,Accessories,Micro Innovations Wireless Classic Keyboard with Mouse,59.98,2,0.0,10.7964
7922,CA-2017-107713,3/13/2017,3/17/2017,Standard Class,JB-16000,Joy Bell-,Consumer,United States,Columbia,Maryland,21044,East,OFF-BI-10002026,Office Supplies,Binders,Avery Arch Ring Binders,174.3,3,0.0,81.921
7927,CA-2017-120404,11/20/2017,11/24/2017,Second Class,KH-16330,Katharine Harms,Corporate,United States,New York City,New York,10035,East,TEC-AC-10003433,Technology,Accessories,Maxell 4.7GB DVD+R 5/Pack,2.97,3,0.0,1.3365
7928,CA-2017-120404,11/20/2017,11/24/2017,Second Class,KH-16330,Katharine Harms,Corporate,United States,New York City,New York,10035,East,TEC-PH-10001363,Technology,Phones,Apple iPhone 5S,569.99,1,0.0,170.997
7929,CA-2017-120404,11/20/2017,11/24/2017,Second Class,KH-16330,Katharine Harms,Corporate,United States,New York City,New York,10035,East,FUR-FU-10000820,Furniture,Furnishings,Tensor Brushed Steel Torchiere Floor Lamp,50.97,3,0.0,9.1746
7931,CA-2016-120082,3/25/2016,3/27/2016,Second Class,DK-12835,Damala Kotsonis,Corporate,United States,New York City,New York,10024,East,OFF-AR-10001955,Office Supplies,Art,Newell 319,59.52,3,0.0,17.856
7952,CA-2015-145814,11/19/2015,11/24/2015,Standard Class,KD-16345,Katherine Ducich,Consumer,United States,New York City,New York,10035,East,OFF-BI-10003196,Office Supplies,Binders,Accohide Poly Flexible Ring Binders,5.984,2,0.2,2.244
7953,CA-2015-145814,11/19/2015,11/24/2015,Standard Class,KD-16345,Katherine Ducich,Consumer,United States,New York City,New York,10035,East,TEC-PH-10002200,Technology,Phones,Aastra 6757i CT Wireless VoIP phone,861.76,4,0.0,249.9104
7954,CA-2014-138359,4/1/2014,4/6/2014,Standard Class,KH-16330,Katharine Harms,Corporate,United States,Revere,Massachusetts,2151,East,OFF-ST-10000636,Office Supplies,Storage,Rogers Profile Extra Capacity Storage Tub,66.96,4,0.0,2.6784
7955,CA-2014-138359,4/1/2014,4/6/2014,Standard Class,KH-16330,Katharine Harms,Corporate,United States,Revere,Massachusetts,2151,East,OFF-BI-10000145,Office Supplies,Binders,Zipper Ring Binder Pockets,6.24,2,0.0,3.0576
7971,US-2015-126753,8/16/2015,8/20/2015,Standard Class,SP-20860,Sung Pak,Corporate,United States,Philadelphia,Pennsylvania,19134,East,TEC-PH-10003580,Technology,Phones,Cisco IP Phone 7961G-GE VoIP phone,519.792,4,0.4,-112.6216
7972,US-2015-126753,8/16/2015,8/20/2015,Standard Class,SP-20860,Sung Pak,Corporate,United States,Philadelphia,Pennsylvania,19134,East,TEC-AC-10004227,Technology,Accessories,SanDisk Ultra 16 GB MicroSDHC Class 10 Memory Card,31.176,3,0.2,-5.4558
7973,US-2015-126753,8/16/2015,8/20/2015,Standard Class,SP-20860,Sung Pak,Corporate,United States,Philadelphia,Pennsylvania,19134,East,OFF-PA-10002787,Office Supplies,Paper,Xerox 227,10.368,2,0.2,3.6288
7974,US-2015-126753,8/16/2015,8/20/2015,Standard Class,SP-20860,Sung Pak,Corporate,United States,Philadelphia,Pennsylvania,19134,East,OFF-BI-10003981,Office Supplies,Binders,"Avery Durable Plastic 1"" Binders",2.724,2,0.7,-1.9068
7975,US-2015-126753,8/16/2015,8/20/2015,Standard Class,SP-20860,Sung Pak,Corporate,United States,Philadelphia,Pennsylvania,19134,East,FUR-FU-10001488,Furniture,Furnishings,"Tenex 46"" x 60"" Computer Anti-Static Chairmat, Rectangular Shaped",254.352,3,0.2,0.0
7976,US-2015-126753,8/16/2015,8/20/2015,Standard Class,SP-20860,Sung Pak,Corporate,United States,Philadelphia,Pennsylvania,19134,East,OFF-BI-10003727,Office Supplies,Binders,Avery Durable Slant Ring Binders With Label Holder,3.762,3,0.7,-2.7588
7977,US-2015-126753,8/16/2015,8/20/2015,Standard Class,SP-20860,Sung Pak,Corporate,United States,Philadelphia,Pennsylvania,19134,East,OFF-PA-10000130,Office Supplies,Paper,Xerox 199,10.272,3,0.2,3.21
7982,CA-2014-113383,9/10/2014,9/13/2014,First Class,SF-20065,Sandra Flanagan,Consumer,United States,Clifton,New Jersey,7011,East,OFF-AP-10004532,Office Supplies,Appliances,Kensington 6 Outlet Guardian Standard Surge Protector,81.92,4,0.0,22.1184
7983,CA-2014-113383,9/10/2014,9/13/2014,First Class,SF-20065,Sandra Flanagan,Consumer,United States,Clifton,New Jersey,7011,East,FUR-FU-10001986,Furniture,Furnishings,"Dana Fluorescent Magnifying Lamp, White, 36""",254.9,5,0.0,76.47
7987,CA-2016-137939,7/20/2016,7/23/2016,Second Class,PJ-19015,Pauline Johnson,Consumer,United States,Long Beach,New York,11561,East,TEC-PH-10003589,Technology,Phones,invisibleSHIELD by ZAGG Smudge-Free Screen Protector,89.95,5,0.0,43.176
8004,CA-2014-143210,12/1/2014,12/3/2014,First Class,AA-10645,Anna Andreadi,Consumer,United States,Lowell,Massachusetts,1852,East,TEC-PH-10004434,Technology,Phones,Cisco IP Phone 7961G VoIP phone - Dark gray,271.9,2,0.0,78.851
8005,CA-2014-143210,12/1/2014,12/3/2014,First Class,AA-10645,Anna Andreadi,Consumer,United States,Lowell,Massachusetts,1852,East,FUR-FU-10003878,Furniture,Furnishings,"Linden 10"" Round Wall Clock, Black",45.84,3,0.0,15.5856
8006,CA-2014-143210,12/1/2014,12/3/2014,First Class,AA-10645,Anna Andreadi,Consumer,United States,Lowell,Massachusetts,1852,East,FUR-FU-10002268,Furniture,Furnishings,Ultra Door Push Plate,9.82,2,0.0,3.2406
8011,CA-2014-127859,3/17/2014,3/20/2014,Second Class,QJ-19255,Quincy Jones,Corporate,United States,Philadelphia,Pennsylvania,19134,East,OFF-PA-10003641,Office Supplies,Paper,Xerox 1909,126.624,6,0.2,41.1528
8013,CA-2017-120168,5/25/2017,5/25/2017,Same Day,TB-21625,Trudy Brown,Consumer,United States,New York City,New York,10009,East,OFF-BI-10004519,Office Supplies,Binders,GBC DocuBind P100 Manual Binding Machine,663.92,5,0.2,207.475
8014,CA-2017-120168,5/25/2017,5/25/2017,Same Day,TB-21625,Trudy Brown,Consumer,United States,New York City,New York,10009,East,TEC-AC-10002167,Technology,Accessories,Imation 8gb Micro Traveldrive Usb 2.0 Flash Drive,120.0,8,0.0,13.2
8015,CA-2017-120168,5/25/2017,5/25/2017,Same Day,TB-21625,Trudy Brown,Consumer,United States,New York City,New York,10009,East,OFF-FA-10000936,Office Supplies,Fasteners,Acco Hot Clips Clips to Go,3.29,1,0.0,1.4805
8016,CA-2017-120168,5/25/2017,5/25/2017,Same Day,TB-21625,Trudy Brown,Consumer,United States,New York City,New York,10009,East,FUR-FU-10000732,Furniture,Furnishings,Eldon 200 Class Desk Accessories,18.84,3,0.0,6.0288
8017,US-2014-131870,9/9/2014,9/11/2014,First Class,NF-18595,Nicole Fjeld,Home Office,United States,Lancaster,Ohio,43130,East,FUR-FU-10002501,Furniture,Furnishings,Nu-Dell Executive Frame,60.672,6,0.2,12.8928
8018,US-2014-131870,9/9/2014,9/11/2014,First Class,NF-18595,Nicole Fjeld,Home Office,United States,Lancaster,Ohio,43130,East,OFF-AR-10000634,Office Supplies,Art,Newell 320,30.816,9,0.2,2.6964
8026,CA-2015-132465,9/11/2015,9/15/2015,Second Class,DM-13525,Don Miller,Corporate,United States,New York City,New York,10035,East,FUR-FU-10000277,Furniture,Furnishings,Deflect-o DuraMat Antistatic Studded Beveled Mat for Medium Pile Carpeting,210.68,2,0.0,50.5632
8027,CA-2015-132465,9/11/2015,9/15/2015,Second Class,DM-13525,Don Miller,Corporate,United States,New York City,New York,10035,East,OFF-ST-10003641,Office Supplies,Storage,Space Solutions Industrial Galvanized Steel Shelving.,78.8,1,0.0,1.576
8028,CA-2015-132465,9/11/2015,9/15/2015,Second Class,DM-13525,Don Miller,Corporate,United States,New York City,New York,10035,East,TEC-AC-10001998,Technology,Accessories,Logitech LS21 Speaker System - PC Multimedia - 2.1-CH - Wired,19.99,1,0.0,6.7966
8029,CA-2015-132465,9/11/2015,9/15/2015,Second Class,DM-13525,Don Miller,Corporate,United States,New York City,New York,10035,East,OFF-ST-10001932,Office Supplies,Storage,Fellowes Staxonsteel Drawer Files,772.68,4,0.0,108.1752
8037,CA-2015-153738,9/20/2015,9/22/2015,First Class,AG-10270,Alejandro Grove,Consumer,United States,Lawrence,Massachusetts,1841,East,OFF-BI-10001308,Office Supplies,Binders,GBC Standard Plastic Binding Systems' Combs,37.68,6,0.0,16.956
8043,US-2017-133081,3/11/2017,3/15/2017,Standard Class,PV-18985,Paul Van Hugh,Home Office,United States,Cambridge,Massachusetts,2138,East,TEC-AC-10001772,Technology,Accessories,Memorex Mini Travel Drive 16 GB USB 2.0 Flash Drive,63.88,4,0.0,24.9132
8044,US-2017-133081,3/11/2017,3/15/2017,Standard Class,PV-18985,Paul Van Hugh,Home Office,United States,Cambridge,Massachusetts,2138,East,FUR-FU-10001379,Furniture,Furnishings,"Executive Impressions 16-1/2"" Circular Wall Clock",26.72,1,0.0,11.7568
8046,CA-2016-145611,9/20/2016,9/24/2016,Standard Class,HA-14905,Helen Abelman,Consumer,United States,New York City,New York,10035,East,OFF-AP-10001005,Office Supplies,Appliances,Honeywell Quietcare HEPA Air Cleaner,393.25,5,0.0,129.7725
8047,CA-2016-113600,12/15/2016,12/17/2016,Second Class,SH-20395,Shahid Hopkins,Consumer,United States,Cuyahoga Falls,Ohio,44221,East,OFF-BI-10000201,Office Supplies,Binders,"Avery Triangle Shaped Sheet Lifters, Black, 2/Pack",2.214,3,0.7,-1.476
8049,CA-2016-168543,7/3/2016,7/7/2016,Standard Class,DK-13225,Dean Katz,Corporate,United States,New York City,New York,10035,East,OFF-AP-10000938,Office Supplies,Appliances,Avanti 1.7 Cu. Ft. Refrigerator,706.86,7,0.0,197.9208
8050,CA-2014-144974,9/26/2014,9/30/2014,Standard Class,CM-12715,Craig Molinari,Corporate,United States,Philadelphia,Pennsylvania,19140,East,OFF-BI-10003274,Office Supplies,Binders,"Avery Durable Slant Ring Binders, No Labels",5.97,5,0.7,-4.577
8051,CA-2014-144974,9/26/2014,9/30/2014,Standard Class,CM-12715,Craig Molinari,Corporate,United States,Philadelphia,Pennsylvania,19140,East,FUR-FU-10001095,Furniture,Furnishings,DAX Black Cherry Wood-Tone Poster Frame,21.184,1,0.2,4.7664
8052,CA-2014-144974,9/26/2014,9/30/2014,Standard Class,CM-12715,Craig Molinari,Corporate,United States,Philadelphia,Pennsylvania,19140,East,OFF-AP-10001492,Office Supplies,Appliances,"Acco Six-Outlet Power Strip, 4' Cord Length",41.376,6,0.2,3.1032
8053,CA-2014-109904,7/14/2014,7/17/2014,Second Class,BF-10975,Barbara Fisher,Corporate,United States,New York City,New York,10009,East,OFF-AR-10004999,Office Supplies,Art,Newell 315,17.94,3,0.0,4.485
8054,CA-2017-152205,9/28/2017,10/5/2017,Standard Class,SF-20965,Sylvia Foulston,Corporate,United States,Philadelphia,Pennsylvania,19134,East,OFF-BI-10004094,Office Supplies,Binders,GBC Standard Plastic Binding Systems Combs,2.655,1,0.7,-1.8585
8061,CA-2015-156013,9/20/2015,9/26/2015,Standard Class,TC-20980,Tamara Chand,Corporate,United States,Long Beach,New York,11561,East,OFF-PA-10001970,Office Supplies,Paper,Xerox 1881,61.4,5,0.0,28.858
8062,CA-2015-156013,9/20/2015,9/26/2015,Standard Class,TC-20980,Tamara Chand,Corporate,United States,Long Beach,New York,11561,East,OFF-BI-10002437,Office Supplies,Binders,Recycled Premium Regency Composition Covers,24.448,2,0.2,8.8624
8063,CA-2016-132997,11/7/2016,11/9/2016,First Class,LW-17215,Luke Weiss,Consumer,United States,Rochester,New York,14609,East,TEC-PH-10000586,Technology,Phones,AT&T SB67148 SynJ,263.96,4,0.0,71.2692
8064,CA-2016-132997,11/7/2016,11/9/2016,First Class,LW-17215,Luke Weiss,Consumer,United States,Rochester,New York,14609,East,TEC-PH-10003811,Technology,Phones,Jabra Supreme Plus Driver Edition Headset,359.97,3,0.0,100.7916
8065,CA-2016-132997,11/7/2016,11/9/2016,First Class,LW-17215,Luke Weiss,Consumer,United States,Rochester,New York,14609,East,OFF-PA-10004983,Office Supplies,Paper,Xerox 23,12.96,2,0.0,6.2208
8066,CA-2016-132997,11/7/2016,11/9/2016,First Class,LW-17215,Luke Weiss,Consumer,United States,Rochester,New York,14609,East,OFF-ST-10003479,Office Supplies,Storage,"Eldon Base for stackable storage shelf, platinum",116.82,3,0.0,5.841
8067,CA-2016-132997,11/7/2016,11/9/2016,First Class,LW-17215,Luke Weiss,Consumer,United States,Rochester,New York,14609,East,OFF-BI-10004318,Office Supplies,Binders,Ibico EB-19 Dual Function Manual Binding System,276.784,2,0.2,89.9548
8080,US-2016-164945,11/22/2016,11/27/2016,Standard Class,CA-12055,Cathy Armstrong,Home Office,United States,New York City,New York,10009,East,OFF-BI-10001524,Office Supplies,Binders,GBC Premium Transparent Covers with Diagonal Lined Pattern,134.272,8,0.2,46.9952
8090,US-2015-117492,8/7/2015,8/9/2015,First Class,NS-18640,Noel Staavos,Corporate,United States,Baltimore,Maryland,21215,East,OFF-AP-10001492,Office Supplies,Appliances,"Acco Six-Outlet Power Strip, 4' Cord Length",77.58,9,0.0,20.1708
8093,CA-2017-143658,11/8/2017,11/13/2017,Second Class,SR-20425,Sharelle Roach,Home Office,United States,New York City,New York,10035,East,OFF-AR-10002818,Office Supplies,Art,Panasonic KP-310 Heavy-Duty Electric Pencil Sharpener,109.9,5,0.0,32.97
8109,US-2017-167570,12/8/2017,12/15/2017,Standard Class,EG-13900,Emily Grady,Consumer,United States,Philadelphia,Pennsylvania,19140,East,FUR-CH-10003396,Furniture,Chairs,Global Deluxe Steno Chair,215.544,4,0.3,-58.5048
8123,CA-2014-138128,12/9/2014,12/15/2014,Standard Class,FP-14320,Frank Preis,Consumer,United States,Philadelphia,Pennsylvania,19134,East,OFF-EN-10002500,Office Supplies,Envelopes,Globe Weis Peel & Seel First Class Envelopes,30.672,3,0.2,9.585
8124,CA-2014-138128,12/9/2014,12/15/2014,Standard Class,FP-14320,Frank Preis,Consumer,United States,Philadelphia,Pennsylvania,19134,East,TEC-CO-10001766,Technology,Copiers,Canon PC940 Copier,1079.976,4,0.4,125.9972
8138,CA-2014-103219,11/9/2014,11/13/2014,Standard Class,BF-11215,Benjamin Farhat,Home Office,United States,New York City,New York,10035,East,FUR-FU-10004091,Furniture,Furnishings,"Eldon 200 Class Desk Accessories, Black",56.52,9,0.0,21.4776
8139,CA-2016-102561,7/18/2016,7/22/2016,Standard Class,NK-18490,Neil Knudson,Home Office,United States,Philadelphia,Pennsylvania,19140,East,OFF-AR-10001545,Office Supplies,Art,Newell 326,11.264,8,0.2,1.2672
8140,CA-2016-102561,7/18/2016,7/22/2016,Standard Class,NK-18490,Neil Knudson,Home Office,United States,Philadelphia,Pennsylvania,19140,East,OFF-ST-10001476,Office Supplies,Storage,Steel Personal Filing/Posting Tote,284.08,10,0.2,24.857
8141,CA-2016-102561,7/18/2016,7/22/2016,Standard Class,NK-18490,Neil Knudson,Home Office,United States,Philadelphia,Pennsylvania,19140,East,OFF-PA-10004971,Office Supplies,Paper,Xerox 196,18.496,4,0.2,6.7048
8155,US-2017-143770,3/20/2017,3/24/2017,Standard Class,RD-19720,Roger Demir,Consumer,United States,Middletown,Connecticut,6457,East,TEC-AC-10002842,Technology,Accessories,WD My Passport Ultra 2TB Portable External Hard Drive,238.0,2,0.0,38.08
8156,US-2017-143770,3/20/2017,3/24/2017,Standard Class,RD-19720,Roger Demir,Consumer,United States,Middletown,Connecticut,6457,East,OFF-PA-10001125,Office Supplies,Paper,Xerox 1988,61.96,2,0.0,27.882
8157,CA-2016-131296,10/4/2016,10/9/2016,Standard Class,MS-17830,Melanie Seite,Consumer,United States,Baltimore,Maryland,21215,East,FUR-TA-10002622,Furniture,Tables,"Bush Andora Conference Table, Maple/Graphite Gray Finish",239.372,2,0.3,-23.9372
8160,CA-2016-120803,3/9/2016,3/13/2016,Standard Class,RB-19465,Rick Bensley,Home Office,United States,Milford,Connecticut,6460,East,TEC-AC-10004469,Technology,Accessories,Microsoft Sculpt Comfort Mouse,199.75,5,0.0,87.89
8161,CA-2016-134138,2/16/2016,2/20/2016,Standard Class,JD-15790,John Dryer,Consumer,United States,Belleville,New Jersey,7109,East,FUR-CH-10001545,Furniture,Chairs,Hon Comfortask Task/Swivel Chairs,227.96,2,0.0,36.4736
8162,CA-2015-120915,9/28/2015,10/3/2015,Second Class,JJ-15445,Jennifer Jackson,Consumer,United States,New York City,New York,10035,East,OFF-AP-10002578,Office Supplies,Appliances,"Fellowes Premier Superior Surge Suppressor, 10-Outlet, With Phone and Remote",293.52,6,0.0,76.3152
8163,CA-2015-120915,9/28/2015,10/3/2015,Second Class,JJ-15445,Jennifer Jackson,Consumer,United States,New York City,New York,10035,East,TEC-PH-10003012,Technology,Phones,Nortel Meridian M3904 Professional Digital phone,307.98,2,0.0,89.3142
8177,CA-2016-135965,9/22/2016,9/25/2016,First Class,SZ-20035,Sam Zeldin,Home Office,United States,New York City,New York,10035,East,OFF-ST-10002370,Office Supplies,Storage,"Sortfiler Multipurpose Personal File Organizer, Black",128.34,6,0.0,37.2186
8181,CA-2015-119879,11/21/2015,11/25/2015,Standard Class,SS-20410,Shahid Shariari,Consumer,United States,Philadelphia,Pennsylvania,19120,East,FUR-TA-10002958,Furniture,Tables,"Bevis Oval Conference Table, Walnut",1252.704,8,0.4,-480.2032
8182,CA-2015-119879,11/21/2015,11/25/2015,Standard Class,SS-20410,Shahid Shariari,Consumer,United States,Philadelphia,Pennsylvania,19120,East,TEC-PH-10002923,Technology,Phones,"Logitech B530 USB Headset - headset - Full size, Binaural",110.97,5,0.4,-24.0435
8188,CA-2016-127194,12/10/2016,12/16/2016,Standard Class,BW-11110,Bart Watters,Corporate,United States,New York City,New York,10024,East,OFF-PA-10000659,Office Supplies,Paper,"Adams Phone Message Book, Professional, 400 Message Capacity, 5 3/6 x 11",62.82,9,0.0,29.5254
8189,CA-2015-140375,10/2/2015,10/5/2015,Second Class,SG-20470,Sheri Gordon,Consumer,United States,Rockville,Maryland,20852,East,OFF-PA-10001870,Office Supplies,Paper,Xerox 202,19.44,3,0.0,9.3312
8190,CA-2015-140375,10/2/2015,10/5/2015,Second Class,SG-20470,Sheri Gordon,Consumer,United States,Rockville,Maryland,20852,East,OFF-BI-10000320,Office Supplies,Binders,GBC Plastic Binding Combs,7.38,1,0.0,3.6162
8191,US-2017-155866,11/17/2017,11/21/2017,Standard Class,CC-12370,Christopher Conant,Consumer,United States,New York City,New York,10011,East,OFF-PA-10004735,Office Supplies,Paper,Xerox 1905,38.88,6,0.0,18.6624
8192,US-2017-155866,11/17/2017,11/21/2017,Standard Class,CC-12370,Christopher Conant,Consumer,United States,New York City,New York,10011,East,FUR-FU-10004091,Furniture,Furnishings,"Howard Miller 13"" Diameter Goldtone Round Wall Clock",187.76,4,0.0,76.9816
8202,CA-2015-114811,11/8/2015,11/8/2015,Same Day,KD-16495,Keith Dawkins,Corporate,United States,New York City,New York,10024,East,OFF-ST-10000885,Office Supplies,Storage,Fellowes Desktop Hanging File Manager,67.15,5,0.0,16.7875
8203,CA-2015-114811,11/8/2015,11/8/2015,Same Day,KD-16495,Keith Dawkins,Corporate,United States,New York City,New York,10024,East,TEC-PH-10004165,Technology,Phones,Mitel MiVoice 5330e IP Phone,549.98,2,0.0,142.9948
8204,CA-2015-114811,11/8/2015,11/8/2015,Same Day,KD-16495,Keith Dawkins,Corporate,United States,New York City,New York,10024,East,FUR-FU-10002240,Furniture,Furnishings,Nu-Dell EZ-Mount Plastic Wall Frames,11.82,3,0.0,4.728
8205,CA-2015-114811,11/8/2015,11/8/2015,Same Day,KD-16495,Keith Dawkins,Corporate,United States,New York City,New York,10024,East,TEC-MA-10000045,Technology,Machines,Zebra ZM400 Thermal Label Printer,4643.8,4,0.0,2229.024
8206,CA-2015-114811,11/8/2015,11/8/2015,Same Day,KD-16495,Keith Dawkins,Corporate,United States,New York City,New York,10024,East,FUR-CH-10003746,Furniture,Chairs,Hon 4070 Series Pagoda Round Back Stacking Chairs,577.764,2,0.1,115.5528
8226,CA-2017-104136,11/1/2017,11/4/2017,Second Class,SF-20065,Sandra Flanagan,Consumer,United States,Everett,Massachusetts,2149,East,OFF-PA-10004243,Office Supplies,Paper,Xerox 1939,189.7,10,0.0,91.056
8227,CA-2017-104136,11/1/2017,11/4/2017,Second Class,SF-20065,Sandra Flanagan,Consumer,United States,Everett,Massachusetts,2149,East,OFF-PA-10001033,Office Supplies,Paper,Xerox 1893,40.99,1,0.0,20.0851
8228,CA-2016-123050,4/4/2016,4/8/2016,Second Class,BC-11125,Becky Castell,Home Office,United States,Troy,New York,12180,East,FUR-FU-10000723,Furniture,Furnishings,"Deflect-o EconoMat Studded, No Bevel Mat for Low Pile Carpeting",82.64,2,0.0,7.4376
8229,CA-2016-123050,4/4/2016,4/8/2016,Second Class,BC-11125,Becky Castell,Home Office,United States,Troy,New York,12180,East,OFF-ST-10003455,Office Supplies,Storage,"Tenex File Box, Personal Filing Tote with Lid, Black",31.02,2,0.0,8.0652
8230,CA-2016-123050,4/4/2016,4/8/2016,Second Class,BC-11125,Becky Castell,Home Office,United States,Troy,New York,12180,East,TEC-AC-10001109,Technology,Accessories,Logitech Trackman Marble Mouse,89.97,3,0.0,37.7874
8242,CA-2014-109855,9/1/2014,9/5/2014,Standard Class,LH-16900,Lena Hernandez,Consumer,United States,New York City,New York,10009,East,OFF-BI-10004716,Office Supplies,Binders,Wilson Jones Hanging Recycled Pressboard Data Binders,23.744,2,0.2,8.3104
8243,CA-2014-109855,9/1/2014,9/5/2014,Standard Class,LH-16900,Lena Hernandez,Consumer,United States,New York City,New York,10009,East,TEC-AC-10002842,Technology,Accessories,WD My Passport Ultra 2TB Portable External Hard Drive,357.0,3,0.0,57.12
8249,CA-2016-133816,5/10/2016,5/13/2016,Second Class,CS-12400,Christopher Schild,Home Office,United States,Philadelphia,Pennsylvania,19134,East,TEC-PH-10001795,Technology,Phones,ClearOne CHATAttach 160 - speaker phone,743.988,2,0.4,-123.998
8265,CA-2014-131800,12/30/2014,1/4/2015,Standard Class,AJ-10960,Astrea Jones,Consumer,United States,New York City,New York,10035,East,OFF-AP-10004136,Office Supplies,Appliances,Kensington 6 Outlet SmartSocket Surge Protector,122.94,3,0.0,30.735
8266,CA-2014-131800,12/30/2014,1/4/2015,Standard Class,AJ-10960,Astrea Jones,Consumer,United States,New York City,New York,10035,East,OFF-BI-10003429,Office Supplies,Binders,"Cardinal HOLDit! Binder Insert Strips,Extra Strips",35.448,7,0.2,12.8499
8267,CA-2014-118304,4/29/2014,5/4/2014,Standard Class,KH-16360,Katherine Hughes,Consumer,United States,Dover,Delaware,19901,East,TEC-PH-10000376,Technology,Phones,Square Credit Card Reader,19.98,2,0.0,5.1948
8272,CA-2016-169670,12/25/2016,12/31/2016,Standard Class,JE-15715,Joe Elijah,Consumer,United States,New York City,New York,10009,East,FUR-CH-10002331,Furniture,Chairs,Hon 4700 Series Mobuis Mid-Back Task Chairs with Adjustable Arms,2563.056,8,0.1,313.2624
8274,CA-2015-104059,6/13/2015,6/15/2015,Second Class,FC-14245,Frank Carlisle,Home Office,United States,Springfield,Ohio,45503,East,OFF-AR-10000634,Office Supplies,Art,Newell 320,3.424,1,0.2,0.2996
8275,CA-2017-164112,6/30/2017,7/4/2017,Standard Class,ND-18460,Neil Ducich,Corporate,United States,Mount Vernon,New York,10550,East,OFF-ST-10002615,Office Supplies,Storage,"Dual Level, Single-Width Filing Carts",1085.42,7,0.0,282.2092
8276,CA-2015-143882,6/26/2015,6/30/2015,Standard Class,DB-13360,Dennis Bolton,Home Office,United States,Lakewood,Ohio,44107,East,OFF-PA-10004040,Office Supplies,Paper,Universal Premium White Copier/Laser Paper (20Lb. and 87 Bright),43.056,9,0.2,15.6078
8293,CA-2015-106362,12/11/2015,12/15/2015,Standard Class,LC-16885,Lena Creighton,Consumer,United States,Troy,Ohio,45373,East,OFF-BI-10003166,Office Supplies,Binders,GBC Plasticlear Binding Covers,10.332,3,0.7,-7.5768
8295,US-2017-146906,3/13/2017,3/17/2017,Standard Class,MT-17815,Meg Tillman,Consumer,United States,New York City,New York,10011,East,TEC-PH-10001809,Technology,Phones,Panasonic KX T7736-B Digital phone,299.9,2,0.0,74.975
8320,CA-2017-133620,11/13/2017,11/18/2017,Standard Class,EM-14065,Erin Mull,Consumer,United States,New York City,New York,10009,East,OFF-ST-10004634,Office Supplies,Storage,"Personal Folder Holder, Ebony",11.21,1,0.0,3.363
8323,CA-2016-130778,11/19/2016,11/25/2016,Standard Class,ND-18370,Natalie DeCherney,Consumer,United States,Long Beach,New York,11561,East,OFF-AP-10000595,Office Supplies,Appliances,Disposable Triple-Filter Dust Bags,8.74,2,0.0,2.2724
8324,CA-2016-130778,11/19/2016,11/25/2016,Standard Class,ND-18370,Natalie DeCherney,Consumer,United States,Long Beach,New York,11561,East,OFF-PA-10001509,Office Supplies,Paper,"Recycled Desk Saver Line ""While You Were Out"" Book, 5 1/2"" X 4""",44.75,5,0.0,20.585
8329,CA-2017-118577,10/6/2017,10/11/2017,Standard Class,XP-21865,Xylona Preis,Consumer,United States,Belleville,New Jersey,7109,East,OFF-PA-10001357,Office Supplies,Paper,Xerox 1886,143.7,3,0.0,68.976
8330,CA-2017-118577,10/6/2017,10/11/2017,Standard Class,XP-21865,Xylona Preis,Consumer,United States,Belleville,New Jersey,7109,East,OFF-PA-10004888,Office Supplies,Paper,Xerox 217,6.48,1,0.0,3.1104
8331,CA-2017-113572,11/7/2017,11/11/2017,Standard Class,FP-14320,Frank Preis,Consumer,United States,New York City,New York,10024,East,TEC-AC-10002370,Technology,Accessories,Maxell CD-R Discs,7.88,4,0.0,2.5216
8332,CA-2016-153269,3/9/2016,3/12/2016,First Class,PS-18760,Pamela Stobb,Consumer,United States,Andover,Massachusetts,1810,East,OFF-ST-10004634,Office Supplies,Storage,"Personal Folder Holder, Ebony",11.21,1,0.0,3.363
8333,CA-2016-153269,3/9/2016,3/12/2016,First Class,PS-18760,Pamela Stobb,Consumer,United States,Andover,Massachusetts,1810,East,FUR-CH-10002647,Furniture,Chairs,"Situations Contoured Folding Chairs, 4/Set",354.9,5,0.0,88.725
8334,CA-2016-153269,3/9/2016,3/12/2016,First Class,PS-18760,Pamela Stobb,Consumer,United States,Andover,Massachusetts,1810,East,OFF-PA-10001801,Office Supplies,Paper,Xerox 193,17.94,3,0.0,8.7906
8335,CA-2016-153269,3/9/2016,3/12/2016,First Class,PS-18760,Pamela Stobb,Consumer,United States,Andover,Massachusetts,1810,East,OFF-BI-10004632,Office Supplies,Binders,GBC Binding covers,51.8,4,0.0,23.31
8336,CA-2017-161655,5/13/2017,5/18/2017,Second Class,CW-11905,Carl Weiss,Home Office,United States,Newark,Delaware,19711,East,OFF-BI-10002082,Office Supplies,Binders,GBC Twin Loop Wire Binding Elements,299.52,9,0.0,149.76
8347,US-2015-115238,4/30/2015,5/4/2015,Standard Class,JW-15220,Jane Waco,Corporate,United States,Lawrence,Massachusetts,1841,East,FUR-FU-10002960,Furniture,Furnishings,"Eldon 200 Class Desk Accessories, Burgundy",31.4,5,0.0,13.188
8348,US-2015-115238,4/30/2015,5/4/2015,Standard Class,JW-15220,Jane Waco,Corporate,United States,Lawrence,Massachusetts,1841,East,FUR-FU-10002445,Furniture,Furnishings,"DAX Two-Tone Rosewood/Black Document Frame, Desktop, 5 x 7",9.48,1,0.0,3.792
8349,US-2015-115238,4/30/2015,5/4/2015,Standard Class,JW-15220,Jane Waco,Corporate,United States,Lawrence,Massachusetts,1841,East,TEC-PH-10001300,Technology,Phones,"iKross Bluetooth Portable Keyboard + Cell Phone Stand Holder + Brush for Apple iPhone 5S 5C 5, 4S 4",209.5,10,0.0,58.66
8350,US-2015-115238,4/30/2015,5/4/2015,Standard Class,JW-15220,Jane Waco,Corporate,United States,Lawrence,Massachusetts,1841,East,FUR-FU-10001025,Furniture,Furnishings,"Eldon Imàge Series Desk Accessories, Clear",24.3,5,0.0,10.449
8351,US-2015-115238,4/30/2015,5/4/2015,Standard Class,JW-15220,Jane Waco,Corporate,United States,Lawrence,Massachusetts,1841,East,OFF-PA-10002689,Office Supplies,Paper,Weyerhaeuser First Choice Laser/Copy Paper (20Lb. and 88 Bright),6.48,1,0.0,3.1104
8352,CA-2017-132199,5/3/2017,5/8/2017,Standard Class,BO-11350,Bill Overfelt,Corporate,United States,Philadelphia,Pennsylvania,19134,East,FUR-FU-10004245,Furniture,Furnishings,"Career Cubicle Clock, 8 1/4"", Black",32.448,2,0.2,7.3008
8353,CA-2017-132199,5/3/2017,5/8/2017,Standard Class,BO-11350,Bill Overfelt,Corporate,United States,Philadelphia,Pennsylvania,19134,East,OFF-BI-10003684,Office Supplies,Binders,Wilson Jones Legal Size Ring Binders,26.388,4,0.7,-17.592
8354,CA-2017-132199,5/3/2017,5/8/2017,Standard Class,BO-11350,Bill Overfelt,Corporate,United States,Philadelphia,Pennsylvania,19134,East,FUR-TA-10003748,Furniture,Tables,Bevis 36 x 72 Conference Tables,373.47,5,0.4,-112.041
8355,CA-2017-132199,5/3/2017,5/8/2017,Standard Class,BO-11350,Bill Overfelt,Corporate,United States,Philadelphia,Pennsylvania,19134,East,OFF-BI-10002133,Office Supplies,Binders,"Wilson Jones Elliptical Ring 3 1/2"" Capacity Binders, 800 sheets",64.2,5,0.7,-44.94
8356,CA-2017-132199,5/3/2017,5/8/2017,Standard Class,BO-11350,Bill Overfelt,Corporate,United States,Philadelphia,Pennsylvania,19134,East,OFF-FA-10002280,Office Supplies,Fasteners,Advantus Plastic Paper Clips,8.0,2,0.2,2.8
8384,CA-2016-145135,11/26/2016,11/28/2016,First Class,CD-12790,Cynthia Delaney,Home Office,United States,Shelton,Connecticut,6484,East,TEC-AC-10003447,Technology,Accessories,Micropad Numeric Keypads,59.97,3,0.0,14.9925
8385,CA-2016-145135,11/26/2016,11/28/2016,First Class,CD-12790,Cynthia Delaney,Home Office,United States,Shelton,Connecticut,6484,East,OFF-PA-10004285,Office Supplies,Paper,Xerox 1959,13.36,2,0.0,6.4128
8387,CA-2015-149601,5/28/2015,6/3/2015,Standard Class,TB-21625,Trudy Brown,Consumer,United States,Manchester,Connecticut,6040,East,OFF-ST-10001558,Office Supplies,Storage,Acco Perma 4000 Stacking Storage Drawers,16.24,1,0.0,2.436
8388,CA-2015-149601,5/28/2015,6/3/2015,Standard Class,TB-21625,Trudy Brown,Consumer,United States,Manchester,Connecticut,6040,East,OFF-ST-10001328,Office Supplies,Storage,"Personal Filing Tote with Lid, Black/Gray",77.55,5,0.0,21.714
8389,CA-2014-139423,11/1/2014,11/5/2014,Standard Class,DG-13300,Deirdre Greer,Corporate,United States,Orange,New Jersey,7050,East,OFF-AP-10004708,Office Supplies,Appliances,Fellowes Superior 10 Outlet Split Surge Protector,76.12,2,0.0,22.0748
8390,CA-2016-102596,12/27/2016,12/30/2016,First Class,RD-19810,Ross DeVincentis,Home Office,United States,Akron,Ohio,44312,East,OFF-FA-10000621,Office Supplies,Fasteners,"OIC Colored Binder Clips, Assorted Sizes",17.184,6,0.2,6.2292
8392,CA-2017-110625,12/23/2017,12/30/2017,Standard Class,JB-16045,Julia Barnett,Home Office,United States,Danbury,Connecticut,6810,East,FUR-FU-10001473,Furniture,Furnishings,DAX Wood Document Frame,27.46,2,0.0,9.8856
8393,CA-2016-142594,12/1/2016,12/6/2016,Second Class,EJ-14155,Eva Jacobs,Consumer,United States,Franklin,Massachusetts,2038,East,TEC-PH-10000193,Technology,Phones,Jensen SMPS-640 - speaker phone,137.94,3,0.0,35.8644
8394,CA-2016-142594,12/1/2016,12/6/2016,Second Class,EJ-14155,Eva Jacobs,Consumer,United States,Franklin,Massachusetts,2038,East,FUR-FU-10002045,Furniture,Furnishings,"Executive Impressions 14""",111.15,5,0.0,48.906
8395,CA-2016-142594,12/1/2016,12/6/2016,Second Class,EJ-14155,Eva Jacobs,Consumer,United States,Franklin,Massachusetts,2038,East,OFF-AP-10002945,Office Supplies,Appliances,Honeywell Enviracaire Portable HEPA Air Cleaner for 17' x 22' Room,901.95,3,0.0,297.6435
8396,CA-2016-142594,12/1/2016,12/6/2016,Second Class,EJ-14155,Eva Jacobs,Consumer,United States,Franklin,Massachusetts,2038,East,FUR-TA-10001095,Furniture,Tables,Chromcraft Round Conference Tables,366.009,3,0.3,-47.0583
8399,CA-2017-120061,11/2/2017,11/7/2017,Second Class,SR-20425,Sharelle Roach,Home Office,United States,Springfield,Ohio,45503,East,FUR-CH-10001973,Furniture,Chairs,Office Star Flex Back Scooter Chair with White Frame,155.372,2,0.3,-35.5136
8401,CA-2015-110814,12/5/2015,12/9/2015,Second Class,BD-11635,Brian Derr,Consumer,United States,New York City,New York,10009,East,OFF-BI-10002026,Office Supplies,Binders,Avery Arch Ring Binders,232.4,5,0.2,78.435
8402,CA-2015-110814,12/5/2015,12/9/2015,Second Class,BD-11635,Brian Derr,Consumer,United States,New York City,New York,10009,East,FUR-CH-10003535,Furniture,Chairs,"Global Armless Task Chair, Royal Blue",164.646,3,0.1,12.8058
8403,CA-2015-110814,12/5/2015,12/9/2015,Second Class,BD-11635,Brian Derr,Consumer,United States,New York City,New York,10009,East,OFF-PA-10004156,Office Supplies,Paper,Xerox 188,22.68,2,0.0,11.1132
8405,CA-2017-140480,7/8/2017,7/12/2017,Standard Class,HE-14800,Harold Engle,Corporate,United States,Newark,Delaware,19711,East,FUR-FU-10003247,Furniture,Furnishings,36X48 HARDFLOOR CHAIRMAT,83.92,4,0.0,5.8744
8406,CA-2017-140480,7/8/2017,7/12/2017,Standard Class,HE-14800,Harold Engle,Corporate,United States,Newark,Delaware,19711,East,TEC-AC-10002473,Technology,Accessories,Maxell 4.7GB DVD-R,141.9,5,0.0,58.179
8407,CA-2017-140480,7/8/2017,7/12/2017,Standard Class,HE-14800,Harold Engle,Corporate,United States,Newark,Delaware,19711,East,FUR-FU-10001057,Furniture,Furnishings,Tensor Track Tree Floor Lamp,39.98,2,0.0,9.1954
8408,CA-2017-140480,7/8/2017,7/12/2017,Standard Class,HE-14800,Harold Engle,Corporate,United States,Newark,Delaware,19711,East,OFF-AR-10001419,Office Supplies,Art,Newell 325,28.91,7,0.0,8.673
8409,CA-2017-140480,7/8/2017,7/12/2017,Standard Class,HE-14800,Harold Engle,Corporate,United States,Newark,Delaware,19711,East,OFF-AR-10004010,Office Supplies,Art,Hunt Boston Vacuum Mount KS Pencil Sharpener,174.95,5,0.0,45.487
8422,CA-2017-150091,10/12/2017,10/16/2017,Standard Class,NP-18670,Nora Paige,Consumer,United States,Lakewood,New Jersey,8701,East,TEC-AC-10002167,Technology,Accessories,Imation 8gb Micro Traveldrive Usb 2.0 Flash Drive,45.0,3,0.0,4.95
8423,CA-2017-150091,10/12/2017,10/16/2017,Standard Class,NP-18670,Nora Paige,Consumer,United States,Lakewood,New Jersey,8701,East,OFF-FA-10000621,Office Supplies,Fasteners,"OIC Colored Binder Clips, Assorted Sizes",17.9,5,0.0,8.771
8424,CA-2017-150091,10/12/2017,10/16/2017,Standard Class,NP-18670,Nora Paige,Consumer,United States,Lakewood,New Jersey,8701,East,FUR-FU-10004053,Furniture,Furnishings,DAX Two-Tone Silver Metal Document Frame,40.48,2,0.0,17.4064
8425,CA-2017-150091,10/12/2017,10/16/2017,Standard Class,NP-18670,Nora Paige,Consumer,United States,Lakewood,New Jersey,8701,East,FUR-BO-10003404,Furniture,Bookcases,"Global Adaptabilites Bookcase, Cherry/Storm Gray Finish",2154.9,5,0.0,129.294
8426,CA-2016-137652,8/28/2016,8/30/2016,First Class,EB-13750,Edward Becker,Corporate,United States,Cincinnati,Ohio,45231,East,OFF-BI-10004099,Office Supplies,Binders,GBC VeloBinder Strips,18.432,8,0.7,-12.288
8430,CA-2016-118129,12/19/2016,12/21/2016,Second Class,CL-12565,Clay Ludtke,Consumer,United States,Reading,Pennsylvania,19601,East,FUR-FU-10004904,Furniture,Furnishings,"Eldon ""L"" Workstation Diamond Chairmat",303.92,5,0.2,-30.392
8432,CA-2017-155621,11/8/2017,11/13/2017,Standard Class,KN-16450,Kean Nguyen,Corporate,United States,Baltimore,Maryland,21215,East,FUR-FU-10003535,Furniture,Furnishings,Howard Miller Distant Time Traveler Alarm Clock,274.2,10,0.0,112.422
8438,CA-2015-112823,12/10/2015,12/16/2015,Standard Class,RA-19945,Ryan Akin,Consumer,United States,Cleveland,Ohio,44105,East,TEC-AC-10002550,Technology,Accessories,Maxell 4.7GB DVD-RW 3/Pack,25.488,2,0.2,4.4604
8441,CA-2016-158302,12/8/2016,12/12/2016,Second Class,JB-16045,Julia Barnett,Home Office,United States,Columbus,Ohio,43229,East,OFF-PA-10002615,Office Supplies,Paper,"Ampad Gold Fibre Wirebound Steno Books, 6"" x 9"", Gregg Ruled",10.584,3,0.2,3.4398
8443,US-2016-155173,3/6/2016,3/10/2016,Standard Class,JB-16045,Julia Barnett,Home Office,United States,Philadelphia,Pennsylvania,19120,East,TEC-PH-10004586,Technology,Phones,Wilson SignalBoost 841262 DB PRO Amplifier Kit,431.94,2,0.4,-71.99
8444,US-2016-155173,3/6/2016,3/10/2016,Standard Class,JB-16045,Julia Barnett,Home Office,United States,Philadelphia,Pennsylvania,19120,East,OFF-BI-10002982,Office Supplies,Binders,Avery Self-Adhesive Photo Pockets for Polaroid Photos,2.043,1,0.7,-1.4982
8445,US-2016-155173,3/6/2016,3/10/2016,Standard Class,JB-16045,Julia Barnett,Home Office,United States,Philadelphia,Pennsylvania,19120,East,TEC-PH-10002538,Technology,Phones,Grandstream GXP1160 VoIP phone,68.238,3,0.4,-12.5103
8446,CA-2017-125451,10/23/2017,10/24/2017,First Class,AH-10075,Adam Hart,Corporate,United States,Cranston,Rhode Island,2920,East,FUR-TA-10001039,Furniture,Tables,KI Adjustable-Height Table,240.744,4,0.3,-13.7568
8447,CA-2017-125451,10/23/2017,10/24/2017,First Class,AH-10075,Adam Hart,Corporate,United States,Cranston,Rhode Island,2920,East,FUR-FU-10004963,Furniture,Furnishings,"Eldon 400 Class Desk Accessories, Black Carbon",35.0,4,0.0,14.7
8448,CA-2017-125451,10/23/2017,10/24/2017,First Class,AH-10075,Adam Hart,Corporate,United States,Cranston,Rhode Island,2920,East,FUR-FU-10000277,Furniture,Furnishings,Deflect-o DuraMat Antistatic Studded Beveled Mat for Medium Pile Carpeting,210.68,2,0.0,50.5632
8449,CA-2017-125451,10/23/2017,10/24/2017,First Class,AH-10075,Adam Hart,Corporate,United States,Cranston,Rhode Island,2920,East,FUR-TA-10004915,Furniture,Tables,"Office Impressions End Table, 20-1/2""H x 24""W x 20""D",637.896,3,0.3,-127.5792
8450,CA-2017-125451,10/23/2017,10/24/2017,First Class,AH-10075,Adam Hart,Corporate,United States,Cranston,Rhode Island,2920,East,OFF-PA-10003724,Office Supplies,Paper,"Wirebound Message Book, 4 per Page",43.44,8,0.0,21.2856
8451,CA-2017-125451,10/23/2017,10/24/2017,First Class,AH-10075,Adam Hart,Corporate,United States,Cranston,Rhode Island,2920,East,OFF-AP-10002906,Office Supplies,Appliances,Hoover Replacement Belt for Commercial Guardsman Heavy-Duty Upright Vacuum,2.22,1,0.0,0.666
8461,CA-2014-146500,8/30/2014,9/4/2014,Standard Class,AT-10735,Annie Thurman,Consumer,United States,Bristol,Connecticut,6010,East,OFF-BI-10002432,Office Supplies,Binders,Wilson Jones Standard D-Ring Binders,25.3,5,0.0,11.891
8462,CA-2014-146500,8/30/2014,9/4/2014,Standard Class,AT-10735,Annie Thurman,Consumer,United States,Bristol,Connecticut,6010,East,OFF-ST-10000563,Office Supplies,Storage,Fellowes Bankers Box Stor/Drawer Steel Plus,95.94,3,0.0,9.594
8466,CA-2015-116512,4/9/2015,4/14/2015,Standard Class,MC-18100,Mick Crebagga,Consumer,United States,New York City,New York,10024,East,OFF-ST-10001505,Office Supplies,Storage,"Perma STOR-ALL Hanging File Box, 13 1/8""W x 12 1/4""D x 10 1/2""H",17.94,3,0.0,3.0498
8467,CA-2015-101000,4/9/2015,4/14/2015,Standard Class,IG-15085,Ivan Gibson,Consumer,United States,Norwich,Connecticut,6360,East,OFF-AP-10000179,Office Supplies,Appliances,Honeywell Enviracaire Portable HEPA Air Cleaner for up to 10 x 16 Room,370.14,3,0.0,144.3546
8475,CA-2017-169404,4/9/2017,4/14/2017,Standard Class,NC-18625,Noah Childs,Corporate,United States,York,Pennsylvania,17403,East,OFF-BI-10004492,Office Supplies,Binders,Tuf-Vin Binders,37.896,4,0.7,-29.0536
8476,CA-2017-169404,4/9/2017,4/14/2017,Standard Class,NC-18625,Noah Childs,Corporate,United States,York,Pennsylvania,17403,East,OFF-PA-10001033,Office Supplies,Paper,Xerox 1893,65.584,2,0.2,23.7742
8478,CA-2015-145758,10/30/2015,10/30/2015,Same Day,BF-11020,Barry Französisch,Corporate,United States,New York City,New York,10024,East,TEC-MA-10004552,Technology,Machines,Star Micronics TSP100 TSP143LAN Receipt Printer,1035.8,4,0.0,269.308
8482,CA-2016-138583,5/24/2016,5/28/2016,Standard Class,DP-13390,Dennis Pardue,Home Office,United States,Philadelphia,Pennsylvania,19120,East,OFF-AR-10001860,Office Supplies,Art,BIC Liqua Brite Liner,16.656,3,0.2,3.3312
8483,US-2017-118535,2/11/2017,2/15/2017,Standard Class,DJ-13510,Don Jones,Corporate,United States,New York City,New York,10024,East,OFF-LA-10001297,Office Supplies,Labels,Avery 473,20.7,2,0.0,9.936
8497,CA-2014-169061,3/5/2014,3/8/2014,Second Class,AB-10150,Aimee Bixby,Consumer,United States,Yonkers,New York,10701,East,OFF-AR-10000588,Office Supplies,Art,Newell 345,59.52,3,0.0,15.4752
8498,CA-2014-169061,3/5/2014,3/8/2014,Second Class,AB-10150,Aimee Bixby,Consumer,United States,Yonkers,New York,10701,East,TEC-AC-10002001,Technology,Accessories,Logitech Wireless Gaming Headset G930,479.97,3,0.0,177.5889
8499,CA-2014-169061,3/5/2014,3/8/2014,Second Class,AB-10150,Aimee Bixby,Consumer,United States,Yonkers,New York,10701,East,OFF-SU-10000381,Office Supplies,Supplies,Acme Forged Steel Scissors with Black Enamel Handles,18.62,2,0.0,5.3998
8500,CA-2014-169061,3/5/2014,3/8/2014,Second Class,AB-10150,Aimee Bixby,Consumer,United States,Yonkers,New York,10701,East,OFF-BI-10001617,Office Supplies,Binders,GBC Wire Binding Combs,49.632,6,0.2,16.7508
8501,CA-2014-169061,3/5/2014,3/8/2014,Second Class,AB-10150,Aimee Bixby,Consumer,United States,Yonkers,New York,10701,East,OFF-PA-10001878,Office Supplies,Paper,Xerox 1891,97.82,2,0.0,45.9754
8512,CA-2016-103359,12/22/2016,12/26/2016,Standard Class,LC-16885,Lena Creighton,Consumer,United States,New York City,New York,10035,East,OFF-BI-10004233,Office Supplies,Binders,"GBC Pre-Punched Binding Paper, Plastic, White, 8-1/2"" x 11""",25.584,2,0.2,8.9544
8517,CA-2016-132899,4/7/2016,4/11/2016,Standard Class,SF-20200,Sarah Foster,Consumer,United States,New York City,New York,10009,East,OFF-AR-10002833,Office Supplies,Art,Newell 322,3.64,2,0.0,0.9828
8519,CA-2017-118003,12/4/2017,12/10/2017,Standard Class,DO-13645,Doug O'Connell,Consumer,United States,Paterson,New Jersey,7501,East,FUR-FU-10002506,Furniture,Furnishings,"Tensor ""Hersey Kiss"" Styled Floor Lamp",12.99,1,0.0,1.5588
8520,CA-2017-118003,12/4/2017,12/10/2017,Standard Class,DO-13645,Doug O'Connell,Consumer,United States,Paterson,New Jersey,7501,East,FUR-CH-10003817,Furniture,Chairs,"Global Value Steno Chair, Gray",182.22,3,0.0,45.555
8521,CA-2017-118003,12/4/2017,12/10/2017,Standard Class,DO-13645,Doug O'Connell,Consumer,United States,Paterson,New Jersey,7501,East,FUR-CH-10004860,Furniture,Chairs,Global Low Back Tilter Chair,302.94,3,0.0,18.1764
8522,CA-2016-141887,1/11/2016,1/15/2016,Standard Class,MP-17470,Mark Packer,Home Office,United States,Columbus,Ohio,43229,East,FUR-FU-10002268,Furniture,Furnishings,Ultra Door Push Plate,54.992,14,0.2,8.9362
8525,CA-2017-161172,3/16/2017,3/16/2017,Same Day,SP-20920,Susan Pistek,Consumer,United States,Columbus,Ohio,43229,East,TEC-PH-10004348,Technology,Phones,OtterBox Defender Series Case - iPhone 5c,44.376,2,0.4,-7.396
8526,CA-2017-161172,3/16/2017,3/16/2017,Same Day,SP-20920,Susan Pistek,Consumer,United States,Columbus,Ohio,43229,East,FUR-FU-10003424,Furniture,Furnishings,Nu-Dell Oak Frame,51.264,6,0.2,7.6896
8527,CA-2017-161172,3/16/2017,3/16/2017,Same Day,SP-20920,Susan Pistek,Consumer,United States,Columbus,Ohio,43229,East,OFF-BI-10004654,Office Supplies,Binders,Avery Binding System Hidden Tab Executive Style Index Sets,5.193,3,0.7,-3.462
8528,CA-2017-161172,3/16/2017,3/16/2017,Same Day,SP-20920,Susan Pistek,Consumer,United States,Columbus,Ohio,43229,East,TEC-AC-10004571,Technology,Accessories,Logitech G700s Rechargeable Gaming Mouse,159.984,2,0.2,43.9956
8529,CA-2017-161172,3/16/2017,3/16/2017,Same Day,SP-20920,Susan Pistek,Consumer,United States,Columbus,Ohio,43229,East,OFF-ST-10000675,Office Supplies,Storage,"File Shuttle II and Handi-File, Black",54.224,2,0.2,3.389
8537,CA-2015-157343,6/7/2015,6/11/2015,Standard Class,HD-14785,Harold Dahlen,Home Office,United States,Philadelphia,Pennsylvania,19143,East,OFF-BI-10003707,Office Supplies,Binders,Aluminum Screw Posts,18.312,4,0.7,-12.208
8538,CA-2015-157343,6/7/2015,6/11/2015,Standard Class,HD-14785,Harold Dahlen,Home Office,United States,Philadelphia,Pennsylvania,19143,East,OFF-PA-10000552,Office Supplies,Paper,Xerox 200,25.92,5,0.2,9.072
8539,CA-2015-157343,6/7/2015,6/11/2015,Standard Class,HD-14785,Harold Dahlen,Home Office,United States,Philadelphia,Pennsylvania,19143,East,OFF-AR-10003183,Office Supplies,Art,Avery Fluorescent Highlighter Four-Color Set,8.016,3,0.2,1.002
8542,CA-2015-157287,12/22/2015,12/23/2015,First Class,HR-14830,Harold Ryan,Corporate,United States,Philadelphia,Pennsylvania,19140,East,OFF-ST-10001172,Office Supplies,Storage,"Tennsco Lockers, Sand",33.568,2,0.2,1.6784
8543,CA-2015-157287,12/22/2015,12/23/2015,First Class,HR-14830,Harold Ryan,Corporate,United States,Philadelphia,Pennsylvania,19140,East,FUR-CH-10001270,Furniture,Chairs,Harbour Creations Steel Folding Chair,422.625,7,0.3,0.0
8544,CA-2014-137575,8/6/2014,8/11/2014,Standard Class,TB-21625,Trudy Brown,Consumer,United States,New York City,New York,10035,East,TEC-AC-10004571,Technology,Accessories,Logitech G700s Rechargeable Gaming Mouse,199.98,2,0.0,83.9916
8568,US-2016-136581,11/10/2016,11/12/2016,First Class,SV-20365,Seth Vernon,Consumer,United States,Troy,Ohio,45373,East,OFF-PA-10002787,Office Supplies,Paper,Xerox 227,31.104,6,0.2,10.8864
8569,CA-2016-162390,12/6/2016,12/12/2016,Standard Class,DP-13105,Dave Poirier,Corporate,United States,Hempstead,New York,11550,East,OFF-BI-10004318,Office Supplies,Binders,Ibico EB-19 Dual Function Manual Binding System,968.744,7,0.2,314.8418
8570,CA-2016-162390,12/6/2016,12/12/2016,Standard Class,DP-13105,Dave Poirier,Corporate,United States,Hempstead,New York,11550,East,OFF-BI-10001721,Office Supplies,Binders,Trimflex Flexible Post Binders,222.352,13,0.2,77.8232
8571,CA-2016-162390,12/6/2016,12/12/2016,Standard Class,DP-13105,Dave Poirier,Corporate,United States,Hempstead,New York,11550,East,TEC-CO-10004202,Technology,Copiers,Brother DCP1000 Digital 3 in 1 Multifunction Machine,479.984,2,0.2,89.997
8574,CA-2015-164623,10/20/2015,10/22/2015,First Class,MS-17770,Maxwell Schwartz,Consumer,United States,New York City,New York,10035,East,OFF-PA-10000249,Office Supplies,Paper,Easy-staple paper,24.56,2,0.0,11.5432
8577,CA-2017-106747,7/3/2017,7/4/2017,First Class,TS-21505,Tony Sayre,Consumer,United States,Concord,New Hampshire,3301,East,FUR-FU-10004188,Furniture,Furnishings,Luxo Professional Combination Clamp-On Lamps,102.3,1,0.0,26.598
8586,US-2017-132927,12/9/2017,12/15/2017,Standard Class,RD-19720,Roger Demir,Consumer,United States,Philadelphia,Pennsylvania,19134,East,OFF-BI-10001116,Office Supplies,Binders,"Wilson Jones 1"" Hanging DublLock Ring Binders",11.088,7,0.7,-8.1312
8589,CA-2015-138492,5/15/2015,5/22/2015,Standard Class,FC-14335,Fred Chung,Corporate,United States,Philadelphia,Pennsylvania,19140,East,OFF-ST-10002583,Office Supplies,Storage,Fellowes Neat Ideas Storage Cubes,51.968,2,0.2,-10.3936
8590,CA-2017-145338,1/29/2017,2/1/2017,First Class,BD-11770,Bryan Davis,Consumer,United States,Philadelphia,Pennsylvania,19120,East,OFF-AR-10002053,Office Supplies,Art,"Premium Writing Pencils, Soft, #2 by Central Association for the Blind",4.768,2,0.2,0.4768
8591,CA-2017-126676,9/29/2017,10/1/2017,First Class,FH-14365,Fred Hopkins,Corporate,United States,Hempstead,New York,11550,East,OFF-EN-10004846,Office Supplies,Envelopes,Letter or Legal Size Expandable Poly String Tie Envelopes,7.98,3,0.0,3.9102
8607,CA-2017-162936,8/18/2017,8/22/2017,Standard Class,CM-12160,Charles McCrossin,Consumer,United States,New Bedford,Massachusetts,2740,East,TEC-AC-10003614,Technology,Accessories,"Verbatim 25 GB 6x Blu-ray Single Layer Recordable Disc, 10/Pack",23.18,2,0.0,7.6494
8608,CA-2014-151946,6/4/2014,6/9/2014,Standard Class,BT-11440,Bobby Trafton,Consumer,United States,New York City,New York,10035,East,FUR-FU-10002878,Furniture,Furnishings,"Seth Thomas 14"" Day/Date Wall Clock",56.96,2,0.0,21.0752
8609,CA-2014-151946,6/4/2014,6/9/2014,Standard Class,BT-11440,Bobby Trafton,Consumer,United States,New York City,New York,10035,East,OFF-AP-10001626,Office Supplies,Appliances,"Commercial WindTunnel Clean Air Upright Vacuum, Replacement Belts, Filtration Bags",15.56,4,0.0,4.0456
8610,CA-2014-151946,6/4/2014,6/9/2014,Standard Class,BT-11440,Bobby Trafton,Consumer,United States,New York City,New York,10035,East,FUR-BO-10003272,Furniture,Bookcases,O'Sullivan Living Dimensions 5-Shelf Bookcases,353.568,2,0.2,-44.196
8611,CA-2014-151946,6/4/2014,6/9/2014,Standard Class,BT-11440,Bobby Trafton,Consumer,United States,New York City,New York,10035,East,FUR-FU-10002191,Furniture,Furnishings,G.E. Halogen Desk Lamp Bulbs,13.96,2,0.0,6.7008
8620,CA-2017-132437,9/8/2017,9/13/2017,Second Class,EM-14095,Eudokia Martin,Corporate,United States,New York City,New York,10024,East,OFF-ST-10001031,Office Supplies,Storage,Adjustable Personal File Tote,65.12,4,0.0,16.9312
8627,CA-2015-164084,9/7/2015,9/12/2015,Standard Class,AG-10525,Andy Gerbode,Corporate,United States,New York City,New York,10011,East,OFF-ST-10003638,Office Supplies,Storage,Mobile Personal File Cube,70.26,3,0.0,18.9702
8628,CA-2015-164084,9/7/2015,9/12/2015,Standard Class,AG-10525,Andy Gerbode,Corporate,United States,New York City,New York,10011,East,TEC-AC-10002305,Technology,Accessories,KeyTronic E03601U1 - Keyboard - Beige,90.0,5,0.0,16.2
8629,CA-2015-164084,9/7/2015,9/12/2015,Standard Class,AG-10525,Andy Gerbode,Corporate,United States,New York City,New York,10011,East,OFF-BI-10000605,Office Supplies,Binders,"Acco Pressboard Covers with Storage Hooks, 9 1/2"" x 11"", Executive Red",6.096,2,0.2,2.0574
8630,CA-2015-164084,9/7/2015,9/12/2015,Standard Class,AG-10525,Andy Gerbode,Corporate,United States,New York City,New York,10011,East,FUR-TA-10003569,Furniture,Tables,Bretford CR8500 Series Meeting Room Furniture,481.176,2,0.4,-120.294
8631,CA-2015-164084,9/7/2015,9/12/2015,Standard Class,AG-10525,Andy Gerbode,Corporate,United States,New York City,New York,10011,East,OFF-FA-10003059,Office Supplies,Fasteners,Assorted Color Push Pins,7.24,4,0.0,2.3892
8632,CA-2016-107783,7/28/2016,7/29/2016,First Class,OT-18730,Olvera Toch,Consumer,United States,Bethlehem,Pennsylvania,18018,East,FUR-BO-10004409,Furniture,Bookcases,"Safco Value Mate Series Steel Bookcases, Baked Enamel Finish on Steel, Gray",177.45,5,0.5,-78.078
8633,CA-2016-107783,7/28/2016,7/29/2016,First Class,OT-18730,Olvera Toch,Consumer,United States,Bethlehem,Pennsylvania,18018,East,OFF-BI-10000545,Office Supplies,Binders,GBC Ibimaster 500 Manual ProClick Binding System,1369.764,6,0.7,-913.176
8634,CA-2016-107783,7/28/2016,7/29/2016,First Class,OT-18730,Olvera Toch,Consumer,United States,Bethlehem,Pennsylvania,18018,East,OFF-AP-10004052,Office Supplies,Appliances,"Hoover Replacement Belts For Soft Guard & Commercial Ltweight Upright Vacs, 2/Pk",9.48,3,0.2,0.711
8635,CA-2017-159793,8/25/2017,8/29/2017,Standard Class,SV-20365,Seth Vernon,Consumer,United States,Philadelphia,Pennsylvania,19140,East,FUR-BO-10001798,Furniture,Bookcases,Bush Somerset Collection Bookcase,130.98,2,0.5,-89.0664
8660,CA-2016-153185,9/3/2016,9/8/2016,Standard Class,MH-17620,Matt Hagelstein,Corporate,United States,Cincinnati,Ohio,45231,East,OFF-PA-10002246,Office Supplies,Paper,"Wirebound Four 2-3/4 x 5 Forms per Page, 400 Sets per Book",30.96,6,0.2,11.223
8667,CA-2016-163951,12/30/2016,1/2/2017,First Class,CJ-11875,Carl Jackson,Corporate,United States,Philadelphia,Pennsylvania,19140,East,OFF-AR-10004269,Office Supplies,Art,Newell 31,16.52,5,0.2,1.652
8671,US-2014-159611,12/27/2014,1/1/2015,Second Class,KB-16315,Karl Braun,Consumer,United States,Cleveland,Ohio,44105,East,FUR-FU-10004904,Furniture,Furnishings,"Eldon ""L"" Workstation Diamond Chairmat",182.352,3,0.2,-18.2352
8672,US-2014-159611,12/27/2014,1/1/2015,Second Class,KB-16315,Karl Braun,Consumer,United States,Cleveland,Ohio,44105,East,OFF-ST-10002790,Office Supplies,Storage,Safco Industrial Shelving,118.16,2,0.2,-25.109
8686,CA-2017-137323,11/14/2017,11/18/2017,Second Class,PW-19030,Pauline Webber,Corporate,United States,Watertown,New York,13601,East,OFF-ST-10003996,Office Supplies,Storage,"Letter/Legal File Tote with Clear Snap-On Lid, Black Granite",96.36,6,0.0,25.0536
8690,CA-2014-101427,12/26/2014,12/30/2014,Standard Class,AY-10555,Andy Yotov,Corporate,United States,Philadelphia,Pennsylvania,19140,East,OFF-AR-10002257,Office Supplies,Art,"Eldon Spacemaker Box, Quick-Snap Lid, Clear",8.016,3,0.2,1.1022
8691,CA-2016-136770,8/14/2016,8/18/2016,Standard Class,SP-20650,Stephanie Phelps,Corporate,United States,Akron,Ohio,44312,East,TEC-PH-10003580,Technology,Phones,Cisco IP Phone 7961G-GE VoIP phone,259.896,2,0.4,-56.3108
8692,CA-2016-136770,8/14/2016,8/18/2016,Standard Class,SP-20650,Stephanie Phelps,Corporate,United States,Akron,Ohio,44312,East,TEC-PH-10001530,Technology,Phones,Plantronics Voyager Pro Legend,247.188,2,0.4,-49.4376
8693,CA-2016-136770,8/14/2016,8/18/2016,Standard Class,SP-20650,Stephanie Phelps,Corporate,United States,Akron,Ohio,44312,East,TEC-AC-10000420,Technology,Accessories,Logitech G500s Laser Gaming Mouse with Adjustable Weight Tuning,279.96,5,0.2,48.993
8704,CA-2015-133494,3/1/2015,3/5/2015,Standard Class,RP-19390,Resi Pölking,Consumer,United States,Philadelphia,Pennsylvania,19120,East,OFF-AP-10002906,Office Supplies,Appliances,Hoover Replacement Belt for Commercial Guardsman Heavy-Duty Upright Vacuum,3.552,2,0.2,0.444
8707,CA-2014-146815,9/8/2014,9/13/2014,Standard Class,PP-18955,Paul Prost,Home Office,United States,New York City,New York,10009,East,FUR-CH-10004289,Furniture,Chairs,Global Super Steno Chair,172.764,2,0.1,13.4372
8708,CA-2014-146815,9/8/2014,9/13/2014,Standard Class,PP-18955,Paul Prost,Home Office,United States,New York City,New York,10009,East,OFF-AR-10003469,Office Supplies,Art,Nontoxic Chalk,3.52,2,0.0,1.6896
8716,CA-2017-121678,11/16/2017,11/20/2017,Second Class,BM-11650,Brian Moss,Corporate,United States,Elyria,Ohio,44035,East,OFF-BI-10002949,Office Supplies,Binders,Prestige Round Ring Binders,1.824,1,0.7,-1.3984
8736,US-2014-169390,2/7/2014,2/10/2014,Second Class,CS-12250,Chris Selesnick,Corporate,United States,New York City,New York,10024,East,OFF-ST-10001558,Office Supplies,Storage,Acco Perma 4000 Stacking Storage Drawers,64.96,4,0.0,9.744
8739,US-2017-131961,12/8/2017,12/11/2017,First Class,MJ-17740,Max Jones,Consumer,United States,Philadelphia,Pennsylvania,19140,East,OFF-AR-10004441,Office Supplies,Art,BIC Brite Liner Highlighters,13.248,4,0.2,3.6432
8740,US-2017-131961,12/8/2017,12/11/2017,First Class,MJ-17740,Max Jones,Consumer,United States,Philadelphia,Pennsylvania,19140,East,TEC-PH-10001924,Technology,Phones,iHome FM Clock Radio with Lightning Dock,83.988,2,0.4,-20.997
8745,CA-2015-162376,11/22/2015,11/25/2015,Second Class,HD-14785,Harold Dahlen,Home Office,United States,Cambridge,Massachusetts,2138,East,OFF-AR-10003056,Office Supplies,Art,Newell 341,17.12,4,0.0,4.9648
8746,CA-2015-162376,11/22/2015,11/25/2015,Second Class,HD-14785,Harold Dahlen,Home Office,United States,Cambridge,Massachusetts,2138,East,OFF-PA-10000300,Office Supplies,Paper,Xerox 1936,59.94,3,0.0,28.1718
8750,US-2015-163825,6/16/2015,6/19/2015,First Class,LC-16885,Lena Creighton,Consumer,United States,New York City,New York,10009,East,OFF-BI-10003527,Office Supplies,Binders,Fellowes PB500 Electric Punch Plastic Comb Binding Machine with Manual Bind,3050.376,3,0.2,1143.891
8751,US-2015-163825,6/16/2015,6/19/2015,First Class,LC-16885,Lena Creighton,Consumer,United States,New York City,New York,10009,East,TEC-PH-10004922,Technology,Phones,RCA Visys Integrated PBX 8-Line Router,133.98,2,0.0,33.495
8754,CA-2017-152198,9/9/2017,9/10/2017,First Class,JD-16015,Joy Daniels,Consumer,United States,Toledo,Ohio,43615,East,OFF-LA-10000443,Office Supplies,Labels,Avery 501,17.712,6,0.2,5.9778
8755,CA-2017-152198,9/9/2017,9/10/2017,First Class,JD-16015,Joy Daniels,Consumer,United States,Toledo,Ohio,43615,East,OFF-BI-10003669,Office Supplies,Binders,3M Organizer Strips,4.86,3,0.7,-3.564
8756,CA-2017-152198,9/9/2017,9/10/2017,First Class,JD-16015,Joy Daniels,Consumer,United States,Toledo,Ohio,43615,East,OFF-BI-10001628,Office Supplies,Binders,"Acco Data Flex Cable Posts For Top & Bottom Load Binders, 6"" Capacity",6.258,2,0.7,-5.215
8757,CA-2016-114307,7/22/2016,7/26/2016,Standard Class,MF-17665,Maureen Fritzler,Corporate,United States,Columbia,Maryland,21044,East,OFF-AP-10002350,Office Supplies,Appliances,Belkin F9H710-06 7 Outlet SurgeMaster Surge Protector,37.68,2,0.0,10.5504
8758,CA-2016-114307,7/22/2016,7/26/2016,Standard Class,MF-17665,Maureen Fritzler,Corporate,United States,Columbia,Maryland,21044,East,OFF-PA-10004100,Office Supplies,Paper,Xerox 216,51.84,8,0.0,24.8832
8759,CA-2016-114307,7/22/2016,7/26/2016,Standard Class,MF-17665,Maureen Fritzler,Corporate,United States,Columbia,Maryland,21044,East,FUR-FU-10000794,Furniture,Furnishings,"Eldon Stackable Tray, Side-Load, Legal, Smoke",27.42,3,0.0,9.3228
8760,CA-2016-114307,7/22/2016,7/26/2016,Standard Class,MF-17665,Maureen Fritzler,Corporate,United States,Columbia,Maryland,21044,East,OFF-BI-10002012,Office Supplies,Binders,Wilson Jones Easy Flow II Sheet Lifters,5.4,3,0.0,2.592
8769,CA-2015-151722,10/5/2015,10/9/2015,Standard Class,IL-15100,Ivan Liston,Consumer,United States,Columbus,Ohio,43229,East,TEC-AC-10000892,Technology,Accessories,NETGEAR N750 Dual Band Wi-Fi Gigabit Router,288.0,4,0.2,57.6
8774,CA-2015-132276,2/23/2015,2/28/2015,Standard Class,LC-16960,Lindsay Castell,Home Office,United States,New York City,New York,10024,East,OFF-AP-10000804,Office Supplies,Appliances,Hoover Portapower Portable Vacuum,26.88,6,0.0,6.72
8775,CA-2015-132276,2/23/2015,2/28/2015,Standard Class,LC-16960,Lindsay Castell,Home Office,United States,New York City,New York,10024,East,OFF-BI-10002982,Office Supplies,Binders,Avery Self-Adhesive Photo Pockets for Polaroid Photos,10.896,2,0.2,3.8136
8779,CA-2017-135377,12/13/2017,12/18/2017,Standard Class,BP-11095,Bart Pistole,Corporate,United States,New York City,New York,10024,East,FUR-BO-10004015,Furniture,Bookcases,"Bush Andora Bookcase, Maple/Graphite Gray Finish",287.976,3,0.2,7.1994
8799,US-2016-150140,4/6/2016,4/10/2016,Standard Class,VM-21685,Valerie Mitchum,Home Office,United States,Burlington,Vermont,5408,East,TEC-PH-10002555,Technology,Phones,Nortel Meridian M5316 Digital phone,1294.75,5,0.0,336.635
8800,CA-2014-116666,5/8/2014,5/10/2014,First Class,KT-16480,Kean Thornton,Consumer,United States,Philadelphia,Pennsylvania,19134,East,TEC-CO-10001449,Technology,Copiers,Hewlett Packard LaserJet 3310 Copier,1799.97,5,0.4,239.996
8804,CA-2014-157644,12/31/2014,1/1/2015,First Class,AH-10030,Aaron Hawkins,Corporate,United States,New York City,New York,10035,East,TEC-AC-10003614,Technology,Accessories,"Verbatim 25 GB 6x Blu-ray Single Layer Recordable Disc, 10/Pack",34.77,3,0.0,11.4741
8805,CA-2014-157644,12/31/2014,1/1/2015,First Class,AH-10030,Aaron Hawkins,Corporate,United States,New York City,New York,10035,East,OFF-LA-10003148,Office Supplies,Labels,Avery 51,18.9,3,0.0,8.694
8807,CA-2016-113082,9/12/2016,9/16/2016,Standard Class,MC-17590,Matt Collister,Corporate,United States,Utica,New York,13501,East,FUR-FU-10002813,Furniture,Furnishings,"DAX Contemporary Wood Frame with Silver Metal Mat, Desktop, 11 x 14 Size",40.48,2,0.0,14.5728
8808,US-2017-110646,10/26/2017,10/31/2017,Standard Class,JF-15190,Jamie Frazer,Consumer,United States,Philadelphia,Pennsylvania,19134,East,OFF-BI-10004330,Office Supplies,Binders,"GBC Velobind Prepunched Cover Sets, Regency Series",33.282,3,0.7,-27.735
8809,US-2017-110646,10/26/2017,10/31/2017,Standard Class,JF-15190,Jamie Frazer,Consumer,United States,Philadelphia,Pennsylvania,19134,East,TEC-PH-10002807,Technology,Phones,Motorla HX550 Universal Bluetooth Headset,118.65,5,0.4,19.775
8810,US-2017-110646,10/26/2017,10/31/2017,Standard Class,JF-15190,Jamie Frazer,Consumer,United States,Philadelphia,Pennsylvania,19134,East,OFF-LA-10001404,Office Supplies,Labels,Avery 517,14.76,5,0.2,4.9815
8815,CA-2015-144274,11/23/2015,11/25/2015,Second Class,PW-19240,Pierre Wener,Consumer,United States,Wilmington,Delaware,19805,East,TEC-PH-10003012,Technology,Phones,Nortel Meridian M3904 Professional Digital phone,307.98,2,0.0,89.3142
8816,CA-2015-144274,11/23/2015,11/25/2015,Second Class,PW-19240,Pierre Wener,Consumer,United States,Wilmington,Delaware,19805,East,OFF-PA-10001583,Office Supplies,Paper,"1/4 Fold Party Design Invitations & White Envelopes, 24 8-1/2"" X 11"" Cards, 25 Env./Pack",44.1,6,0.0,20.727
8817,CA-2015-144274,11/23/2015,11/25/2015,Second Class,PW-19240,Pierre Wener,Consumer,United States,Wilmington,Delaware,19805,East,OFF-AR-10001940,Office Supplies,Art,"Sanford Colorific Eraseable Coloring Pencils, 12 Count",13.12,4,0.0,5.6416
8818,CA-2015-144274,11/23/2015,11/25/2015,Second Class,PW-19240,Pierre Wener,Consumer,United States,Wilmington,Delaware,19805,East,OFF-EN-10003286,Office Supplies,Envelopes,Staple envelope,16.56,2,0.0,7.7832
8819,CA-2015-144274,11/23/2015,11/25/2015,Second Class,PW-19240,Pierre Wener,Consumer,United States,Wilmington,Delaware,19805,East,OFF-PA-10003441,Office Supplies,Paper,Xerox 226,38.88,6,0.0,18.6624
8825,CA-2017-117156,3/21/2017,3/23/2017,Second Class,TB-21055,Ted Butterfield,Consumer,United States,Reading,Pennsylvania,19601,East,OFF-EN-10003845,Office Supplies,Envelopes,Colored Envelopes,8.856,3,0.2,2.8782
8826,CA-2015-115399,12/19/2015,12/22/2015,First Class,AG-10900,Arthur Gainer,Consumer,United States,Philadelphia,Pennsylvania,19134,East,OFF-LA-10003190,Office Supplies,Labels,Avery 474,6.912,3,0.2,2.5056
8833,CA-2015-153423,6/22/2015,6/27/2015,Standard Class,SW-20455,Shaun Weien,Consumer,United States,Rochester,New York,14609,East,OFF-BI-10000545,Office Supplies,Binders,GBC Ibimaster 500 Manual ProClick Binding System,1217.568,2,0.2,456.588
8845,CA-2017-156664,12/18/2017,12/23/2017,Standard Class,BP-11290,Beth Paige,Consumer,United States,Columbus,Ohio,43229,East,OFF-BI-10004209,Office Supplies,Binders,"Fellowes Twister Kit, Gray/Clear, 3/pkg",7.236,3,0.7,-6.03
8846,CA-2017-156664,12/18/2017,12/23/2017,Standard Class,BP-11290,Beth Paige,Consumer,United States,Columbus,Ohio,43229,East,OFF-FA-10002988,Office Supplies,Fasteners,Ideal Clamps,4.824,3,0.2,1.7487
8847,CA-2017-156664,12/18/2017,12/23/2017,Standard Class,BP-11290,Beth Paige,Consumer,United States,Columbus,Ohio,43229,East,OFF-PA-10002222,Office Supplies,Paper,"Xerox Color Copier Paper, 11"" x 17"", Ream",91.36,5,0.2,29.692
8848,CA-2017-156664,12/18/2017,12/23/2017,Standard Class,BP-11290,Beth Paige,Consumer,United States,Columbus,Ohio,43229,East,OFF-AP-10004487,Office Supplies,Appliances,Kensington 4 Outlet MasterPiece Compact Power Control Center,130.112,2,0.2,13.0112
8853,CA-2014-119977,10/8/2014,10/13/2014,Second Class,DN-13690,Duane Noonan,Consumer,United States,New York City,New York,10011,East,OFF-PA-10003823,Office Supplies,Paper,Xerox 197,123.92,4,0.0,55.764
8854,US-2015-115343,9/22/2015,9/25/2015,First Class,FO-14305,Frank Olsen,Consumer,United States,Philadelphia,Pennsylvania,19143,East,OFF-SU-10000898,Office Supplies,Supplies,"Acme Hot Forged Carbon Steel Scissors with Nickel-Plated Handles, 3 7/8"" Cut, 8""L",55.6,5,0.2,6.255
8855,US-2015-115343,9/22/2015,9/25/2015,First Class,FO-14305,Frank Olsen,Consumer,United States,Philadelphia,Pennsylvania,19143,East,TEC-AC-10003832,Technology,Accessories,Logitech P710e Mobile Speakerphone,617.976,3,0.2,-7.7247
8861,CA-2015-125934,9/11/2015,9/18/2015,Standard Class,SN-20560,Skye Norling,Home Office,United States,Paterson,New Jersey,7501,East,OFF-LA-10000414,Office Supplies,Labels,Avery 503,31.05,3,0.0,14.904
8862,CA-2015-125934,9/11/2015,9/18/2015,Standard Class,SN-20560,Skye Norling,Home Office,United States,Paterson,New Jersey,7501,East,FUR-FU-10002107,Furniture,Furnishings,Eldon Pizzaz Desk Accessories,8.92,4,0.0,3.9248
8863,CA-2015-125934,9/11/2015,9/18/2015,Standard Class,SN-20560,Skye Norling,Home Office,United States,Paterson,New Jersey,7501,East,OFF-BI-10004593,Office Supplies,Binders,Ibico Laser Imprintable Binding System Covers,209.6,4,0.0,96.416
8864,CA-2015-125934,9/11/2015,9/18/2015,Standard Class,SN-20560,Skye Norling,Home Office,United States,Paterson,New Jersey,7501,East,OFF-AP-10003860,Office Supplies,Appliances,Fellowes Advanced 8 Outlet Surge Suppressor with Phone/Fax Protection,111.04,4,0.0,29.9808
8865,CA-2015-125934,9/11/2015,9/18/2015,Standard Class,SN-20560,Skye Norling,Home Office,United States,Paterson,New Jersey,7501,East,OFF-PA-10000556,Office Supplies,Paper,Xerox 208,38.88,6,0.0,18.6624
8873,US-2014-105137,10/10/2014,10/10/2014,Same Day,RB-19435,Richard Bierner,Consumer,United States,Columbus,Ohio,43229,East,TEC-MA-10002694,Technology,Machines,Hewlett-Packard Deskjet F4180 All-in-One Color Ink-jet - Printer / copier / scanner,101.994,2,0.7,-71.3958
8874,US-2014-105137,10/10/2014,10/10/2014,Same Day,RB-19435,Richard Bierner,Consumer,United States,Columbus,Ohio,43229,East,OFF-BI-10002429,Office Supplies,Binders,"Premier Elliptical Ring Binder, Black",18.264,2,0.7,-13.3936
8878,CA-2017-126928,9/17/2017,9/23/2017,Standard Class,GZ-14470,Gary Zandusky,Consumer,United States,Morristown,New Jersey,7960,East,TEC-MA-10004626,Technology,Machines,Lexmark 20R1285 X6650 Wireless All-in-One Printer,480.0,4,0.0,225.6
8879,CA-2017-126928,9/17/2017,9/23/2017,Standard Class,GZ-14470,Gary Zandusky,Consumer,United States,Morristown,New Jersey,7960,East,OFF-ST-10000615,Office Supplies,Storage,"SimpliFile Personal File, Black Granite, 15w x 6-15/16d x 11-1/4h",34.05,3,0.0,9.534
8885,CA-2014-107398,8/25/2014,8/30/2014,Standard Class,BS-11590,Brendan Sweed,Corporate,United States,Columbus,Ohio,43229,East,OFF-BI-10001982,Office Supplies,Binders,Wilson Jones Custom Binder Spines & Labels,6.528,4,0.7,-4.5696
8886,CA-2014-107398,8/25/2014,8/30/2014,Standard Class,BS-11590,Brendan Sweed,Corporate,United States,Columbus,Ohio,43229,East,OFF-BI-10004141,Office Supplies,Binders,Insertable Tab Indexes For Data Binders,2.862,3,0.7,-2.2896
8887,CA-2014-107398,8/25/2014,8/30/2014,Standard Class,BS-11590,Brendan Sweed,Corporate,United States,Columbus,Ohio,43229,East,OFF-BI-10002103,Office Supplies,Binders,"Cardinal Slant-D Ring Binder, Heavy Gauge Vinyl",20.856,8,0.7,-16.6848
8905,US-2016-126431,7/1/2016,7/1/2016,Same Day,SU-20665,Stephanie Ulpright,Home Office,United States,New York City,New York,10009,East,OFF-LA-10001474,Office Supplies,Labels,Avery 477,30.53,1,0.0,14.0438
8906,US-2016-126431,7/1/2016,7/1/2016,Same Day,SU-20665,Stephanie Ulpright,Home Office,United States,New York City,New York,10009,East,TEC-AC-10001635,Technology,Accessories,KeyTronic KT400U2 - Keyboard - Black,30.84,3,0.0,6.168
8907,US-2016-126431,7/1/2016,7/1/2016,Same Day,SU-20665,Stephanie Ulpright,Home Office,United States,New York City,New York,10009,East,OFF-PA-10001950,Office Supplies,Paper,Southworth 25% Cotton Antique Laid Paper & Envelopes,75.06,9,0.0,33.777
8910,CA-2017-160661,10/28/2017,11/1/2017,Standard Class,SA-20830,Sue Ann Reed,Consumer,United States,Everett,Massachusetts,2149,East,OFF-LA-10002475,Office Supplies,Labels,Avery 519,21.93,3,0.0,10.3071
8921,CA-2014-132983,4/28/2014,5/3/2014,Standard Class,DS-13180,David Smith,Corporate,United States,Jamestown,New York,14701,East,TEC-AC-10000736,Technology,Accessories,Logitech G600 MMO Gaming Mouse,159.98,2,0.0,57.5928
8935,CA-2017-130036,8/27/2017,8/27/2017,Same Day,BP-11185,Ben Peterman,Corporate,United States,Philadelphia,Pennsylvania,19120,East,OFF-PA-10000528,Office Supplies,Paper,Xerox 1981,12.672,3,0.2,3.96
8936,CA-2017-130036,8/27/2017,8/27/2017,Same Day,BP-11185,Ben Peterman,Corporate,United States,Philadelphia,Pennsylvania,19120,East,TEC-AC-10001908,Technology,Accessories,Logitech Wireless Headset h800,1119.888,14,0.2,209.979
8947,CA-2017-148355,12/24/2017,12/28/2017,Standard Class,NC-18535,Nick Crebassa,Corporate,United States,New Bedford,Massachusetts,2740,East,OFF-PA-10001972,Office Supplies,Paper,Xerox 214,19.44,3,0.0,9.3312
8948,CA-2017-148355,12/24/2017,12/28/2017,Standard Class,NC-18535,Nick Crebassa,Corporate,United States,New Bedford,Massachusetts,2740,East,OFF-BI-10000201,Office Supplies,Binders,"Avery Triangle Shaped Sheet Lifters, Black, 2/Pack",12.3,5,0.0,6.15
8967,CA-2016-134180,11/3/2016,11/7/2016,Standard Class,JP-16135,Julie Prescott,Home Office,United States,Philadelphia,Pennsylvania,19120,East,TEC-AC-10000892,Technology,Accessories,NETGEAR N750 Dual Band Wi-Fi Gigabit Router,72.0,1,0.2,14.4
8968,CA-2016-134180,11/3/2016,11/7/2016,Standard Class,JP-16135,Julie Prescott,Home Office,United States,Philadelphia,Pennsylvania,19120,East,FUR-CH-10004886,Furniture,Chairs,Bevis Steel Folding Chairs,470.155,7,0.3,-13.433
8970,CA-2017-157469,12/2/2017,12/7/2017,Standard Class,ES-14080,Erin Smith,Corporate,United States,Lakewood,Ohio,44107,East,OFF-AR-10001662,Office Supplies,Art,Rogers Handheld Barrel Pencil Sharpener,19.728,9,0.2,1.7262
8971,CA-2017-157469,12/2/2017,12/7/2017,Standard Class,ES-14080,Erin Smith,Corporate,United States,Lakewood,Ohio,44107,East,TEC-PH-10004531,Technology,Phones,AT&T CL2909,151.188,2,0.4,-25.198
8972,CA-2017-122308,3/24/2017,3/28/2017,Standard Class,MV-17485,Mark Van Huff,Consumer,United States,New York City,New York,10011,East,FUR-CH-10000665,Furniture,Chairs,"Global Airflow Leather Mesh Back Chair, Black",271.764,2,0.1,60.392
8973,US-2014-149034,11/19/2014,11/21/2014,First Class,RD-19900,Ruben Dartt,Consumer,United States,Philadelphia,Pennsylvania,19120,East,TEC-AC-10003023,Technology,Accessories,Logitech G105 Gaming Keyboard,47.496,1,0.2,-1.1874
8979,CA-2014-119529,11/3/2014,11/5/2014,Second Class,DM-13345,Denise Monton,Corporate,United States,Orange,New Jersey,7050,East,OFF-BI-10000546,Office Supplies,Binders,Avery Durable Binders,5.76,2,0.0,2.8224
9000,CA-2017-137785,5/13/2017,5/17/2017,Standard Class,MH-18115,Mick Hernandez,Home Office,United States,Philadelphia,Pennsylvania,19140,East,FUR-CH-10001482,Furniture,Chairs,Office Star - Mesh Screen back chair with Vinyl seat,458.43,5,0.3,-124.431
9010,CA-2017-106047,7/12/2017,7/18/2017,Standard Class,CS-11860,Cari Schnelling,Consumer,United States,Fairfield,Ohio,45014,East,OFF-PA-10000791,Office Supplies,Paper,"Wirebound Message Books, Four 2 3/4 x 5 Forms per Page, 200 Sets per Book",3.816,1,0.2,1.1925
9013,CA-2016-121447,2/21/2016,2/22/2016,First Class,EA-14035,Erin Ashbrook,Corporate,United States,New York City,New York,10011,East,FUR-FU-10001861,Furniture,Furnishings,"Floodlight Indoor Halogen Bulbs, 1 Bulb per Pack, 60 Watts",135.8,7,0.0,66.542
9022,CA-2015-129525,11/15/2015,11/20/2015,Standard Class,VP-21760,Victoria Pisteka,Corporate,United States,Toledo,Ohio,43615,East,OFF-BI-10002133,Office Supplies,Binders,"Wilson Jones Elliptical Ring 3 1/2"" Capacity Binders, 800 sheets",166.92,13,0.7,-116.844
9024,CA-2015-165799,6/29/2015,7/2/2015,First Class,SG-20470,Sheri Gordon,Consumer,United States,New York City,New York,10024,East,FUR-CH-10001482,Furniture,Chairs,Office Star - Mesh Screen back chair with Vinyl seat,117.882,1,0.1,1.3098
9025,CA-2016-102127,6/26/2016,7/2/2016,Standard Class,VP-21760,Victoria Pisteka,Corporate,United States,New York City,New York,10035,East,TEC-AC-10002018,Technology,Accessories,AmazonBasics 3-Button USB Wired Mouse,20.97,3,0.0,9.0171
9026,CA-2016-102127,6/26/2016,7/2/2016,Standard Class,VP-21760,Victoria Pisteka,Corporate,United States,New York City,New York,10035,East,TEC-AC-10000397,Technology,Accessories,"Perixx PERIBOARD-512B, Ergonomic Split Keyboard",139.96,4,0.0,9.7972
9027,CA-2016-102127,6/26/2016,7/2/2016,Standard Class,VP-21760,Victoria Pisteka,Corporate,United States,New York City,New York,10035,East,FUR-FU-10003976,Furniture,Furnishings,"DAX Executive Solid Wood Document Frame, Desktop or Hang, Mahogany, 5 x 7",37.74,3,0.0,12.8316
9028,US-2016-152415,9/17/2016,9/22/2016,Standard Class,PO-18865,Patrick O'Donnell,Consumer,United States,Marlborough,Massachusetts,1752,East,FUR-FU-10002597,Furniture,Furnishings,"C-Line Magnetic Cubicle Keepers, Clear Polypropylene",14.82,3,0.0,6.2244
9029,US-2016-152415,9/17/2016,9/22/2016,Standard Class,PO-18865,Patrick O'Donnell,Consumer,United States,Marlborough,Massachusetts,1752,East,FUR-FU-10004864,Furniture,Furnishings,"Howard Miller 14-1/2"" Diameter Chrome Round Wall Clock",191.82,3,0.0,61.3824
9030,CA-2014-138198,7/18/2014,7/23/2014,Standard Class,JL-15130,Jack Lebron,Consumer,United States,New Rochelle,New York,10801,East,OFF-BI-10002103,Office Supplies,Binders,"Cardinal Slant-D Ring Binder, Heavy Gauge Vinyl",13.904,2,0.2,4.5188
9037,CA-2015-166492,4/7/2015,4/10/2015,First Class,RP-19390,Resi Pölking,Consumer,United States,New York City,New York,10035,East,OFF-PA-10002262,Office Supplies,Paper,Xerox 192,25.92,4,0.0,12.4416
9038,CA-2015-166492,4/7/2015,4/10/2015,First Class,RP-19390,Resi Pölking,Consumer,United States,New York City,New York,10035,East,OFF-ST-10002214,Office Supplies,Storage,X-Rack File for Hanging Folders,22.58,2,0.0,5.8708
9050,CA-2014-124513,9/21/2014,9/25/2014,Standard Class,SL-20155,Sara Luxemburg,Home Office,United States,New York City,New York,10011,East,OFF-AR-10002956,Office Supplies,Art,Boston 16801 Nautilus Battery Pencil Sharpener,66.03,3,0.0,17.1678
9057,CA-2015-160227,11/2/2015,11/4/2015,First Class,ED-13885,Emily Ducich,Home Office,United States,New York City,New York,10011,East,FUR-CH-10002073,Furniture,Chairs,Hon Olson Stacker Chairs,2621.322,11,0.1,553.3902
9063,CA-2016-101623,2/28/2016,3/6/2016,Standard Class,RR-19525,Rick Reed,Corporate,United States,New York City,New York,10035,East,OFF-FA-10003495,Office Supplies,Fasteners,Staples,36.48,6,0.0,18.24
9068,CA-2016-150077,2/4/2016,2/10/2016,Standard Class,MS-17365,Maribeth Schnelling,Consumer,United States,Rockville,Maryland,20852,East,TEC-PH-10002890,Technology,Phones,AT&T 17929 Lendline Telephone,90.48,2,0.0,23.5248
9071,CA-2017-147550,12/4/2017,12/5/2017,First Class,KE-16420,Katrina Edelman,Corporate,United States,Philadelphia,Pennsylvania,19134,East,FUR-FU-10001918,Furniture,Furnishings,C-Line Cubicle Keepers Polyproplyene Holder With Velcro Backings,11.352,3,0.2,2.6961
9076,US-2015-136259,11/5/2015,11/8/2015,First Class,CB-12415,Christy Brittain,Consumer,United States,Lakewood,Ohio,44107,East,OFF-BI-10000773,Office Supplies,Binders,Insertable Tab Post Binder Dividers,7.218,3,0.7,-5.5338
9077,US-2015-136259,11/5/2015,11/8/2015,First Class,CB-12415,Christy Brittain,Consumer,United States,Lakewood,Ohio,44107,East,OFF-SU-10004661,Office Supplies,Supplies,Acme Titanium Bonded Scissors,27.2,4,0.2,2.04
9090,CA-2016-131093,9/17/2016,9/20/2016,Second Class,TS-21610,Troy Staebel,Consumer,United States,Springfield,Ohio,45503,East,OFF-ST-10002790,Office Supplies,Storage,Safco Industrial Shelving,295.4,5,0.2,-62.7725
9092,CA-2015-162950,6/28/2015,7/3/2015,Second Class,DW-13585,Dorothy Wardle,Corporate,United States,Troy,Ohio,45373,East,OFF-PA-10003177,Office Supplies,Paper,Xerox 1999,15.552,3,0.2,5.4432
9093,CA-2015-162950,6/28/2015,7/3/2015,Second Class,DW-13585,Dorothy Wardle,Corporate,United States,Troy,Ohio,45373,East,FUR-BO-10001918,Furniture,Bookcases,"Sauder Forest Hills Library with Doors, Woodland Oak Finish",482.94,6,0.5,-376.6932
9116,CA-2017-153045,1/19/2017,1/24/2017,Second Class,NS-18505,Neola Schneider,Consumer,United States,Philadelphia,Pennsylvania,19140,East,TEC-PH-10001817,Technology,Phones,Wilson Electronics DB Pro Signal Booster,429.6,2,0.4,-93.08
9117,CA-2017-153045,1/19/2017,1/24/2017,Second Class,NS-18505,Neola Schneider,Consumer,United States,Philadelphia,Pennsylvania,19140,East,FUR-FU-10002759,Furniture,Furnishings,12-1/2 Diameter Round Wall Clock,31.968,2,0.2,6.3936
9118,CA-2017-153045,1/19/2017,1/24/2017,Second Class,NS-18505,Neola Schneider,Consumer,United States,Philadelphia,Pennsylvania,19140,East,FUR-CH-10000309,Furniture,Chairs,Global Comet Stacking Arm Chair,887.271,3,0.3,-63.3765
9119,CA-2017-153045,1/19/2017,1/24/2017,Second Class,NS-18505,Neola Schneider,Consumer,United States,Philadelphia,Pennsylvania,19140,East,OFF-PA-10003673,Office Supplies,Paper,Strathmore Photo Mount Cards,21.696,4,0.2,7.0512
9124,US-2016-158288,11/26/2016,11/28/2016,Second Class,EH-13945,Eric Hoffmann,Consumer,United States,Philadelphia,Pennsylvania,19120,East,OFF-BI-10003364,Office Supplies,Binders,Binding Machine Supplies,78.759,9,0.7,-57.7566
9130,CA-2016-130911,3/24/2016,3/26/2016,Second Class,DC-12850,Dan Campbell,Consumer,United States,Cleveland,Ohio,44105,East,FUR-BO-10004357,Furniture,Bookcases,O'Sullivan Living Dimensions 3-Shelf Bookcases,301.47,3,0.5,-241.176
9131,CA-2016-130911,3/24/2016,3/26/2016,Second Class,DC-12850,Dan Campbell,Consumer,United States,Cleveland,Ohio,44105,East,OFF-AR-10000475,Office Supplies,Art,"Hunt BOSTON Vista Battery-Operated Pencil Sharpener, Black",18.656,2,0.2,1.6324
9132,CA-2017-100055,5/28/2017,6/1/2017,Standard Class,MD-17860,Michael Dominguez,Corporate,United States,Laurel,Maryland,20707,East,FUR-FU-10001473,Furniture,Furnishings,DAX Wood Document Frame,27.46,2,0.0,9.8856
9133,CA-2017-100055,5/28/2017,6/1/2017,Standard Class,MD-17860,Michael Dominguez,Corporate,United States,Laurel,Maryland,20707,East,OFF-AP-10001469,Office Supplies,Appliances,Fellowes 8 Outlet Superior Workstation Surge Protector,125.13,3,0.0,36.2877
9142,CA-2016-139409,9/5/2016,9/7/2016,First Class,FW-14395,Fred Wasserman,Corporate,United States,New York City,New York,10011,East,TEC-PH-10003988,Technology,Phones,"LF Elite 3D Dazzle Designer Hard Case Cover, Lf Stylus Pen and Wiper For Apple Iphone 5c Mini Lite",43.6,4,0.0,12.208
9147,US-2016-165505,1/23/2016,1/27/2016,Standard Class,CB-12535,Claudia Bergmann,Corporate,United States,Burlington,Vermont,5408,East,TEC-AC-10002926,Technology,Accessories,Logitech Wireless Marathon Mouse M705,99.98,2,0.0,42.9914
9148,US-2016-165505,1/23/2016,1/27/2016,Standard Class,CB-12535,Claudia Bergmann,Corporate,United States,Burlington,Vermont,5408,East,OFF-AR-10003477,Office Supplies,Art,4009 Highlighters,8.04,6,0.0,2.7336
9149,US-2016-165505,1/23/2016,1/27/2016,Standard Class,CB-12535,Claudia Bergmann,Corporate,United States,Burlington,Vermont,5408,East,OFF-ST-10001526,Office Supplies,Storage,Iceberg Mobile Mega Data/Printer Cart ,1564.29,13,0.0,406.7154
9155,CA-2016-132990,8/1/2016,8/3/2016,Second Class,KM-16660,Khloe Miller,Consumer,United States,Philadelphia,Pennsylvania,19140,East,FUR-FU-10004864,Furniture,Furnishings,Eldon 500 Class Desk Accessories,19.312,2,0.2,3.1382
9157,CA-2014-134215,8/4/2014,8/8/2014,Standard Class,ML-17395,Marina Lichtenstein,Corporate,United States,Bangor,Maine,4401,East,OFF-AP-10001271,Office Supplies,Appliances,Eureka The Boss Cordless Rechargeable Stick Vac,101.96,2,0.0,27.5292
9158,CA-2014-134215,8/4/2014,8/8/2014,Standard Class,ML-17395,Marina Lichtenstein,Corporate,United States,Bangor,Maine,4401,East,OFF-PA-10004353,Office Supplies,Paper,Southworth 25% Cotton Premium Laser Paper and Envelopes,259.74,13,0.0,124.6752
9159,CA-2014-134215,8/4/2014,8/8/2014,Standard Class,ML-17395,Marina Lichtenstein,Corporate,United States,Bangor,Maine,4401,East,TEC-AC-10002473,Technology,Accessories,Maxell 4.7GB DVD-R,255.42,9,0.0,104.7222
9178,CA-2016-166618,11/14/2016,11/18/2016,Standard Class,DP-13000,Darren Powers,Consumer,United States,New York City,New York,10035,East,TEC-PH-10003356,Technology,Phones,"SmartStand Mobile Device Holder, Assorted Colors",13.98,2,0.0,3.9144
9179,CA-2016-166618,11/14/2016,11/18/2016,Standard Class,DP-13000,Darren Powers,Consumer,United States,New York City,New York,10035,East,OFF-AR-10001725,Office Supplies,Art,Boston Home & Office Model 2000 Electric Pencil Sharpeners,23.65,1,0.0,6.149
9188,US-2015-130512,8/21/2015,8/25/2015,Standard Class,SM-20320,Sean Miller,Home Office,United States,Allentown,Pennsylvania,18103,East,OFF-SU-10001935,Office Supplies,Supplies,Staple remover,3.488,2,0.2,-0.6976
9189,US-2015-130512,8/21/2015,8/25/2015,Standard Class,SM-20320,Sean Miller,Home Office,United States,Allentown,Pennsylvania,18103,East,TEC-AC-10000290,Technology,Accessories,Sabrent 4-Port USB 2.0 Hub,21.728,4,0.2,3.8024
9190,US-2015-130512,8/21/2015,8/25/2015,Standard Class,SM-20320,Sean Miller,Home Office,United States,Allentown,Pennsylvania,18103,East,OFF-ST-10002574,Office Supplies,Storage,"SAFCO Commercial Wire Shelving, Black",663.072,6,0.2,-165.768
9191,US-2015-130512,8/21/2015,8/25/2015,Standard Class,SM-20320,Sean Miller,Home Office,United States,Allentown,Pennsylvania,18103,East,OFF-BI-10004519,Office Supplies,Binders,GBC DocuBind P100 Manual Binding Machine,99.588,2,0.7,-82.99
9192,US-2015-130512,8/21/2015,8/25/2015,Standard Class,SM-20320,Sean Miller,Home Office,United States,Allentown,Pennsylvania,18103,East,OFF-PA-10003625,Office Supplies,Paper,Xerox 1979,49.568,2,0.2,15.49
9201,CA-2016-152688,10/17/2016,10/20/2016,First Class,NR-18550,Nick Radford,Consumer,United States,Perth Amboy,New Jersey,8861,East,FUR-BO-10001337,Furniture,Bookcases,O'Sullivan Living Dimensions 2-Shelf Bookcases,120.98,1,0.0,12.098
9202,CA-2016-152688,10/17/2016,10/20/2016,First Class,NR-18550,Nick Radford,Consumer,United States,Perth Amboy,New Jersey,8861,East,OFF-BI-10004584,Office Supplies,Binders,GBC ProClick 150 Presentation Binding System,315.98,1,0.0,148.5106
9203,CA-2016-153836,10/30/2016,11/3/2016,Standard Class,EH-13765,Edward Hooks,Corporate,United States,New York City,New York,10011,East,OFF-BI-10004817,Office Supplies,Binders,GBC Personal VeloBind Strips,28.752,3,0.2,10.0632
9204,CA-2016-153836,10/30/2016,11/3/2016,Standard Class,EH-13765,Edward Hooks,Corporate,United States,New York City,New York,10011,East,OFF-AR-10004602,Office Supplies,Art,Boston KS Multi-Size Manual Pencil Sharpener,114.95,5,0.0,32.186
9206,CA-2016-146423,4/21/2016,4/21/2016,Same Day,BT-11680,Brian Thompson,Consumer,United States,Milford,Connecticut,6460,East,OFF-AR-10004817,Office Supplies,Art,Colorific Watercolor Pencils,15.48,3,0.0,4.4892
9207,CA-2016-146423,4/21/2016,4/21/2016,Same Day,BT-11680,Brian Thompson,Consumer,United States,Milford,Connecticut,6460,East,OFF-PA-10003797,Office Supplies,Paper,Xerox 209,51.84,8,0.0,24.8832
9215,US-2017-120908,9/30/2017,10/2/2017,First Class,BF-10975,Barbara Fisher,Corporate,United States,Philadelphia,Pennsylvania,19120,East,OFF-LA-10004677,Office Supplies,Labels,Self-Adhesive Address Labels for Typewriters with Dispenser Box,20.664,7,0.2,6.9741
9219,US-2015-164238,8/16/2015,8/20/2015,Standard Class,JW-15955,Joni Wasserman,Consumer,United States,Philadelphia,Pennsylvania,19120,East,OFF-ST-10002352,Office Supplies,Storage,Iris Project Case,44.688,7,0.2,3.3516
9220,US-2015-164238,8/16/2015,8/20/2015,Standard Class,JW-15955,Joni Wasserman,Consumer,United States,Philadelphia,Pennsylvania,19120,East,FUR-BO-10000780,Furniture,Bookcases,O'Sullivan Plantations 2-Door Library in Landvery Oak,301.47,3,0.5,-204.9996
9239,CA-2017-138156,2/11/2017,2/14/2017,First Class,MM-17260,Magdelene Morse,Consumer,United States,Columbus,Ohio,43229,East,FUR-FU-10003601,Furniture,Furnishings,"Deflect-o RollaMat Studded, Beveled Mat for Medium Pile Carpeting",147.568,2,0.2,-3.6892
9249,CA-2016-127761,11/10/2016,11/14/2016,Standard Class,SW-20275,Scott Williamson,Consumer,United States,New York City,New York,10009,East,OFF-BI-10002557,Office Supplies,Binders,Presstex Flexible Ring Binders,3.64,1,0.2,1.365
9250,CA-2016-127761,11/10/2016,11/14/2016,Standard Class,SW-20275,Scott Williamson,Consumer,United States,New York City,New York,10009,East,TEC-PH-10003691,Technology,Phones,BlackBerry Q10,881.93,7,0.0,220.4825
9268,CA-2015-151869,9/25/2015,9/25/2015,Same Day,CS-11950,Carlos Soltero,Consumer,United States,Freeport,New York,11520,East,FUR-CH-10001545,Furniture,Chairs,Hon Comfortask Task/Swivel Chairs,102.582,1,0.1,6.8388
9269,CA-2015-151869,9/25/2015,9/25/2015,Same Day,CS-11950,Carlos Soltero,Consumer,United States,Freeport,New York,11520,East,OFF-PA-10002947,Office Supplies,Paper,Xerox 1923,20.04,3,0.0,9.6192
9270,US-2017-102183,8/21/2017,8/28/2017,Standard Class,PK-19075,Pete Kriz,Consumer,United States,New York City,New York,10035,East,OFF-BI-10003476,Office Supplies,Binders,Avery Metallic Poly Binders,32.088,7,0.2,11.2308
9271,US-2017-102183,8/21/2017,8/28/2017,Standard Class,PK-19075,Pete Kriz,Consumer,United States,New York City,New York,10035,East,OFF-BI-10001359,Office Supplies,Binders,GBC DocuBind TL300 Electric Binding System,4305.552,6,0.2,1453.1238
9272,CA-2016-100510,5/12/2016,5/17/2016,Standard Class,HM-14860,Harry Marie,Corporate,United States,New York City,New York,10024,East,FUR-FU-10000320,Furniture,Furnishings,OIC Stacking Trays,10.02,3,0.0,4.4088
9273,CA-2016-100510,5/12/2016,5/17/2016,Standard Class,HM-14860,Harry Marie,Corporate,United States,New York City,New York,10024,East,TEC-PH-10001835,Technology,Phones,Jawbone JAMBOX Wireless Bluetooth Speaker,631.96,4,0.0,303.3408
9278,CA-2017-122539,12/1/2017,12/5/2017,Standard Class,SC-20305,Sean Christensen,Consumer,United States,Philadelphia,Pennsylvania,19140,East,OFF-LA-10004853,Office Supplies,Labels,Avery 483,15.936,4,0.2,5.1792
9279,CA-2017-122539,12/1/2017,12/5/2017,Standard Class,SC-20305,Sean Christensen,Consumer,United States,Philadelphia,Pennsylvania,19140,East,OFF-BI-10001759,Office Supplies,Binders,"Acco Pressboard Covers with Storage Hooks, 14 7/8"" x 11"", Dark Blue",8.001,7,0.7,-5.6007
9280,CA-2017-122539,12/1/2017,12/5/2017,Standard Class,SC-20305,Sean Christensen,Consumer,United States,Philadelphia,Pennsylvania,19140,East,FUR-CH-10003379,Furniture,Chairs,Global Commerce Series High-Back Swivel/Tilt Chairs,398.972,2,0.3,-28.498
9289,US-2017-165456,11/30/2017,12/3/2017,First Class,TB-21625,Trudy Brown,Consumer,United States,Philadelphia,Pennsylvania,19134,East,FUR-CH-10003981,Furniture,Chairs,Global Commerce Series Low-Back Swivel/Tilt Chairs,1079.316,6,0.3,-15.4188
9291,CA-2014-163650,9/23/2014,9/25/2014,First Class,TT-21220,Thomas Thornton,Consumer,United States,Dover,Delaware,19901,East,OFF-AR-10002375,Office Supplies,Art,Newell 351,9.84,3,0.0,2.8536
9292,CA-2014-163650,9/23/2014,9/25/2014,First Class,TT-21220,Thomas Thornton,Consumer,United States,Dover,Delaware,19901,East,OFF-BI-10004965,Office Supplies,Binders,Ibico Covers for Plastic or Wire Binding Elements,34.5,3,0.0,15.525
9294,US-2017-116505,11/17/2017,11/21/2017,Second Class,TB-21625,Trudy Brown,Consumer,United States,Hagerstown,Maryland,21740,East,OFF-BI-10000050,Office Supplies,Binders,"Angle-D Binders with Locking Rings, Label Holders",43.8,6,0.0,20.586
9295,CA-2017-161340,5/28/2017,6/1/2017,Standard Class,AM-10360,Alice McCarthy,Corporate,United States,Cleveland,Ohio,44105,East,OFF-PA-10002464,Office Supplies,Paper,HP Office Recycled Paper (20Lb. and 87 Bright),13.872,3,0.2,5.0286
9296,CA-2017-161340,5/28/2017,6/1/2017,Standard Class,AM-10360,Alice McCarthy,Corporate,United States,Cleveland,Ohio,44105,East,FUR-BO-10004709,Furniture,Bookcases,"Bush Westfield Collection Bookcases, Medium Cherry Finish",115.96,4,0.5,-64.9376
9311,US-2016-102141,8/26/2016,8/31/2016,Standard Class,KD-16615,Ken Dana,Corporate,United States,New York City,New York,10024,East,OFF-BI-10001510,Office Supplies,Binders,Deluxe Heavy-Duty Vinyl Round Ring Binder,146.688,8,0.2,45.84
9316,CA-2016-161907,4/5/2016,4/9/2016,Standard Class,JH-16180,Justin Hirsh,Consumer,United States,Philadelphia,Pennsylvania,19140,East,TEC-PH-10000141,Technology,Phones,Clearsounds A400,118.782,3,0.4,-27.7158
9317,CA-2016-161907,4/5/2016,4/9/2016,Standard Class,JH-16180,Justin Hirsh,Consumer,United States,Philadelphia,Pennsylvania,19140,East,OFF-SU-10000646,Office Supplies,Supplies,Premier Automatic Letter Opener,769.184,4,0.2,-163.4516
9319,US-2017-108343,7/20/2017,7/25/2017,Standard Class,AR-10825,Anthony Rawles,Corporate,United States,New York City,New York,10009,East,OFF-PA-10000743,Office Supplies,Paper,Xerox 1977,13.36,2,0.0,6.4128
9320,US-2017-108343,7/20/2017,7/25/2017,Standard Class,AR-10825,Anthony Rawles,Corporate,United States,New York City,New York,10009,East,FUR-CH-10002780,Furniture,Chairs,Office Star - Task Chair with Contemporary Loop Arms,163.764,2,0.1,25.4744
9321,US-2017-108343,7/20/2017,7/25/2017,Standard Class,AR-10825,Anthony Rawles,Corporate,United States,New York City,New York,10009,East,FUR-FU-10000747,Furniture,Furnishings,Tenex B1-RE Series Chair Mats for Low Pile Carpets,183.92,4,0.0,31.2664
9331,US-2015-153283,11/12/2015,11/18/2015,Standard Class,EB-14110,Eugene Barchas,Consumer,United States,New York City,New York,10035,East,OFF-EN-10001539,Office Supplies,Envelopes,Staple envelope,15.56,2,0.0,7.3132
9344,CA-2017-109085,2/17/2017,2/20/2017,First Class,CK-12325,Christine Kargatis,Home Office,United States,Troy,Ohio,45373,East,FUR-TA-10001086,Furniture,Tables,"SAFCO PlanMaster Boards, 60w x 37-1/2d, White Melamine",455.97,5,0.4,-106.393
9345,CA-2017-109085,2/17/2017,2/20/2017,First Class,CK-12325,Christine Kargatis,Home Office,United States,Troy,Ohio,45373,East,OFF-BI-10001525,Office Supplies,Binders,"Acco Pressboard Covers with Storage Hooks, 14 7/8"" x 11"", Executive Red",5.715,5,0.7,-4.7625
9346,CA-2017-109085,2/17/2017,2/20/2017,First Class,CK-12325,Christine Kargatis,Home Office,United States,Troy,Ohio,45373,East,TEC-PH-10000526,Technology,Phones,Vtech CS6719,57.594,1,0.4,-11.5188
9347,CA-2017-109085,2/17/2017,2/20/2017,First Class,CK-12325,Christine Kargatis,Home Office,United States,Troy,Ohio,45373,East,FUR-FU-10004973,Furniture,Furnishings,Flat Face Poster Frame,30.144,2,0.2,8.2896
9348,CA-2017-109085,2/17/2017,2/20/2017,First Class,CK-12325,Christine Kargatis,Home Office,United States,Troy,Ohio,45373,East,FUR-CH-10003981,Furniture,Chairs,Global Commerce Series Low-Back Swivel/Tilt Chairs,899.43,5,0.3,-12.849
9358,CA-2016-168046,1/25/2016,1/28/2016,Second Class,JD-15895,Jonathan Doherty,Corporate,United States,New York City,New York,10024,East,OFF-BI-10003676,Office Supplies,Binders,"GBC Standard Recycled Report Covers, Clear Plastic Sheets",43.12,5,0.2,15.092
9359,CA-2016-168046,1/25/2016,1/28/2016,Second Class,JD-15895,Jonathan Doherty,Corporate,United States,New York City,New York,10024,East,FUR-TA-10001095,Furniture,Tables,Chromcraft Round Conference Tables,313.722,3,0.4,-99.3453
9360,CA-2016-168046,1/25/2016,1/28/2016,Second Class,JD-15895,Jonathan Doherty,Corporate,United States,New York City,New York,10024,East,FUR-FU-10000747,Furniture,Furnishings,Tenex B1-RE Series Chair Mats for Low Pile Carpets,45.98,1,0.0,7.8166
9361,CA-2016-168046,1/25/2016,1/28/2016,Second Class,JD-15895,Jonathan Doherty,Corporate,United States,New York City,New York,10024,East,OFF-ST-10004337,Office Supplies,Storage,"SAFCO Commercial Wire Shelving, 72h",428.68,7,0.0,0.0
9367,CA-2014-108147,6/8/2014,6/13/2014,Standard Class,RD-19480,Rick Duston,Consumer,United States,Long Beach,New York,11561,East,OFF-BI-10003876,Office Supplies,Binders,"Green Canvas Binder for 8-1/2"" x 14"" Sheets",68.48,2,0.2,25.68
9368,CA-2014-108147,6/8/2014,6/13/2014,Standard Class,RD-19480,Rick Duston,Consumer,United States,Long Beach,New York,11561,East,OFF-ST-10003470,Office Supplies,Storage,"Tennsco Snap-Together Open Shelving Units, Starter Sets and Add-On Units",1676.88,6,0.0,83.844
9369,CA-2016-154998,4/7/2016,4/9/2016,First Class,ES-14080,Erin Smith,Corporate,United States,Lakewood,New Jersey,8701,East,OFF-PA-10004243,Office Supplies,Paper,Xerox 1939,37.94,2,0.0,18.2112
9370,CA-2017-113460,11/7/2017,11/9/2017,Second Class,KN-16390,Katherine Nockton,Corporate,United States,Clinton,Maryland,20735,East,FUR-CH-10000422,Furniture,Chairs,Global Highback Leather Tilter in Burgundy,272.97,3,0.0,43.6752
9371,CA-2015-111339,5/29/2015,5/31/2015,First Class,VP-21760,Victoria Pisteka,Corporate,United States,Columbus,Ohio,43229,East,FUR-FU-10002506,Furniture,Furnishings,"Tensor ""Hersey Kiss"" Styled Floor Lamp",41.568,4,0.2,-4.1568
9372,CA-2015-111339,5/29/2015,5/31/2015,First Class,VP-21760,Victoria Pisteka,Corporate,United States,Columbus,Ohio,43229,East,FUR-CH-10000863,Furniture,Chairs,Novimex Swivel Fabric Task Chair,317.058,3,0.3,-86.0586
9373,CA-2015-111339,5/29/2015,5/31/2015,First Class,VP-21760,Victoria Pisteka,Corporate,United States,Columbus,Ohio,43229,East,OFF-FA-10002988,Office Supplies,Fasteners,Ideal Clamps,8.04,5,0.2,2.9145
9377,CA-2017-108756,12/25/2017,12/29/2017,Standard Class,PO-18865,Patrick O'Donnell,Consumer,United States,East Orange,New Jersey,7017,East,TEC-AC-10003237,Technology,Accessories,Memorex Micro Travel Drive 4 GB,31.8,3,0.0,13.674
9385,CA-2017-100433,8/11/2017,8/16/2017,Standard Class,SJ-20125,Sanjit Jacobs,Home Office,United States,New York City,New York,10009,East,OFF-PA-10003441,Office Supplies,Paper,Xerox 226,25.92,4,0.0,12.4416
9387,US-2017-127292,1/19/2017,1/23/2017,Standard Class,RM-19375,Raymond Messe,Consumer,United States,Burlington,Vermont,5408,East,OFF-PA-10000157,Office Supplies,Paper,Xerox 191,79.92,4,0.0,37.5624
9388,US-2017-127292,1/19/2017,1/23/2017,Standard Class,RM-19375,Raymond Messe,Consumer,United States,Burlington,Vermont,5408,East,OFF-PA-10001970,Office Supplies,Paper,Xerox 1881,12.28,1,0.0,5.7716
9389,US-2017-127292,1/19/2017,1/23/2017,Standard Class,RM-19375,Raymond Messe,Consumer,United States,Burlington,Vermont,5408,East,OFF-AP-10000828,Office Supplies,Appliances,Avanti 4.4 Cu. Ft. Refrigerator,542.94,3,0.0,152.0232
9390,US-2017-127292,1/19/2017,1/23/2017,Standard Class,RM-19375,Raymond Messe,Consumer,United States,Burlington,Vermont,5408,East,OFF-EN-10001509,Office Supplies,Envelopes,Poly String Tie Envelopes,2.04,1,0.0,0.9588
9394,CA-2014-125997,9/20/2014,9/23/2014,First Class,MW-18220,Mitch Webber,Consumer,United States,New York City,New York,10011,East,TEC-PH-10003484,Technology,Phones,Ooma Telo VoIP Home Phone System,629.95,5,0.0,157.4875
9395,CA-2014-125997,9/20/2014,9/23/2014,First Class,MW-18220,Mitch Webber,Consumer,United States,New York City,New York,10011,East,FUR-CH-10001394,Furniture,Chairs,Global Leather Executive Chair,631.782,2,0.1,140.396
9396,CA-2014-125997,9/20/2014,9/23/2014,First Class,MW-18220,Mitch Webber,Consumer,United States,New York City,New York,10011,East,FUR-BO-10002213,Furniture,Bookcases,DMI Eclipse Executive Suite Bookcases,801.568,2,0.2,-10.0196
9397,CA-2014-125997,9/20/2014,9/23/2014,First Class,MW-18220,Mitch Webber,Consumer,United States,New York City,New York,10011,East,OFF-LA-10002762,Office Supplies,Labels,Avery 485,75.18,6,0.0,35.3346
9398,CA-2014-125997,9/20/2014,9/23/2014,First Class,MW-18220,Mitch Webber,Consumer,United States,New York City,New York,10011,East,OFF-AP-10003842,Office Supplies,Appliances,Euro-Pro Shark Turbo Vacuum,30.98,1,0.0,8.0548
9399,CA-2014-125997,9/20/2014,9/23/2014,First Class,MW-18220,Mitch Webber,Consumer,United States,New York City,New York,10011,East,TEC-PH-10003072,Technology,Phones,Panasonic KX-TG9541B DECT 6.0 Digital 2-Line Expandable Cordless Phone With Digital Answering System,1349.91,9,0.0,661.4559
9403,CA-2016-105459,8/12/2016,8/17/2016,Second Class,NP-18700,Nora Preis,Consumer,United States,New York City,New York,10024,East,FUR-TA-10001095,Furniture,Tables,Chromcraft Round Conference Tables,209.148,2,0.4,-66.2302
9404,CA-2016-105459,8/12/2016,8/17/2016,Second Class,NP-18700,Nora Preis,Consumer,United States,New York City,New York,10024,East,OFF-ST-10000078,Office Supplies,Storage,Tennsco 6- and 18-Compartment Lockers,1591.02,6,0.0,286.3836
9405,CA-2017-141663,4/13/2017,4/17/2017,Standard Class,DP-13105,Dave Poirier,Corporate,United States,Philadelphia,Pennsylvania,19134,East,OFF-FA-10004076,Office Supplies,Fasteners,Translucent Push Pins by OIC,7.92,5,0.2,1.683
9408,CA-2017-162789,9/22/2017,9/24/2017,Second Class,LC-17140,Logan Currie,Consumer,United States,New York City,New York,10035,East,TEC-AC-10002842,Technology,Accessories,WD My Passport Ultra 2TB Portable External Hard Drive,1071.0,9,0.0,171.36
9409,CA-2017-162789,9/22/2017,9/24/2017,Second Class,LC-17140,Logan Currie,Consumer,United States,New York City,New York,10035,East,FUR-FU-10004864,Furniture,Furnishings,Eldon 500 Class Desk Accessories,12.07,1,0.0,3.9831
9410,US-2017-110149,12/10/2017,12/13/2017,First Class,WB-21850,William Brown,Consumer,United States,Philadelphia,Pennsylvania,19143,East,OFF-BI-10000014,Office Supplies,Binders,Heavy-Duty E-Z-D Binders,3.273,1,0.7,-2.5093
9411,US-2017-110149,12/10/2017,12/13/2017,First Class,WB-21850,William Brown,Consumer,United States,Philadelphia,Pennsylvania,19143,East,FUR-FU-10001475,Furniture,Furnishings,"Contract Clock, 14"", Brown",87.92,5,0.2,15.386
9426,CA-2014-116246,9/12/2014,9/17/2014,Second Class,LW-17215,Luke Weiss,Consumer,United States,New York City,New York,10035,East,FUR-CH-10002024,Furniture,Chairs,HON 5400 Series Task Chairs for Big and Tall,3785.292,6,0.1,420.588
9428,CA-2014-167486,11/27/2014,12/1/2014,Standard Class,JO-15145,Jack O'Briant,Corporate,United States,Buffalo,New York,14215,East,FUR-FU-10003268,Furniture,Furnishings,Eldon Radial Chair Mat for Low to Medium Pile Carpets,199.9,5,0.0,39.98
9432,CA-2015-111864,6/19/2015,6/19/2015,Same Day,PP-18955,Paul Prost,Home Office,United States,Philadelphia,Pennsylvania,19134,East,OFF-LA-10004677,Office Supplies,Labels,Self-Adhesive Address Labels for Typewriters with Dispenser Box,5.904,2,0.2,1.9926
9437,CA-2015-160787,9/25/2015,9/25/2015,Same Day,BM-11785,Bryan Mills,Consumer,United States,Philadelphia,Pennsylvania,19143,East,OFF-BI-10003712,Office Supplies,Binders,"Acco Pressboard Covers with Storage Hooks, 14 7/8"" x 11"", Light Blue",2.946,2,0.7,-2.0622
9439,CA-2017-126144,7/31/2017,8/5/2017,Standard Class,GM-14680,Greg Matthias,Consumer,United States,Philadelphia,Pennsylvania,19134,East,TEC-PH-10001079,Technology,Phones,Polycom SoundPoint Pro SE-225 Corded phone,285.576,4,0.4,-57.1152
9441,CA-2014-100391,5/25/2014,5/29/2014,Standard Class,BW-11065,Barry Weirich,Consumer,United States,New York City,New York,10035,East,OFF-PA-10001471,Office Supplies,Paper,Strathmore Photo Frame Cards,14.62,2,0.0,6.7252
9442,CA-2014-165477,12/29/2014,12/31/2014,Second Class,RE-19405,Ricardo Emerson,Consumer,United States,Kent,Ohio,44240,East,OFF-AP-10003281,Office Supplies,Appliances,Acco 6 Outlet Guardian Standard Surge Suppressor,48.36,5,0.2,6.045
9461,CA-2014-101833,11/17/2014,11/22/2014,Second Class,FG-14260,Frank Gastineau,Home Office,United States,New York City,New York,10024,East,OFF-PA-10003591,Office Supplies,Paper,Southworth 100% Cotton The Best Paper,34.44,3,0.0,17.22
9464,CA-2014-156545,2/27/2014,3/3/2014,First Class,JS-16030,Joy Smith,Consumer,United States,Columbus,Ohio,43229,East,OFF-AR-10003560,Office Supplies,Art,Zebra Zazzle Fluorescent Highlighters,19.456,4,0.2,3.4048
9465,CA-2014-109127,12/21/2014,12/25/2014,Standard Class,JC-15775,John Castell,Consumer,United States,Newark,Delaware,19711,East,OFF-LA-10004409,Office Supplies,Labels,Avery 492,17.28,6,0.0,7.9488
9467,CA-2017-102925,11/5/2017,11/10/2017,Second Class,CD-12280,Christina DeMoss,Consumer,United States,New York City,New York,10024,East,OFF-BI-10002735,Office Supplies,Binders,GBC Prestige Therm-A-Bind Covers,164.688,6,0.2,55.5822
9468,CA-2017-102925,11/5/2017,11/10/2017,Second Class,CD-12280,Christina DeMoss,Consumer,United States,New York City,New York,10024,East,FUR-TA-10003469,Furniture,Tables,Balt Split Level Computer Training Table,166.5,2,0.4,-66.6
9469,CA-2017-102925,11/5/2017,11/10/2017,Second Class,CD-12280,Christina DeMoss,Consumer,United States,New York City,New York,10024,East,OFF-PA-10001870,Office Supplies,Paper,Xerox 202,12.96,2,0.0,6.2208
9470,CA-2017-102925,11/5/2017,11/10/2017,Second Class,CD-12280,Christina DeMoss,Consumer,United States,New York City,New York,10024,East,OFF-PA-10004071,Office Supplies,Paper,"Eaton Premium Continuous-Feed Paper, 25% Cotton, Letter Size, White, 1000 Shts/Box",110.96,2,0.0,53.2608
9471,CA-2017-102925,11/5/2017,11/10/2017,Second Class,CD-12280,Christina DeMoss,Consumer,United States,New York City,New York,10024,East,TEC-PH-10001448,Technology,Phones,Anker Astro 15000mAh USB Portable Charger,99.98,2,0.0,3.9992
9472,CA-2017-102925,11/5/2017,11/10/2017,Second Class,CD-12280,Christina DeMoss,Consumer,United States,New York City,New York,10024,East,OFF-BI-10002706,Office Supplies,Binders,Avery Premier Heavy-Duty Binder with Round Locking Rings,11.424,1,0.2,3.7128
9473,CA-2017-102925,11/5/2017,11/10/2017,Second Class,CD-12280,Christina DeMoss,Consumer,United States,New York City,New York,10024,East,FUR-CH-10004875,Furniture,Chairs,Harbour Creations 67200 Series Stacking Chairs,128.124,2,0.1,24.2012
9474,CA-2017-102925,11/5/2017,11/10/2017,Second Class,CD-12280,Christina DeMoss,Consumer,United States,New York City,New York,10024,East,FUR-FU-10004245,Furniture,Furnishings,"Career Cubicle Clock, 8 1/4"", Black",101.4,5,0.0,38.532
9483,CA-2015-158351,6/20/2015,6/24/2015,Second Class,BC-11125,Becky Castell,Home Office,United States,Philadelphia,Pennsylvania,19134,East,TEC-AC-10001838,Technology,Accessories,Razer Tiamat Over Ear 7.1 Surround Sound PC Gaming Headset,319.984,2,0.2,91.9954
9487,CA-2017-130505,10/12/2017,10/12/2017,Same Day,NF-18385,Natalie Fritzler,Consumer,United States,Wheeling,West Virginia,26003,East,FUR-TA-10001932,Furniture,Tables,"Chromcraft 48"" x 96"" Racetrack Double Pedestal Table",673.344,3,0.3,-76.9536
9488,US-2017-125213,12/11/2017,12/13/2017,First Class,NB-18655,Nona Balk,Corporate,United States,Paterson,New Jersey,7501,East,OFF-FA-10001561,Office Supplies,Fasteners,Stockwell Push Pins,6.54,3,0.0,2.1582
9503,CA-2016-101329,4/22/2016,4/29/2016,Standard Class,MM-17920,Michael Moore,Consumer,United States,Rome,New York,13440,East,OFF-AR-10000614,Office Supplies,Art,Barrel Sharpener,32.13,9,0.0,8.3538
9504,CA-2016-101329,4/22/2016,4/29/2016,Standard Class,MM-17920,Michael Moore,Consumer,United States,Rome,New York,13440,East,OFF-AR-10003190,Office Supplies,Art,Newell 32,2.88,1,0.0,0.8064
9505,CA-2016-113607,10/14/2016,10/18/2016,Standard Class,PW-19030,Pauline Webber,Corporate,United States,New York City,New York,10009,East,TEC-PH-10004094,Technology,Phones,Motorola L703CM,1091.93,7,0.0,272.9825
9506,CA-2016-113607,10/14/2016,10/18/2016,Standard Class,PW-19030,Pauline Webber,Corporate,United States,New York City,New York,10009,East,OFF-PA-10001970,Office Supplies,Paper,Xerox 1908,111.96,2,0.0,54.8604
9511,CA-2016-105263,8/6/2016,8/11/2016,Standard Class,LM-17065,Liz MacKendrick,Consumer,United States,New York City,New York,10024,East,OFF-AR-10002399,Office Supplies,Art,"Dixon Prang Watercolor Pencils, 10-Color Set with Brush",38.34,9,0.0,15.7194
9517,CA-2015-123939,8/24/2015,8/26/2015,Second Class,MS-17710,Maurice Satty,Consumer,United States,Bowling Green,Ohio,43402,East,TEC-PH-10000923,Technology,Phones,"Belkin SportFit Armband For iPhone 5s/5c, Fuchsia",26.982,3,0.4,4.0473
9518,CA-2015-123939,8/24/2015,8/26/2015,Second Class,MS-17710,Maurice Satty,Consumer,United States,Bowling Green,Ohio,43402,East,OFF-LA-10003190,Office Supplies,Labels,Avery 474,6.912,3,0.2,2.5056
9519,CA-2015-123939,8/24/2015,8/26/2015,Second Class,MS-17710,Maurice Satty,Consumer,United States,Bowling Green,Ohio,43402,East,OFF-ST-10003208,Office Supplies,Storage,Adjustable Depth Letter/Legal Cart,435.504,3,0.2,48.9942
9533,CA-2016-116596,10/27/2016,10/31/2016,Standard Class,BW-11200,Ben Wallace,Consumer,United States,New York City,New York,10011,East,FUR-CH-10000553,Furniture,Chairs,"Metal Folding Chairs, Beige, 4/Carton",427.644,14,0.1,80.7772
9534,CA-2016-116596,10/27/2016,10/31/2016,Standard Class,BW-11200,Ben Wallace,Consumer,United States,New York City,New York,10011,East,OFF-FA-10000134,Office Supplies,Fasteners,"Advantus Push Pins, Aluminum Head",40.67,7,0.0,12.6077
9535,CA-2016-116596,10/27/2016,10/31/2016,Standard Class,BW-11200,Ben Wallace,Consumer,United States,New York City,New York,10011,East,OFF-ST-10000636,Office Supplies,Storage,Rogers Profile Extra Capacity Storage Tub,33.48,2,0.0,1.3392
9536,CA-2016-116596,10/27/2016,10/31/2016,Standard Class,BW-11200,Ben Wallace,Consumer,United States,New York City,New York,10011,East,OFF-BI-10002949,Office Supplies,Binders,Prestige Round Ring Binders,9.728,2,0.2,3.2832
9539,US-2017-169488,9/7/2017,9/9/2017,First Class,AA-10375,Allen Armold,Consumer,United States,Providence,Rhode Island,2908,East,OFF-PA-10002659,Office Supplies,Paper,Avoid Verbal Orders Carbonless Minifold Book,16.9,5,0.0,7.774
9540,US-2017-169488,9/7/2017,9/9/2017,First Class,AA-10375,Allen Armold,Consumer,United States,Providence,Rhode Island,2908,East,OFF-PA-10000157,Office Supplies,Paper,Xerox 191,39.96,2,0.0,18.7812
9548,CA-2016-131744,6/18/2016,6/20/2016,Second Class,SC-20770,Stewart Carmichael,Corporate,United States,Philadelphia,Pennsylvania,19134,East,OFF-PA-10004610,Office Supplies,Paper,Xerox 1900,6.848,2,0.2,2.14
9549,CA-2016-131744,6/18/2016,6/20/2016,Second Class,SC-20770,Stewart Carmichael,Corporate,United States,Philadelphia,Pennsylvania,19134,East,OFF-BI-10003910,Office Supplies,Binders,DXL Angle-View Binders with Locking Rings by Samsill,4.626,2,0.7,-3.855
9550,CA-2016-131744,6/18/2016,6/20/2016,Second Class,SC-20770,Stewart Carmichael,Corporate,United States,Philadelphia,Pennsylvania,19134,East,OFF-AP-10001394,Office Supplies,Appliances,Harmony Air Purifier,453.6,3,0.2,90.72
9552,CA-2015-147690,11/10/2015,11/14/2015,Standard Class,SC-20020,Sam Craven,Consumer,United States,Philadelphia,Pennsylvania,19140,East,OFF-ST-10001526,Office Supplies,Storage,Iceberg Mobile Mega Data/Printer Cart ,577.584,6,0.2,43.3188
9555,CA-2015-111612,11/28/2015,12/2/2015,Standard Class,EB-14110,Eugene Barchas,Consumer,United States,Columbus,Ohio,43229,East,FUR-FU-10003799,Furniture,Furnishings,"Seth Thomas 13 1/2"" Wall Clock",71.12,5,0.2,9.779
9556,CA-2015-111612,11/28/2015,12/2/2015,Standard Class,EB-14110,Eugene Barchas,Consumer,United States,Columbus,Ohio,43229,East,OFF-FA-10003021,Office Supplies,Fasteners,Staples,3.008,2,0.2,0.564
9557,CA-2015-156853,12/3/2015,12/5/2015,Second Class,HP-14815,Harold Pawlan,Home Office,United States,Concord,New Hampshire,3301,East,OFF-PA-10003656,Office Supplies,Paper,Xerox 1935,184.66,7,0.0,84.9436
9559,CA-2016-129280,5/3/2016,5/5/2016,First Class,SM-20905,Susan MacKendrick,Consumer,United States,Newark,Ohio,43055,East,TEC-AC-10003832,Technology,Accessories,Imation 16GB Mini TravelDrive USB 2.0 Flash Drive,132.52,5,0.2,34.7865
9560,CA-2016-129280,5/3/2016,5/5/2016,First Class,SM-20905,Susan MacKendrick,Consumer,United States,Newark,Ohio,43055,East,OFF-ST-10002554,Office Supplies,Storage,Tennsco Industrial Shelving,195.64,5,0.2,-44.019
9561,CA-2016-129280,5/3/2016,5/5/2016,First Class,SM-20905,Susan MacKendrick,Consumer,United States,Newark,Ohio,43055,East,FUR-FU-10001876,Furniture,Furnishings,"Computer Room Manger, 14""",51.968,2,0.2,10.3936
9562,CA-2016-129280,5/3/2016,5/5/2016,First Class,SM-20905,Susan MacKendrick,Consumer,United States,Newark,Ohio,43055,East,TEC-AC-10002637,Technology,Accessories,Logitech VX Revolution Cordless Laser Mouse for Notebooks (Black),431.976,3,0.2,-75.5958
9563,CA-2016-129280,5/3/2016,5/5/2016,First Class,SM-20905,Susan MacKendrick,Consumer,United States,Newark,Ohio,43055,East,TEC-MA-10003589,Technology,Machines,Cisco 8961 IP Phone Charcoal,224.937,3,0.7,-164.9538
9564,CA-2016-129280,5/3/2016,5/5/2016,First Class,SM-20905,Susan MacKendrick,Consumer,United States,Newark,Ohio,43055,East,OFF-LA-10000081,Office Supplies,Labels,Avery 496,6.0,2,0.2,2.1
9570,CA-2015-113131,9/24/2015,9/24/2015,Same Day,MB-17305,Maria Bertelson,Consumer,United States,Columbus,Ohio,43229,East,OFF-BI-10003196,Office Supplies,Binders,Accohide Poly Flexible Ring Binders,6.732,6,0.7,-4.488
9571,CA-2015-113131,9/24/2015,9/24/2015,Same Day,MB-17305,Maria Bertelson,Consumer,United States,Columbus,Ohio,43229,East,OFF-ST-10001172,Office Supplies,Storage,"Tennsco Lockers, Sand",33.568,2,0.2,1.6784
9572,CA-2015-113131,9/24/2015,9/24/2015,Same Day,MB-17305,Maria Bertelson,Consumer,United States,Columbus,Ohio,43229,East,OFF-EN-10003068,Office Supplies,Envelopes,#6 3/4 Gummed Flap White Envelopes,15.84,2,0.2,5.544
9573,CA-2015-113131,9/24/2015,9/24/2015,Same Day,MB-17305,Maria Bertelson,Consumer,United States,Columbus,Ohio,43229,East,OFF-LA-10003510,Office Supplies,Labels,"Avery 4027 File Folder Labels for Dot Matrix Printers, 5000 Labels per Box, White",24.424,1,0.2,7.9378
9574,CA-2015-113131,9/24/2015,9/24/2015,Same Day,MB-17305,Maria Bertelson,Consumer,United States,Columbus,Ohio,43229,East,OFF-AR-10003504,Office Supplies,Art,Newell 347,17.12,5,0.2,1.926
9579,CA-2017-152975,9/14/2017,9/16/2017,First Class,RB-19705,Roger Barcio,Home Office,United States,New York City,New York,10035,East,TEC-PH-10004586,Technology,Phones,Wilson SignalBoost 841262 DB PRO Amplifier Kit,1079.85,3,0.0,323.955
9580,CA-2017-152975,9/14/2017,9/16/2017,First Class,RB-19705,Roger Barcio,Home Office,United States,New York City,New York,10035,East,OFF-ST-10001370,Office Supplies,Storage,Sensible Storage WireTech Storage Systems,70.98,1,0.0,3.549
9581,CA-2017-152975,9/14/2017,9/16/2017,First Class,RB-19705,Roger Barcio,Home Office,United States,New York City,New York,10035,East,OFF-AR-10001988,Office Supplies,Art,Bulldog Table or Wall-Mount Pencil Sharpener,29.95,5,0.0,8.6855
9582,CA-2017-152975,9/14/2017,9/16/2017,First Class,RB-19705,Roger Barcio,Home Office,United States,New York City,New York,10035,East,FUR-CH-10003298,Furniture,Chairs,"Office Star - Contemporary Task Swivel chair with Loop Arms, Charcoal",589.41,5,0.1,-6.549
9583,CA-2016-107475,6/7/2016,6/11/2016,Standard Class,RS-19870,Roy Skaria,Home Office,United States,Philadelphia,Pennsylvania,19120,East,OFF-FA-10002988,Office Supplies,Fasteners,Ideal Clamps,9.648,6,0.2,3.4974
9584,CA-2017-116127,6/25/2017,6/27/2017,Second Class,SB-20185,Sarah Brown,Consumer,United States,New York City,New York,10024,East,FUR-BO-10002213,Furniture,Bookcases,DMI Eclipse Executive Suite Bookcases,400.784,1,0.2,-5.0098
9594,CA-2017-108931,9/14/2017,9/19/2017,Standard Class,HZ-14950,Henia Zydlo,Consumer,United States,New York City,New York,10024,East,OFF-PA-10002741,Office Supplies,Paper,Xerox 1980,8.56,2,0.0,3.852
9595,CA-2017-108931,9/14/2017,9/19/2017,Standard Class,HZ-14950,Henia Zydlo,Consumer,United States,New York City,New York,10024,East,OFF-PA-10003845,Office Supplies,Paper,Xerox 1987,11.56,2,0.0,5.6644
9604,CA-2016-129861,6/17/2016,6/23/2016,Standard Class,DM-13345,Denise Monton,Corporate,United States,Rochester,New York,14609,East,FUR-TA-10003715,Furniture,Tables,Hon 2111 Invitation Series Corner Table,376.866,3,0.4,-213.5574
9606,US-2017-122672,11/4/2017,11/9/2017,Standard Class,HG-14965,Henry Goldwyn,Corporate,United States,Lancaster,Ohio,43130,East,TEC-AC-10002323,Technology,Accessories,SanDisk Ultra 32 GB MicroSDHC Class 10 Memory Card,70.72,4,0.2,-6.188
9607,US-2017-122672,11/4/2017,11/9/2017,Standard Class,HG-14965,Henry Goldwyn,Corporate,United States,Lancaster,Ohio,43130,East,OFF-ST-10002344,Office Supplies,Storage,"Carina 42""Hx23 3/4""W Media Storage Unit",194.352,3,0.2,-43.7292
9608,CA-2017-117128,12/5/2017,12/8/2017,Second Class,BF-11080,Bart Folk,Consumer,United States,New York City,New York,10024,East,OFF-PA-10000007,Office Supplies,Paper,"Telephone Message Books with Fax/Mobile Section, 4 1/4"" x 6""",21.6,6,0.0,9.936
9609,CA-2017-117128,12/5/2017,12/8/2017,Second Class,BF-11080,Bart Folk,Consumer,United States,New York City,New York,10024,East,OFF-LA-10000248,Office Supplies,Labels,Avery 52,11.07,3,0.0,5.2029
9618,CA-2017-160633,11/16/2017,11/21/2017,Standard Class,BS-11380,Bill Stewart,Corporate,United States,Bowling Green,Ohio,43402,East,TEC-CO-10002095,Technology,Copiers,Hewlett Packard 610 Color Digital Copier / Printer,899.982,3,0.4,74.9985
9619,CA-2017-160633,11/16/2017,11/21/2017,Standard Class,BS-11380,Bill Stewart,Corporate,United States,Bowling Green,Ohio,43402,East,OFF-AR-10004022,Office Supplies,Art,Panasonic KP-380BK Classic Electric Pencil Sharpener,86.352,3,0.2,5.397
9620,CA-2017-160633,11/16/2017,11/21/2017,Standard Class,BS-11380,Bill Stewart,Corporate,United States,Bowling Green,Ohio,43402,East,TEC-AC-10002335,Technology,Accessories,Logitech Media Keyboard K200,139.96,5,0.2,-1.7495
9621,CA-2014-115133,9/26/2014,9/30/2014,Standard Class,DA-13450,Dianna Arnett,Home Office,United States,Lancaster,Ohio,43130,East,OFF-AP-10001634,Office Supplies,Appliances,Hoover Commercial Lightweight Upright Vacuum,16.704,6,0.2,1.2528
9622,CA-2014-115133,9/26/2014,9/30/2014,Standard Class,DA-13450,Dianna Arnett,Home Office,United States,Lancaster,Ohio,43130,East,TEC-AC-10002370,Technology,Accessories,Maxell CD-R Discs,3.152,2,0.2,0.4728
9623,CA-2014-115133,9/26/2014,9/30/2014,Standard Class,DA-13450,Dianna Arnett,Home Office,United States,Lancaster,Ohio,43130,East,OFF-PA-10000174,Office Supplies,Paper,"Message Book, Wirebound, Four 5 1/2"" X 4"" Forms/Pg., 200 Dupl. Sets/Book",32.896,4,0.2,11.1024
9629,CA-2014-118192,1/13/2014,1/18/2014,Standard Class,MM-17920,Michael Moore,Consumer,United States,Newark,Ohio,43055,East,OFF-PA-10002947,Office Supplies,Paper,Xerox 1923,37.408,7,0.2,13.0928
9630,CA-2014-118192,1/13/2014,1/18/2014,Standard Class,MM-17920,Michael Moore,Consumer,United States,Newark,Ohio,43055,East,OFF-BI-10003476,Office Supplies,Binders,Avery Metallic Poly Binders,3.438,2,0.7,-2.5212
9631,CA-2016-168844,5/31/2016,6/6/2016,Standard Class,NM-18520,Neoma Murray,Consumer,United States,New York City,New York,10011,East,OFF-BI-10002609,Office Supplies,Binders,Avery Hidden Tab Dividers for Binding Systems,7.152,3,0.2,2.3244
9632,CA-2016-168844,5/31/2016,6/6/2016,Standard Class,NM-18520,Neoma Murray,Consumer,United States,New York City,New York,10011,East,TEC-PH-10003215,Technology,Phones,Jackery Bar Premium Fast-charging Portable Charger,179.7,6,0.0,88.053
9634,CA-2014-151330,10/14/2014,10/17/2014,First Class,TC-21295,Toby Carlisle,Consumer,United States,Everett,Massachusetts,2149,East,TEC-AC-10000865,Technology,Accessories,WD My Passport Ultra 500GB Portable External Hard Drive,177.0,3,0.0,30.09
9635,CA-2014-151330,10/14/2014,10/17/2014,First Class,TC-21295,Toby Carlisle,Consumer,United States,Everett,Massachusetts,2149,East,OFF-ST-10000615,Office Supplies,Storage,"SimpliFile Personal File, Black Granite, 15w x 6-15/16d x 11-1/4h",79.45,7,0.0,22.246
9636,CA-2014-151330,10/14/2014,10/17/2014,First Class,TC-21295,Toby Carlisle,Consumer,United States,Everett,Massachusetts,2149,East,FUR-CH-10000749,Furniture,Chairs,Office Star - Ergonomic Mid Back Chair with 2-Way Adjustable Arms,1628.82,9,0.0,260.6112
9656,CA-2014-156160,9/22/2014,9/29/2014,Standard Class,AS-10090,Adam Shillingsburg,Consumer,United States,New York City,New York,10035,East,FUR-FU-10001876,Furniture,Furnishings,"Computer Room Manger, 14""",97.44,3,0.0,35.0784
9657,CA-2014-156160,9/22/2014,9/29/2014,Standard Class,AS-10090,Adam Shillingsburg,Consumer,United States,New York City,New York,10035,East,OFF-BI-10003355,Office Supplies,Binders,Cardinal Holdit Business Card Pockets,3.984,1,0.2,1.3944
9658,CA-2014-156160,9/22/2014,9/29/2014,Standard Class,AS-10090,Adam Shillingsburg,Consumer,United States,New York City,New York,10035,East,OFF-AR-10003876,Office Supplies,Art,"Avery Hi-Liter GlideStik Fluorescent Highlighter, Yellow Ink",13.04,4,0.0,5.7376
9659,CA-2014-156160,9/22/2014,9/29/2014,Standard Class,AS-10090,Adam Shillingsburg,Consumer,United States,New York City,New York,10035,East,FUR-CH-10004983,Furniture,Chairs,Office Star - Mid Back Dual function Ergonomic High Back Chair with 2-Way Adjustable Arms,579.528,4,0.1,83.7096
9673,CA-2016-114867,12/23/2016,12/28/2016,Standard Class,FM-14290,Frank Merwin,Home Office,United States,Philadelphia,Pennsylvania,19143,East,OFF-PA-10000477,Office Supplies,Paper,Xerox 1952,7.968,2,0.2,2.6892
9674,CA-2016-114867,12/23/2016,12/28/2016,Standard Class,FM-14290,Frank Merwin,Home Office,United States,Philadelphia,Pennsylvania,19143,East,TEC-PH-10002645,Technology,Phones,LG G2,1499.97,5,0.4,-374.9925
9678,CA-2016-144785,4/18/2016,4/23/2016,Standard Class,CS-12490,Cindy Schnelling,Corporate,United States,New York City,New York,10009,East,OFF-AR-10001573,Office Supplies,Art,American Pencil,6.99,3,0.0,2.0271
9679,CA-2016-144785,4/18/2016,4/23/2016,Standard Class,CS-12490,Cindy Schnelling,Corporate,United States,New York City,New York,10009,East,OFF-SU-10004290,Office Supplies,Supplies,"Acme Design Line 8"" Stainless Steel Bent Scissors w/Champagne Handles, 3-1/8"" Cut",6.84,1,0.0,1.8468
9691,CA-2017-140536,4/4/2017,4/5/2017,First Class,TA-21385,Tom Ashbrook,Home Office,United States,New York City,New York,10035,East,OFF-AR-10001545,Office Supplies,Art,Newell 326,7.04,4,0.0,2.0416
9693,CA-2015-107902,8/28/2015,9/2/2015,Standard Class,SM-20950,Suzanne McNair,Corporate,United States,Fairfield,Connecticut,6824,East,OFF-ST-10001837,Office Supplies,Storage,"SAFCO Mobile Desk Side File, Wire Frame",470.36,11,0.0,122.2936
9696,US-2016-151260,12/11/2016,12/14/2016,First Class,SC-20695,Steve Chapman,Corporate,United States,Springfield,Ohio,45503,East,OFF-AP-10002892,Office Supplies,Appliances,Belkin F5C206VTEL 6 Outlet Surge,73.536,4,0.2,9.192
9698,CA-2016-122511,3/11/2016,3/11/2016,Same Day,BT-11485,Brad Thomas,Home Office,United States,Philadelphia,Pennsylvania,19140,East,FUR-FU-10001037,Furniture,Furnishings,"DAX Charcoal/Nickel-Tone Document Frame, 5 x 7",30.336,4,0.2,9.48
9703,CA-2017-147032,7/31/2017,8/4/2017,Standard Class,LB-16795,Laurel Beltran,Home Office,United States,Wilmington,Delaware,19805,East,OFF-PA-10003256,Office Supplies,Paper,Avery Personal Creations Heavyweight Cards,11.54,1,0.0,5.5392
9704,CA-2017-147032,7/31/2017,8/4/2017,Standard Class,LB-16795,Laurel Beltran,Home Office,United States,Wilmington,Delaware,19805,East,OFF-BI-10003656,Office Supplies,Binders,Fellowes PB200 Plastic Comb Binding Machine,849.95,5,0.0,390.977
9705,CA-2017-147032,7/31/2017,8/4/2017,Standard Class,LB-16795,Laurel Beltran,Home Office,United States,Wilmington,Delaware,19805,East,OFF-BI-10002897,Office Supplies,Binders,"Black Avery Memo-Size 3-Ring Binder, 5 1/2"" x 8 1/2""",11.01,3,0.0,5.3949
9711,CA-2014-114251,11/5/2014,11/10/2014,Standard Class,MD-17350,Maribeth Dona,Consumer,United States,Philadelphia,Pennsylvania,19143,East,FUR-FU-10001468,Furniture,Furnishings,Tenex Antistatic Computer Chair Mats,273.568,2,0.2,-34.196
9712,CA-2014-114251,11/5/2014,11/10/2014,Standard Class,MD-17350,Maribeth Dona,Consumer,United States,Philadelphia,Pennsylvania,19143,East,OFF-BI-10003684,Office Supplies,Binders,Wilson Jones Legal Size Ring Binders,13.194,2,0.7,-8.796
9713,CA-2014-114251,11/5/2014,11/10/2014,Standard Class,MD-17350,Maribeth Dona,Consumer,United States,Philadelphia,Pennsylvania,19143,East,OFF-ST-10003716,Office Supplies,Storage,Tennsco Double-Tier Lockers,1080.096,6,0.2,-94.5084
9714,CA-2014-114251,11/5/2014,11/10/2014,Standard Class,MD-17350,Maribeth Dona,Consumer,United States,Philadelphia,Pennsylvania,19143,East,TEC-AC-10001101,Technology,Accessories,Sony 16GB Class 10 Micro SDHC R40 Memory Card,51.56,5,0.2,-6.445
9715,CA-2014-114251,11/5/2014,11/10/2014,Standard Class,MD-17350,Maribeth Dona,Consumer,United States,Philadelphia,Pennsylvania,19143,East,TEC-AC-10004864,Technology,Accessories,Memorex Micro Travel Drive 32 GB,58.416,2,0.2,16.7946
9717,US-2016-144477,8/12/2016,8/14/2016,Second Class,DB-13270,Deborah Brumfield,Home Office,United States,Philadelphia,Pennsylvania,19134,East,OFF-AR-10000914,Office Supplies,Art,Boston 16765 Mini Stand Up Battery Pencil Sharpener,37.312,4,0.2,2.7984
9720,CA-2017-166835,11/12/2017,11/14/2017,Second Class,DK-13375,Dennis Kane,Consumer,United States,Lancaster,Pennsylvania,17602,East,OFF-ST-10002574,Office Supplies,Storage,"SAFCO Commercial Wire Shelving, Black",221.024,2,0.2,-55.256
9722,CA-2016-105781,2/16/2016,2/20/2016,Standard Class,JF-15565,Jill Fjeld,Consumer,United States,New York City,New York,10024,East,FUR-CH-10001802,Furniture,Chairs,Hon Every-Day Chair Series Swivel Task Chairs,326.646,3,0.1,39.9234
9723,CA-2016-105781,2/16/2016,2/20/2016,Standard Class,JF-15565,Jill Fjeld,Consumer,United States,New York City,New York,10024,East,TEC-AC-10003628,Technology,Accessories,Logitech 910-002974 M325 Wireless Mouse for Web Scrolling,89.97,3,0.0,39.5868
9724,CA-2014-101364,12/22/2014,12/26/2014,Standard Class,TW-21025,Tamara Willingham,Home Office,United States,New York City,New York,10011,East,OFF-BI-10003984,Office Supplies,Binders,Lock-Up Easel 'Spel-Binder',296.712,13,0.2,100.1403
9727,CA-2017-167395,12/2/2017,12/4/2017,First Class,KM-16720,Kunst Miller,Consumer,United States,Lowell,Massachusetts,1852,East,OFF-AP-10001293,Office Supplies,Appliances,Belkin 8 Outlet Surge Protector,286.86,7,0.0,80.3208
9728,CA-2017-167395,12/2/2017,12/4/2017,First Class,KM-16720,Kunst Miller,Consumer,United States,Lowell,Massachusetts,1852,East,TEC-PH-10004977,Technology,Phones,GE 30524EE4,979.95,5,0.0,284.1855
9729,CA-2017-167395,12/2/2017,12/4/2017,First Class,KM-16720,Kunst Miller,Consumer,United States,Lowell,Massachusetts,1852,East,OFF-SU-10001935,Office Supplies,Supplies,Staple remover,4.36,2,0.0,0.1744
9736,CA-2014-128062,11/19/2014,11/22/2014,Second Class,AD-10180,Alan Dominguez,Home Office,United States,Philadelphia,Pennsylvania,19134,East,OFF-PA-10001583,Office Supplies,Paper,"1/4 Fold Party Design Invitations & White Envelopes, 24 8-1/2"" X 11"" Cards, 25 Env./Pack",5.88,1,0.2,1.9845
9742,CA-2015-117086,11/8/2015,11/12/2015,Standard Class,QJ-19255,Quincy Jones,Corporate,United States,Burlington,Vermont,5408,East,FUR-BO-10004834,Furniture,Bookcases,"Riverside Palais Royal Lawyers Bookcase, Royale Cherry Finish",4404.9,5,0.0,1013.127
9744,CA-2016-137127,6/16/2016,6/22/2016,Standard Class,JJ-15445,Jennifer Jackson,Consumer,United States,Newark,Delaware,19711,East,OFF-LA-10001641,Office Supplies,Labels,Avery 518,9.45,3,0.0,4.536
9750,CA-2016-158358,3/4/2016,3/8/2016,Standard Class,EM-13810,Eleni McCrary,Corporate,United States,Dover,New Hampshire,3820,East,TEC-AC-10002567,Technology,Accessories,Logitech G602 Wireless Gaming Mouse,159.98,2,0.0,57.5928
9766,CA-2017-101959,2/28/2017,3/6/2017,Standard Class,DB-13660,Duane Benoit,Consumer,United States,Middletown,Connecticut,6457,East,OFF-BI-10001757,Office Supplies,Binders,Pressboard Hanging Data Binders for Unburst Sheets,9.84,2,0.0,4.7232
9767,CA-2017-101959,2/28/2017,3/6/2017,Standard Class,DB-13660,Duane Benoit,Consumer,United States,Middletown,Connecticut,6457,East,OFF-PA-10002137,Office Supplies,Paper,"Southworth 100% Résumé Paper, 24lb.",7.78,1,0.0,3.501
9773,CA-2016-104983,7/3/2016,7/3/2016,Same Day,FM-14215,Filia McAdams,Corporate,United States,Philadelphia,Pennsylvania,19143,East,OFF-PA-10000167,Office Supplies,Paper,Xerox 1925,123.92,5,0.2,38.725
9781,CA-2016-153178,9/14/2016,9/18/2016,Standard Class,CL-12565,Clay Ludtke,Consumer,United States,Long Beach,New York,11561,East,TEC-PH-10001944,Technology,Phones,Wi-Ex zBoost YX540 Cellular Phone Signal Booster,437.85,3,0.0,131.355
9782,CA-2016-153178,9/14/2016,9/18/2016,Standard Class,CL-12565,Clay Ludtke,Consumer,United States,Long Beach,New York,11561,East,OFF-BI-10004390,Office Supplies,Binders,GBC DocuBind 200 Manual Binding Machine,673.568,2,0.2,252.588
9783,CA-2015-149748,5/31/2015,6/2/2015,Second Class,EM-13825,Elizabeth Moffitt,Corporate,United States,Paterson,New Jersey,7501,East,OFF-PA-10002120,Office Supplies,Paper,Xerox 1889,274.8,5,0.0,134.652
9784,CA-2015-149748,5/31/2015,6/2/2015,Second Class,EM-13825,Elizabeth Moffitt,Corporate,United States,Paterson,New Jersey,7501,East,OFF-ST-10004340,Office Supplies,Storage,"Fellowes Mobile File Cart, Black",62.18,1,0.0,16.7886
9785,CA-2015-149748,5/31/2015,6/2/2015,Second Class,EM-13825,Elizabeth Moffitt,Corporate,United States,Paterson,New Jersey,7501,East,FUR-FU-10001847,Furniture,Furnishings,Eldon Image Series Black Desk Accessories,8.28,2,0.0,2.9808
9797,CA-2015-128608,1/12/2015,1/17/2015,Standard Class,CS-12490,Cindy Schnelling,Corporate,United States,Toledo,Ohio,43615,East,OFF-AR-10001374,Office Supplies,Art,"BIC Brite Liner Highlighters, Chisel Tip",10.368,2,0.2,1.5552
9798,CA-2015-128608,1/12/2015,1/17/2015,Standard Class,CS-12490,Cindy Schnelling,Corporate,United States,Toledo,Ohio,43615,East,TEC-PH-10004977,Technology,Phones,GE 30524EE4,235.188,2,0.4,-43.1178
9799,CA-2015-128608,1/12/2015,1/17/2015,Standard Class,CS-12490,Cindy Schnelling,Corporate,United States,Toledo,Ohio,43615,East,TEC-PH-10000912,Technology,Phones,Anker 24W Portable Micro USB Car Charger,26.376,4,0.4,2.6376
9800,CA-2015-128608,1/12/2015,1/17/2015,Standard Class,CS-12490,Cindy Schnelling,Corporate,United States,Toledo,Ohio,43615,East,TEC-AC-10000487,Technology,Accessories,SanDisk Cruzer 4 GB USB Flash Drive,10.384,2,0.2,2.2066
9801,CA-2015-128608,1/12/2015,1/17/2015,Standard Class,CS-12490,Cindy Schnelling,Corporate,United States,Toledo,Ohio,43615,East,TEC-PH-10002262,Technology,Phones,LG Electronics Tone+ HBS-730 Bluetooth Headset,107.118,3,0.4,-21.4236
9803,CA-2015-122973,7/18/2015,7/20/2015,Second Class,PJ-19015,Pauline Johnson,Consumer,United States,New York City,New York,10024,East,OFF-BI-10004182,Office Supplies,Binders,Economy Binders,3.328,2,0.2,1.2064
9804,CA-2015-122973,7/18/2015,7/20/2015,Second Class,PJ-19015,Pauline Johnson,Consumer,United States,New York City,New York,10024,East,TEC-PH-10002468,Technology,Phones,"Plantronics CS 50-USB - headset - Convertible, Monaural",135.99,1,0.0,36.7173
9805,CA-2015-122973,7/18/2015,7/20/2015,Second Class,PJ-19015,Pauline Johnson,Consumer,United States,New York City,New York,10024,East,FUR-FU-10002364,Furniture,Furnishings,"Eldon Expressions Wood Desk Accessories, Oak",7.38,1,0.0,2.1402
9812,CA-2016-117583,11/27/2016,11/30/2016,First Class,CB-12025,Cassandra Brandow,Consumer,United States,East Orange,New Jersey,7017,East,OFF-PA-10001246,Office Supplies,Paper,Xerox 215,25.92,4,0.0,12.4416
9813,CA-2016-117583,11/27/2016,11/30/2016,First Class,CB-12025,Cassandra Brandow,Consumer,United States,East Orange,New Jersey,7017,East,OFF-AR-10000658,Office Supplies,Art,Newell 324,34.65,3,0.0,9.702
9814,CA-2016-117583,11/27/2016,11/30/2016,First Class,CB-12025,Cassandra Brandow,Consumer,United States,East Orange,New Jersey,7017,East,OFF-PA-10000100,Office Supplies,Paper,Xerox 1945,204.95,5,0.0,100.4255
9815,CA-2016-117583,11/27/2016,11/30/2016,First Class,CB-12025,Cassandra Brandow,Consumer,United States,East Orange,New Jersey,7017,East,OFF-BI-10004233,Office Supplies,Binders,"GBC Pre-Punched Binding Paper, Plastic, White, 8-1/2"" x 11""",79.95,5,0.0,38.376
9828,CA-2017-169999,6/19/2017,6/26/2017,Standard Class,JS-15685,Jim Sink,Corporate,United States,New York City,New York,10035,East,OFF-ST-10001511,Office Supplies,Storage,Space Solutions Commercial Steel Shelving,129.3,2,0.0,6.465
9829,CA-2017-169999,6/19/2017,6/26/2017,Standard Class,JS-15685,Jim Sink,Corporate,United States,New York City,New York,10035,East,OFF-BI-10004728,Office Supplies,Binders,Wilson Jones Turn Tabs Binder Tool for Ring Binders,11.568,3,0.2,3.7596
9834,CA-2017-130302,9/14/2017,9/19/2017,Standard Class,CY-12745,Craig Yedwab,Corporate,United States,Springfield,Ohio,45503,East,TEC-AC-10002001,Technology,Accessories,Logitech Wireless Gaming Headset G930,895.944,7,0.2,190.3881
9851,CA-2016-158155,5/2/2016,5/6/2016,Standard Class,EH-13765,Edward Hooks,Corporate,United States,New York City,New York,10009,East,FUR-FU-10000732,Furniture,Furnishings,Eldon 200 Class Desk Accessories,12.56,2,0.0,4.0192
9852,CA-2016-158155,5/2/2016,5/6/2016,Standard Class,EH-13765,Edward Hooks,Corporate,United States,New York City,New York,10009,East,OFF-BI-10001670,Office Supplies,Binders,Vinyl Sectional Post Binders,90.48,3,0.2,33.93
9853,CA-2016-158155,5/2/2016,5/6/2016,Standard Class,EH-13765,Edward Hooks,Corporate,United States,New York City,New York,10009,East,OFF-PA-10000533,Office Supplies,Paper,Southworth Parchment Paper & Envelopes,13.08,2,0.0,6.0168
9854,CA-2016-158155,5/2/2016,5/6/2016,Standard Class,EH-13765,Edward Hooks,Corporate,United States,New York City,New York,10009,East,FUR-FU-10002253,Furniture,Furnishings,"Howard Miller 13"" Diameter Pewter Finish Round Wall Clock",214.7,5,0.0,83.733
9867,US-2015-116981,3/26/2015,3/28/2015,Second Class,SM-20950,Suzanne McNair,Corporate,United States,New York City,New York,10009,East,OFF-ST-10002615,Office Supplies,Storage,"Dual Level, Single-Width Filing Carts",1085.42,7,0.0,282.2092
9868,US-2015-116981,3/26/2015,3/28/2015,Second Class,SM-20950,Suzanne McNair,Corporate,United States,New York City,New York,10009,East,OFF-AP-10000595,Office Supplies,Appliances,Disposable Triple-Filter Dust Bags,13.11,3,0.0,3.4086
9869,CA-2014-114195,11/1/2014,11/3/2014,First Class,EA-14035,Erin Ashbrook,Corporate,United States,Mason,Ohio,45040,East,FUR-FU-10002253,Furniture,Furnishings,"Howard Miller 13"" Diameter Pewter Finish Round Wall Clock",68.704,2,0.2,16.3172
9870,CA-2014-114195,11/1/2014,11/3/2014,First Class,EA-14035,Erin Ashbrook,Corporate,United States,Mason,Ohio,45040,East,OFF-BI-10000494,Office Supplies,Binders,Acco Economy Flexible Poly Round Ring Binder,3.132,2,0.7,-2.61
9871,CA-2014-114195,11/1/2014,11/3/2014,First Class,EA-14035,Erin Ashbrook,Corporate,United States,Mason,Ohio,45040,East,OFF-BI-10001658,Office Supplies,Binders,GBC Standard Therm-A-Bind Covers,22.428,3,0.7,-17.9424
9874,CA-2016-100587,12/10/2016,12/14/2016,Standard Class,SL-20155,Sara Luxemburg,Home Office,United States,New York City,New York,10024,East,OFF-PA-10004609,Office Supplies,Paper,Xerox 221,6.48,1,0.0,3.1104
9875,CA-2016-166653,9/22/2016,9/24/2016,Second Class,NP-18685,Nora Pelletier,Home Office,United States,Parma,Ohio,44134,East,OFF-EN-10003055,Office Supplies,Envelopes,"Blue String-Tie & Button Interoffice Envelopes, 10 x 13",63.968,2,0.2,19.99
9876,CA-2015-130855,12/29/2015,1/5/2016,Standard Class,RF-19840,Roy Französisch,Consumer,United States,New York City,New York,10035,East,OFF-SU-10003936,Office Supplies,Supplies,Acme Serrated Blade Letter Opener,6.36,2,0.0,0.0636
9877,US-2017-166324,4/20/2017,4/21/2017,First Class,BE-11455,Brad Eason,Home Office,United States,Cleveland,Ohio,44105,East,OFF-ST-10000078,Office Supplies,Storage,Tennsco 6- and 18-Compartment Lockers,848.544,4,0.2,-21.2136
9878,US-2017-166324,4/20/2017,4/21/2017,First Class,BE-11455,Brad Eason,Home Office,United States,Cleveland,Ohio,44105,East,OFF-BI-10000174,Office Supplies,Binders,"Wilson Jones Clip & Carry Folder Binder Tool for Ring Binders, Clear",8.7,5,0.7,-6.38
9879,US-2017-166324,4/20/2017,4/21/2017,First Class,BE-11455,Brad Eason,Home Office,United States,Cleveland,Ohio,44105,East,TEC-PH-10004080,Technology,Phones,Avaya 5410 Digital phone,122.382,3,0.4,-24.4764
9880,CA-2016-122581,8/21/2016,8/25/2016,Standard Class,JK-15370,Jay Kimmel,Consumer,United States,New York City,New York,10035,East,FUR-CH-10002961,Furniture,Chairs,"Leather Task Chair, Black",573.174,7,0.1,63.686
9881,CA-2015-104297,5/29/2015,5/31/2015,First Class,CC-12100,Chad Cunningham,Home Office,United States,Cleveland,Ohio,44105,East,OFF-PA-10000474,Office Supplies,Paper,Easy-staple paper,85.056,3,0.2,28.7064
9888,CA-2017-169607,10/12/2017,10/15/2017,First Class,CA-12265,Christina Anderson,Consumer,United States,New York City,New York,10024,East,OFF-PA-10000477,Office Supplies,Paper,Xerox 1952,9.96,2,0.0,4.6812
9889,CA-2015-127544,8/8/2015,8/12/2015,Standard Class,RD-19585,Rob Dowd,Consumer,United States,Utica,New York,13501,East,TEC-AC-10000736,Technology,Accessories,Logitech G600 MMO Gaming Mouse,79.99,1,0.0,28.7964
9890,CA-2017-166499,3/19/2017,3/20/2017,First Class,VG-21805,Vivek Grady,Corporate,United States,Lakewood,New Jersey,8701,East,OFF-AR-10002467,Office Supplies,Art,Dixon Ticonderoga Pencils,8.94,3,0.0,2.4138
9898,CA-2016-112830,6/6/2016,6/10/2016,Standard Class,LP-17095,Liz Preis,Consumer,United States,Fairfield,Ohio,45014,East,FUR-FU-10004306,Furniture,Furnishings,Electrix Halogen Magnifier Lamp,466.32,3,0.2,34.974
9899,CA-2016-112830,6/6/2016,6/10/2016,Standard Class,LP-17095,Liz Preis,Consumer,United States,Fairfield,Ohio,45014,East,FUR-FU-10004845,Furniture,Furnishings,"Deflect-o EconoMat Nonstudded, No Bevel Mat",82.64,2,0.2,0.0
9900,US-2014-117380,3/28/2014,4/3/2014,Standard Class,MP-18175,Mike Pelletier,Home Office,United States,Springfield,Ohio,45503,East,FUR-TA-10000198,Furniture,Tables,Chromcraft Bull-Nose Wood Oval Conference Tables & Bases,330.588,1,0.4,-143.2548
9919,CA-2015-105508,9/24/2015,9/29/2015,Standard Class,JF-15190,Jamie Frazer,Consumer,United States,New York City,New York,10035,East,OFF-EN-10003055,Office Supplies,Envelopes,"Blue String-Tie & Button Interoffice Envelopes, 10 x 13",39.98,1,0.0,17.991
9922,CA-2014-111360,11/24/2014,11/30/2014,Standard Class,AT-10435,Alyssa Tate,Home Office,United States,Akron,Ohio,44312,East,OFF-BI-10003350,Office Supplies,Binders,Acco Expandable Hanging Binders,5.742,3,0.7,-4.5936
9924,CA-2015-159534,3/20/2015,3/23/2015,First Class,DH-13075,Dave Hallsten,Corporate,United States,New York City,New York,10035,East,OFF-BI-10003982,Office Supplies,Binders,Wilson Jones Century Plastic Molded Ring Binders,49.848,3,0.2,16.8237
9925,CA-2015-159534,3/20/2015,3/23/2015,First Class,DH-13075,Dave Hallsten,Corporate,United States,New York City,New York,10035,East,OFF-EN-10004386,Office Supplies,Envelopes,"Recycled Interoffice Envelopes with String and Button Closure, 10 x 13",23.99,1,0.0,11.995
9926,CA-2015-159534,3/20/2015,3/23/2015,First Class,DH-13075,Dave Hallsten,Corporate,United States,New York City,New York,10035,East,OFF-BI-10003656,Office Supplies,Binders,Fellowes PB200 Plastic Comb Binding Machine,1087.936,8,0.2,353.5792
9927,CA-2015-159534,3/20/2015,3/23/2015,First Class,DH-13075,Dave Hallsten,Corporate,United States,New York City,New York,10035,East,TEC-PH-10002310,Technology,Phones,Panasonic KX T7731-B Digital phone,199.98,2,0.0,53.9946
9928,CA-2015-159534,3/20/2015,3/23/2015,First Class,DH-13075,Dave Hallsten,Corporate,United States,New York City,New York,10035,East,OFF-ST-10001172,Office Supplies,Storage,"Tennsco Lockers, Sand",83.92,4,0.0,20.1408
9934,CA-2014-166555,7/11/2014,7/14/2014,First Class,JK-15205,Jamie Kunitz,Consumer,United States,Niagara Falls,New York,14304,East,TEC-PH-10004912,Technology,Phones,Cisco SPA112 2 Port Phone Adapter,164.85,3,0.0,47.8065
9935,CA-2016-114405,4/7/2016,4/12/2016,Standard Class,AS-10240,Alan Shonely,Consumer,United States,Philadelphia,Pennsylvania,19120,East,OFF-AP-10003278,Office Supplies,Appliances,Belkin 7-Outlet SurgeMaster Home Series,33.528,3,0.2,2.5146
9936,CA-2016-114405,4/7/2016,4/12/2016,Standard Class,AS-10240,Alan Shonely,Consumer,United States,Philadelphia,Pennsylvania,19120,East,OFF-ST-10001627,Office Supplies,Storage,Eldon Jumbo ProFile Portable File Boxes Graphite/Black,36.744,3,0.2,3.6744
9937,CA-2017-132955,6/24/2017,6/28/2017,Standard Class,SC-20575,Sonia Cooley,Consumer,United States,Cranston,Rhode Island,2920,East,OFF-BI-10002735,Office Supplies,Binders,GBC Prestige Therm-A-Bind Covers,102.93,3,0.0,48.3771
9939,CA-2016-169824,12/12/2016,12/17/2016,Standard Class,NS-18640,Noel Staavos,Corporate,United States,New York City,New York,10009,East,FUR-FU-10004864,Furniture,Furnishings,Eldon 500 Class Desk Accessories,60.35,5,0.0,19.9155
9940,CA-2016-169824,12/12/2016,12/17/2016,Standard Class,NS-18640,Noel Staavos,Corporate,United States,New York City,New York,10009,East,OFF-SU-10000952,Office Supplies,Supplies,Fiskars Home & Office Scissors,35.52,4,0.0,9.9456
9941,CA-2016-169824,12/12/2016,12/17/2016,Standard Class,NS-18640,Noel Staavos,Corporate,United States,New York City,New York,10009,East,OFF-AR-10000462,Office Supplies,Art,Sanford Pocket Accent Highlighters,11.2,7,0.0,4.816
9946,CA-2014-111157,3/2/2014,3/6/2014,Standard Class,NH-18610,Nicole Hansen,Corporate,United States,Philadelphia,Pennsylvania,19120,East,OFF-PA-10000327,Office Supplies,Paper,Xerox 1971,3.424,1,0.2,1.07
9947,CA-2014-111157,3/2/2014,3/6/2014,Standard Class,NH-18610,Nicole Hansen,Corporate,United States,Philadelphia,Pennsylvania,19120,East,TEC-AC-10004353,Technology,Accessories,Hypercom P1300 Pinpad,151.2,3,0.2,32.13
9957,US-2014-143287,11/11/2014,11/17/2014,Standard Class,KN-16705,Kristina Nunn,Home Office,United States,New Rochelle,New York,10801,East,OFF-PA-10001776,Office Supplies,Paper,"Wirebound Message Books, Four 2 3/4"" x 5"" Forms per Page, 600 Sets per Book",46.35,5,0.0,21.7845
9958,US-2014-143287,11/11/2014,11/17/2014,Standard Class,KN-16705,Kristina Nunn,Home Office,United States,New Rochelle,New York,10801,East,OFF-PA-10004039,Office Supplies,Paper,Xerox 1882,223.92,4,0.0,109.7208
9959,US-2014-143287,11/11/2014,11/17/2014,Standard Class,KN-16705,Kristina Nunn,Home Office,United States,New Rochelle,New York,10801,East,OFF-SU-10001574,Office Supplies,Supplies,Acme Value Line Scissors,7.3,2,0.0,2.19
9964,CA-2015-143700,7/26/2015,7/26/2015,Same Day,AS-10240,Alan Shonely,Consumer,United States,Philadelphia,Pennsylvania,19140,East,OFF-PA-10003072,Office Supplies,Paper,"Eureka Recycled Copy Paper 8 1/2"" x 11"", Ream",10.368,2,0.2,3.6288
9965,CA-2016-146374,12/5/2016,12/10/2016,Second Class,HE-14800,Harold Engle,Corporate,United States,Newark,Delaware,19711,East,FUR-FU-10002671,Furniture,Furnishings,Electrix 20W Halogen Replacement Bulb for Zoom-In Desk Lamp,13.4,1,0.0,6.432
9966,CA-2016-146374,12/5/2016,12/10/2016,Second Class,HE-14800,Harold Engle,Corporate,United States,Newark,Delaware,19711,East,OFF-PA-10000349,Office Supplies,Paper,Easy-staple paper,4.98,1,0.0,2.3406
9967,CA-2016-146374,12/5/2016,12/10/2016,Second Class,HE-14800,Harold Engle,Corporate,United States,Newark,Delaware,19711,East,OFF-EN-10004483,Office Supplies,Envelopes,"#10 White Business Envelopes,4 1/8 x 9 1/2",109.69,7,0.0,51.5543
9968,CA-2017-153871,12/11/2017,12/17/2017,Standard Class,RB-19435,Richard Bierner,Consumer,United States,Plainfield,New Jersey,7060,East,OFF-BI-10004209,Office Supplies,Binders,"Fellowes Twister Kit, Gray/Clear, 3/pkg",40.2,5,0.0,18.09
9969,CA-2017-153871,12/11/2017,12/17/2017,Standard Class,RB-19435,Richard Bierner,Consumer,United States,Plainfield,New Jersey,7060,East,OFF-BI-10004600,Office Supplies,Binders,Ibico Ibimaster 300 Manual Binding System,735.98,2,0.0,331.191
9970,CA-2017-153871,12/11/2017,12/17/2017,Standard Class,RB-19435,Richard Bierner,Consumer,United States,Plainfield,New Jersey,7060,East,OFF-AP-10003622,Office Supplies,Appliances,"Bravo II Megaboss 12-Amp Hard Body Upright, Replacement Belts, 2 Belts per Pack",22.75,7,0.0,6.5975
9982,CA-2017-163566,8/3/2017,8/6/2017,First Class,TB-21055,Ted Butterfield,Consumer,United States,Fairfield,Ohio,45014,East,OFF-LA-10004484,Office Supplies,Labels,Avery 476,16.52,5,0.2,5.369
9985,CA-2015-100251,5/17/2015,5/23/2015,Standard Class,DV-13465,Dianna Vittorini,Consumer,United States,Long Beach,New York,11561,East,OFF-LA-10003766,Office Supplies,Labels,Self-Adhesive Removable Labels,31.5,10,0.0,15.12
9986,CA-2015-100251,5/17/2015,5/23/2015,Standard Class,DV-13465,Dianna Vittorini,Consumer,United States,Long Beach,New York,11561,East,OFF-SU-10000898,Office Supplies,Supplies,"Acme Hot Forged Carbon Steel Scissors with Nickel-Plated Handles, 3 7/8"" Cut, 8""L",55.6,4,0.0,16.124
